solid Swift box
facet normal 0.0 1.0 0.0
  outer loop
    vertex -25.691079925083088 911.0259755943597 -9.992007221626409e-14
    vertex 154.30892007491693 911.0259755943597 9.0
    vertex 154.30892007491693 911.0259755943597 0.0
  endloop
endfacet
facet normal 0.0 1.0 0.0
  outer loop
    vertex 154.30892007491693 911.0259755943597 9.0
    vertex -25.691079925083088 911.0259755943597 -9.992007221626409e-14
    vertex -25.691079925083088 911.0259755943597 8.9999999999999
  endloop
endfacet
facet normal 1.0 -1.461700665586891e-17 5.551115123125783e-16
  outer loop
    vertex 154.30892007491693 911.0259755943597 9.0
    vertex 154.30892007491693 513.0259755943598 0.0
    vertex 154.30892007491693 911.0259755943597 0.0
  endloop
endfacet
facet normal 1.0 -1.461700665586891e-17 5.551115123125783e-16
  outer loop
    vertex 154.30892007491693 513.0259755943598 0.0
    vertex 154.30892007491693 911.0259755943597 9.0
    vertex 154.30892007491693 513.0259755943598 9.0
  endloop
endfacet
facet normal -1.0 0.0 -5.551115123125783e-16
  outer loop
    vertex -25.691079925083088 513.0259755943598 8.9999999999999
    vertex -25.691079925083088 911.0259755943597 -9.992007221626409e-14
    vertex -25.691079925083088 513.0259755943598 -9.992007221626409e-14
  endloop
endfacet
facet normal -1.0 0.0 -5.551115123125783e-16
  outer loop
    vertex -25.691079925083088 911.0259755943597 -9.992007221626409e-14
    vertex -25.691079925083088 513.0259755943598 8.9999999999999
    vertex -25.691079925083088 911.0259755943597 8.9999999999999
  endloop
endfacet
facet normal -0.0 -1.0 0.0
  outer loop
    vertex -25.691079925083088 513.0259755943598 8.9999999999999
    vertex 154.30892007491693 513.0259755943598 0.0
    vertex 154.30892007491693 513.0259755943598 9.0
  endloop
endfacet
facet normal -0.0 -1.0 0.0
  outer loop
    vertex 154.30892007491693 513.0259755943598 0.0
    vertex -25.691079925083088 513.0259755943598 8.9999999999999
    vertex -25.691079925083088 513.0259755943598 -9.992007221626409e-14
  endloop
endfacet
facet normal -1.0 0.0 -5.551115123125783e-16
  outer loop
    vertex 124.30892007491691 882.0259755943597 8.999999999999984
    vertex 124.30892007491693 891.0259755943596 4.999999999999984
    vertex 124.30892007491693 882.0259755943597 4.999999999999984
  endloop
endfacet
facet normal -1.0 0.0 -5.551115123125783e-16
  outer loop
    vertex 124.30892007491693 891.0259755943596 4.999999999999984
    vertex 124.30892007491691 882.0259755943597 8.999999999999984
    vertex 124.30892007491691 891.0259755943596 8.999999999999984
  endloop
endfacet
facet normal 1.0 0.0 5.551115123125783e-16
  outer loop
    vertex 14.30892007491693 891.0259755943598 8.999999999999924
    vertex 14.30892007491693 882.0259755943598 4.999999999999927
    vertex 14.30892007491693 891.0259755943598 4.999999999999927
  endloop
endfacet
facet normal 1.0 0.0 5.551115123125783e-16
  outer loop
    vertex 14.30892007491693 882.0259755943598 4.999999999999927
    vertex 14.30892007491693 891.0259755943598 8.999999999999924
    vertex 14.30892007491693 882.0259755943598 8.999999999999924
  endloop
endfacet
facet normal -5.483268160509797e-16 3.3025594453884673e-47 1.0
  outer loop
    vertex 146.30892007491693 842.0259755943597 5.000000000000001
    vertex 137.3089200749169 582.0259755943598 4.999999999999996
    vertex 146.30892007491693 582.0259755943598 5.000000000000001
  endloop
endfacet
facet normal -5.483268160509797e-16 3.3025594453884673e-47 1.0
  outer loop
    vertex 137.3089200749169 582.0259755943598 4.999999999999996
    vertex 146.30892007491693 842.0259755943597 5.000000000000001
    vertex 137.3089200749169 842.0259755943597 4.999999999999996
  endloop
endfacet
facet normal 0.0 1.0 0.0
  outer loop
    vertex 137.3089200749169 582.0259755943598 4.999999999999996
    vertex 146.30892007491693 582.0259755943598 8.999999999999996
    vertex 146.30892007491693 582.0259755943598 5.000000000000001
  endloop
endfacet
facet normal 0.0 1.0 0.0
  outer loop
    vertex 146.30892007491693 582.0259755943598 8.999999999999996
    vertex 137.3089200749169 582.0259755943598 4.999999999999996
    vertex 137.3089200749169 582.0259755943598 8.999999999999991
  endloop
endfacet
facet normal -1.0 0.0 0.0
  outer loop
    vertex 146.30892007491693 582.0259755943598 8.999999999999996
    vertex 146.30892007491693 842.0259755943597 5.000000000000001
    vertex 146.30892007491693 582.0259755943598 5.000000000000001
  endloop
endfacet
facet normal -1.0 0.0 0.0
  outer loop
    vertex 146.30892007491693 842.0259755943597 5.000000000000001
    vertex 146.30892007491693 582.0259755943598 8.999999999999996
    vertex 146.30892007491693 842.0259755943597 8.999999999999996
  endloop
endfacet
facet normal -0.0 -1.0 0.0
  outer loop
    vertex 137.3089200749169 842.0259755943597 8.999999999999991
    vertex 146.30892007491693 842.0259755943597 5.000000000000001
    vertex 146.30892007491693 842.0259755943597 8.999999999999996
  endloop
endfacet
facet normal -0.0 -1.0 0.0
  outer loop
    vertex 146.30892007491693 842.0259755943597 5.000000000000001
    vertex 137.3089200749169 842.0259755943597 8.999999999999991
    vertex 137.3089200749169 842.0259755943597 4.999999999999996
  endloop
endfacet
facet normal 1.0 0.0 0.0
  outer loop
    vertex 137.3089200749169 842.0259755943597 8.999999999999991
    vertex 137.3089200749169 582.0259755943598 4.999999999999996
    vertex 137.3089200749169 842.0259755943597 4.999999999999996
  endloop
endfacet
facet normal 1.0 0.0 0.0
  outer loop
    vertex 137.3089200749169 582.0259755943598 4.999999999999996
    vertex 137.3089200749169 842.0259755943597 8.999999999999991
    vertex 137.3089200749169 582.0259755943598 8.999999999999991
  endloop
endfacet
facet normal -5.102484091811344e-16 -5.122973167885625e-32 1.0
  outer loop
    vertex 124.30892007491693 542.0259755943597 4.999999999999984
    vertex 14.30892007491693 533.0259755943598 4.999999999999928
    vertex 124.30892007491691 533.0259755943597 4.999999999999984
  endloop
endfacet
facet normal -5.102484091811344e-16 -5.122973167885625e-32 1.0
  outer loop
    vertex 14.30892007491693 533.0259755943598 4.999999999999928
    vertex 124.30892007491693 542.0259755943597 4.999999999999984
    vertex 14.30892007491693 542.0259755943597 4.999999999999928
  endloop
endfacet
facet normal -0.0 -1.0 0.0
  outer loop
    vertex 124.30892007491691 542.0259755943597 8.999999999999984
    vertex 14.30892007491693 542.0259755943597 4.999999999999928
    vertex 124.30892007491693 542.0259755943597 4.999999999999984
  endloop
endfacet
facet normal -0.0 -1.0 0.0
  outer loop
    vertex 14.30892007491693 542.0259755943597 4.999999999999928
    vertex 124.30892007491691 542.0259755943597 8.999999999999984
    vertex 14.30892007491693 542.0259755943597 8.999999999999924
  endloop
endfacet
facet normal 1.0 0.0 5.551115123125783e-16
  outer loop
    vertex 14.30892007491693 542.0259755943597 8.999999999999924
    vertex 14.30892007491693 533.0259755943598 4.999999999999928
    vertex 14.30892007491693 542.0259755943597 4.999999999999928
  endloop
endfacet
facet normal 1.0 0.0 5.551115123125783e-16
  outer loop
    vertex 14.30892007491693 533.0259755943598 4.999999999999928
    vertex 14.30892007491693 542.0259755943597 8.999999999999924
    vertex 14.30892007491693 533.0259755943598 8.999999999999924
  endloop
endfacet
facet normal 8.203538858321158e-16 1.0 1.0771061978245353e-30
  outer loop
    vertex 14.30892007491693 533.0259755943598 4.999999999999928
    vertex 124.30892007491691 533.0259755943597 8.999999999999984
    vertex 124.30892007491691 533.0259755943597 4.999999999999984
  endloop
endfacet
facet normal 8.203538858321158e-16 1.0 1.0771061978245353e-30
  outer loop
    vertex 124.30892007491691 533.0259755943597 8.999999999999984
    vertex 14.30892007491693 533.0259755943598 4.999999999999928
    vertex 14.30892007491693 533.0259755943598 8.999999999999924
  endloop
endfacet
facet normal -1.0 6.266592183439766e-16 -5.551115123125783e-16
  outer loop
    vertex 124.30892007491691 533.0259755943597 8.999999999999984
    vertex 124.30892007491693 542.0259755943597 4.999999999999984
    vertex 124.30892007491691 533.0259755943597 4.999999999999984
  endloop
endfacet
facet normal -1.0 6.266592183439766e-16 -5.551115123125783e-16
  outer loop
    vertex 124.30892007491693 542.0259755943597 4.999999999999984
    vertex 124.30892007491691 533.0259755943597 8.999999999999984
    vertex 124.30892007491691 542.0259755943597 8.999999999999984
  endloop
endfacet
facet normal -0.13052619221998707 0.991444861373819 1.2364160296046044e-15
  outer loop
    vertex 134.82655816512187 535.5941239417816 -1.36348498657152e-14
    vertex 134.3089200749169 535.5259755943598 8.99999999999998
    vertex 134.82655816512192 535.5941239417816 8.99999999999998
  endloop
endfacet
facet normal -0.13052619221998707 0.991444861373819 1.2364160296046044e-15
  outer loop
    vertex 134.3089200749169 535.5259755943598 8.99999999999998
    vertex 134.82655816512187 535.5941239417816 -1.36348498657152e-14
    vertex 134.3089200749168 535.5259755943598 -1.3922196728799517e-14
  endloop
endfacet
facet normal -0.38268343236515967 0.9238795325112579 3.624988379672812e-15
  outer loop
    vertex 135.3089200749168 535.7939247867909 -1.336708521648694e-14
    vertex 134.82655816512192 535.5941239417816 8.99999999999998
    vertex 135.3089200749169 535.7939247867909 8.999999999999986
  endloop
endfacet
facet normal -0.38268343236515967 0.9238795325112579 3.624988379672812e-15
  outer loop
    vertex 134.82655816512192 535.5941239417816 8.99999999999998
    vertex 135.3089200749168 535.7939247867909 -1.336708521648694e-14
    vertex 134.82655816512187 535.5941239417816 -1.36348498657152e-14
  endloop
endfacet
facet normal -0.6087614290086992 0.7933533402912517 5.7662999166652166e-15
  outer loop
    vertex 135.72313363728992 536.1117620319867 -1.4547133740731577e-14
    vertex 135.3089200749169 535.7939247867909 8.999999999999986
    vertex 135.72313363728998 536.1117620319867 8.999999999999991
  endloop
endfacet
facet normal -0.6087614290086992 0.7933533402912517 5.7662999166652166e-15
  outer loop
    vertex 135.3089200749169 535.7939247867909 8.999999999999986
    vertex 135.72313363728992 536.1117620319867 -1.4547133740731577e-14
    vertex 135.3089200749168 535.7939247867909 -1.336708521648694e-14
  endloop
endfacet
facet normal -0.7933533402912838 0.6087614290086573 7.513580984442999e-15
  outer loop
    vertex 135.72313363728998 536.1117620319867 8.999999999999991
    vertex 136.04097088248568 536.5259755943598 -1.437069862688169e-14
    vertex 135.72313363728992 536.1117620319867 -1.4547133740731577e-14
  endloop
endfacet
facet normal -0.7933533402912838 0.6087614290086573 7.513580984442999e-15
  outer loop
    vertex 136.04097088248568 536.5259755943598 -1.437069862688169e-14
    vertex 135.72313363728998 536.1117620319867 8.999999999999991
    vertex 136.04097088248577 536.5259755943598 8.999999999999982
  endloop
endfacet
facet normal -0.9238795325112545 0.38268343236516766 8.751496109649065e-15
  outer loop
    vertex 136.04097088248577 536.5259755943598 8.999999999999982
    vertex 136.24077172749497 537.0083375041547 -1.4259786877647258e-14
    vertex 136.04097088248568 536.5259755943598 -1.437069862688169e-14
  endloop
endfacet
facet normal -0.9238795325112545 0.38268343236516766 8.751496109649065e-15
  outer loop
    vertex 136.24077172749497 537.0083375041547 -1.4259786877647258e-14
    vertex 136.04097088248577 536.5259755943598 8.999999999999982
    vertex 136.24077172749503 537.0083375041547 8.999999999999982
  endloop
endfacet
facet normal -0.991444861373814 0.13052619222002393 9.39065596945377e-15
  outer loop
    vertex 136.24077172749503 537.0083375041547 8.999999999999982
    vertex 136.3089200749168 537.5259755943598 -1.422195694544831e-14
    vertex 136.24077172749497 537.0083375041547 -1.4259786877647258e-14
  endloop
endfacet
facet normal -0.991444861373814 0.13052619222002393 9.39065596945377e-15
  outer loop
    vertex 136.3089200749168 537.5259755943598 -1.422195694544831e-14
    vertex 136.24077172749503 537.0083375041547 8.999999999999982
    vertex 136.3089200749169 537.5259755943598 8.999999999999982
  endloop
endfacet
facet normal -0.9914448613738086 -0.1305261922200664 9.390227883224032e-15
  outer loop
    vertex 136.3089200749169 537.5259755943598 8.999999999999982
    vertex 136.24077172749494 538.0436136845648 -1.425978687764727e-14
    vertex 136.3089200749168 537.5259755943598 -1.422195694544831e-14
  endloop
endfacet
facet normal -0.9914448613738086 -0.1305261922200664 9.390227883224032e-15
  outer loop
    vertex 136.24077172749494 538.0436136845648 -1.425978687764727e-14
    vertex 136.3089200749169 537.5259755943598 8.999999999999982
    vertex 136.240771727495 538.0436136845648 8.999999999999982
  endloop
endfacet
facet normal -0.9238795325112946 -0.3826834323650706 8.749900458207118e-15
  outer loop
    vertex 136.240771727495 538.0436136845648 8.999999999999982
    vertex 136.04097088248568 538.5259755943598 -1.437069862688169e-14
    vertex 136.24077172749494 538.0436136845648 -1.425978687764727e-14
  endloop
endfacet
facet normal -0.9238795325112946 -0.3826834323650706 8.749900458207118e-15
  outer loop
    vertex 136.04097088248568 538.5259755943598 -1.437069862688169e-14
    vertex 136.240771727495 538.0436136845648 8.999999999999982
    vertex 136.04097088248577 538.5259755943598 8.999999999999982
  endloop
endfacet
facet normal -0.7933533402912197 -0.6087614290087408 7.512529579991871e-15
  outer loop
    vertex 136.04097088248577 538.5259755943598 8.999999999999982
    vertex 135.72313363728992 538.9401891567328 -1.4547133740731577e-14
    vertex 136.04097088248568 538.5259755943598 -1.437069862688169e-14
  endloop
endfacet
facet normal -0.7933533402912197 -0.6087614290087408 7.512529579991871e-15
  outer loop
    vertex 135.72313363728992 538.9401891567328 -1.4547133740731577e-14
    vertex 136.04097088248577 538.5259755943598 8.999999999999982
    vertex 135.72313363728998 538.9401891567328 8.999999999999991
  endloop
endfacet
facet normal -0.6087614290086992 -0.7933533402912517 5.7662999166652166e-15
  outer loop
    vertex 135.3089200749169 539.2580264019286 8.999999999999986
    vertex 135.72313363728992 538.9401891567328 -1.4547133740731577e-14
    vertex 135.72313363728998 538.9401891567328 8.999999999999991
  endloop
endfacet
facet normal -0.6087614290086992 -0.7933533402912517 5.7662999166652166e-15
  outer loop
    vertex 135.72313363728992 538.9401891567328 -1.4547133740731577e-14
    vertex 135.3089200749169 539.2580264019286 8.999999999999986
    vertex 135.3089200749168 539.2580264019286 -1.336708521648694e-14
  endloop
endfacet
facet normal -0.38268343236515967 -0.9238795325112579 3.624988379672812e-15
  outer loop
    vertex 134.82655816512192 539.4578272469379 8.99999999999998
    vertex 135.3089200749168 539.2580264019286 -1.336708521648694e-14
    vertex 135.3089200749169 539.2580264019286 8.999999999999986
  endloop
endfacet
facet normal -0.38268343236515967 -0.9238795325112579 3.624988379672812e-15
  outer loop
    vertex 135.3089200749168 539.2580264019286 -1.336708521648694e-14
    vertex 134.82655816512192 539.4578272469379 8.99999999999998
    vertex 134.82655816512187 539.4578272469379 -1.36348498657152e-14
  endloop
endfacet
facet normal -0.13052619221998707 -0.991444861373819 1.2364160296046042e-15
  outer loop
    vertex 134.3089200749169 539.5259755943597 8.99999999999998
    vertex 134.82655816512187 539.4578272469379 -1.36348498657152e-14
    vertex 134.82655816512192 539.4578272469379 8.99999999999998
  endloop
endfacet
facet normal -0.13052619221998707 -0.991444861373819 1.2364160296046042e-15
  outer loop
    vertex 134.82655816512187 539.4578272469379 -1.36348498657152e-14
    vertex 134.3089200749169 539.5259755943597 8.99999999999998
    vertex 134.3089200749168 539.5259755943597 -1.3922196728799517e-14
  endloop
endfacet
facet normal 0.13052619221998707 -0.991444861373819 -1.2364160296046042e-15
  outer loop
    vertex 133.79128198471184 539.4578272469379 8.99999999999998
    vertex 134.3089200749168 539.5259755943597 -1.3922196728799517e-14
    vertex 134.3089200749169 539.5259755943597 8.99999999999998
  endloop
endfacet
facet normal 0.13052619221998707 -0.991444861373819 -1.2364160296046042e-15
  outer loop
    vertex 134.3089200749168 539.5259755943597 -1.3922196728799517e-14
    vertex 133.79128198471184 539.4578272469379 8.99999999999998
    vertex 133.7912819847118 539.4578272469379 -1.4209543591883835e-14
  endloop
endfacet
facet normal 0.3826834323651596 -0.9238795325112578 -3.624761580759796e-15
  outer loop
    vertex 133.3089200749169 539.2580264019286 8.99999999999999
    vertex 133.7912819847118 539.4578272469379 -1.4209543591883835e-14
    vertex 133.79128198471184 539.4578272469379 8.99999999999998
  endloop
endfacet
facet normal 0.3826834323651596 -0.9238795325112578 -3.624761580759796e-15
  outer loop
    vertex 133.7912819847118 539.4578272469379 -1.4209543591883835e-14
    vertex 133.3089200749169 539.2580264019286 8.99999999999999
    vertex 133.3089200749168 539.2580264019286 -1.4477308241112096e-14
  endloop
endfacet
facet normal 0.6087614290086992 -0.7933533402912516 -5.764834732777202e-15
  outer loop
    vertex 132.8947065125438 538.9401891567328 8.999999999999988
    vertex 133.3089200749168 539.2580264019286 -1.4477308241112096e-14
    vertex 133.3089200749169 539.2580264019286 8.99999999999999
  endloop
endfacet
facet normal 0.6087614290086992 -0.7933533402912516 -5.764834732777202e-15
  outer loop
    vertex 133.3089200749168 539.2580264019286 -1.4477308241112096e-14
    vertex 132.8947065125438 538.9401891567328 8.999999999999988
    vertex 132.89470651254373 538.9401891567328 -1.4707242958141408e-14
  endloop
endfacet
facet normal 0.7933533402912838 -0.6087614290086573 -7.51256349170608e-15
  outer loop
    vertex 132.8947065125438 538.9401891567328 8.999999999999988
    vertex 132.57686926734794 538.5259755943597 -1.3473694830717345e-14
    vertex 132.89470651254373 538.9401891567328 -1.4707242958141408e-14
  endloop
endfacet
facet normal 0.7933533402912838 -0.6087614290086573 -7.51256349170608e-15
  outer loop
    vertex 132.57686926734794 538.5259755943597 -1.3473694830717345e-14
    vertex 132.8947065125438 538.9401891567328 8.999999999999988
    vertex 132.57686926734803 538.5259755943597 8.999999999999979
  endloop
endfacet
facet normal 0.9238795325112541 -0.38268343236516866 -8.751496109649068e-15
  outer loop
    vertex 132.57686926734803 538.5259755943597 8.999999999999979
    vertex 132.37706842233868 538.0436136845648 -1.3584606579951776e-14
    vertex 132.57686926734794 538.5259755943597 -1.3473694830717345e-14
  endloop
endfacet
facet normal 0.9238795325112541 -0.38268343236516866 -8.751496109649068e-15
  outer loop
    vertex 132.37706842233868 538.0436136845648 -1.3584606579951776e-14
    vertex 132.57686926734803 538.5259755943597 8.999999999999979
    vertex 132.37706842233874 538.0436136845648 8.999999999999979
  endloop
endfacet
facet normal 0.991444861373814 -0.13052619222002393 -9.390655969453779e-15
  outer loop
    vertex 132.37706842233874 538.0436136845648 8.999999999999979
    vertex 132.3089200749168 537.5259755943598 -1.3622436512150723e-14
    vertex 132.37706842233868 538.0436136845648 -1.3584606579951776e-14
  endloop
endfacet
facet normal 0.991444861373814 -0.13052619222002393 -9.390655969453779e-15
  outer loop
    vertex 132.3089200749168 537.5259755943598 -1.3622436512150723e-14
    vertex 132.37706842233874 538.0436136845648 8.999999999999979
    vertex 132.3089200749169 537.5259755943598 8.999999999999979
  endloop
endfacet
facet normal 0.991444861373814 0.13052619222002393 -9.390655969453779e-15
  outer loop
    vertex 132.3089200749169 537.5259755943598 8.999999999999979
    vertex 132.37706842233868 537.0083375041547 -1.3584606579951776e-14
    vertex 132.3089200749168 537.5259755943598 -1.3622436512150723e-14
  endloop
endfacet
facet normal 0.991444861373814 0.13052619222002393 -9.390655969453779e-15
  outer loop
    vertex 132.37706842233868 537.0083375041547 -1.3584606579951776e-14
    vertex 132.3089200749169 537.5259755943598 8.999999999999979
    vertex 132.37706842233874 537.0083375041547 8.999999999999979
  endloop
endfacet
facet normal 0.9238795325112799 0.3826834323651066 -8.751496109649313e-15
  outer loop
    vertex 132.37706842233874 537.0083375041547 8.999999999999979
    vertex 132.57686926734794 536.5259755943597 -1.3473694830717345e-14
    vertex 132.37706842233868 537.0083375041547 -1.3584606579951776e-14
  endloop
endfacet
facet normal 0.9238795325112799 0.3826834323651066 -8.751496109649313e-15
  outer loop
    vertex 132.57686926734794 536.5259755943597 -1.3473694830717345e-14
    vertex 132.37706842233874 537.0083375041547 8.999999999999979
    vertex 132.57686926734803 536.5259755943597 8.999999999999979
  endloop
endfacet
facet normal 0.7933533402912198 0.6087614290087409 -7.513614896155998e-15
  outer loop
    vertex 132.57686926734794 536.5259755943597 -1.3473694830717345e-14
    vertex 132.8947065125438 536.1117620319867 8.999999999999988
    vertex 132.89470651254373 536.1117620319867 -1.4707242958141408e-14
  endloop
endfacet
facet normal 0.7933533402912198 0.6087614290087409 -7.513614896155998e-15
  outer loop
    vertex 132.8947065125438 536.1117620319867 8.999999999999988
    vertex 132.57686926734794 536.5259755943597 -1.3473694830717345e-14
    vertex 132.57686926734803 536.5259755943597 8.999999999999979
  endloop
endfacet
facet normal 0.6087614290086992 0.7933533402912516 -5.764834732777202e-15
  outer loop
    vertex 133.3089200749168 535.7939247867909 -1.4477308241112096e-14
    vertex 132.8947065125438 536.1117620319867 8.999999999999988
    vertex 133.3089200749169 535.7939247867909 8.99999999999999
  endloop
endfacet
facet normal 0.6087614290086992 0.7933533402912516 -5.764834732777202e-15
  outer loop
    vertex 132.8947065125438 536.1117620319867 8.999999999999988
    vertex 133.3089200749168 535.7939247867909 -1.4477308241112096e-14
    vertex 132.89470651254373 536.1117620319867 -1.4707242958141408e-14
  endloop
endfacet
facet normal 0.3826834323651596 0.9238795325112578 -3.624761580759796e-15
  outer loop
    vertex 133.7912819847118 535.5941239417816 -1.4209543591883835e-14
    vertex 133.3089200749169 535.7939247867909 8.99999999999999
    vertex 133.79128198471184 535.5941239417816 8.99999999999998
  endloop
endfacet
facet normal 0.3826834323651596 0.9238795325112578 -3.624761580759796e-15
  outer loop
    vertex 133.3089200749169 535.7939247867909 8.99999999999999
    vertex 133.7912819847118 535.5941239417816 -1.4209543591883835e-14
    vertex 133.3089200749168 535.7939247867909 -1.4477308241112096e-14
  endloop
endfacet
facet normal 0.13052619221998707 0.991444861373819 -1.2364160296046044e-15
  outer loop
    vertex 134.3089200749168 535.5259755943598 -1.3922196728799517e-14
    vertex 133.79128198471184 535.5941239417816 8.99999999999998
    vertex 134.3089200749169 535.5259755943598 8.99999999999998
  endloop
endfacet
facet normal 0.13052619221998707 0.991444861373819 -1.2364160296046044e-15
  outer loop
    vertex 133.79128198471184 535.5941239417816 8.99999999999998
    vertex 134.3089200749168 535.5259755943598 -1.3922196728799517e-14
    vertex 133.7912819847118 535.5941239417816 -1.4209543591883835e-14
  endloop
endfacet
facet normal -0.991444861373814 0.13052619222002393 -5.505764994865969e-16
  outer loop
    vertex 6.240771727495069 537.0083375041547 8.999999999999918
    vertex 6.308920074916921 537.5259755943598 -8.638645354608343e-14
    vertex 6.240771727495069 537.0083375041547 -8.642428347828237e-14
  endloop
endfacet
facet normal -0.991444861373814 0.13052619222002393 -5.505764994865969e-16
  outer loop
    vertex 6.308920074916921 537.5259755943598 -8.638645354608343e-14
    vertex 6.240771727495069 537.0083375041547 8.999999999999918
    vertex 6.308920074916921 537.5259755943598 8.999999999999918
  endloop
endfacet
facet normal -0.991444861373814 -0.13052619222002393 -5.505764994865969e-16
  outer loop
    vertex 6.308920074916921 537.5259755943598 8.999999999999918
    vertex 6.240771727495069 538.0436136845648 -8.642428347828237e-14
    vertex 6.308920074916921 537.5259755943598 -8.638645354608343e-14
  endloop
endfacet
facet normal -0.991444861373814 -0.13052619222002393 -5.505764994865969e-16
  outer loop
    vertex 6.240771727495069 538.0436136845648 -8.642428347828237e-14
    vertex 6.308920074916921 537.5259755943598 8.999999999999918
    vertex 6.240771727495069 538.0436136845648 8.999999999999918
  endloop
endfacet
facet normal -0.9238795325112871 -0.38268343236508906 -1.67016108752392e-15
  outer loop
    vertex 6.240771727495069 538.0436136845648 8.999999999999918
    vertex 6.040970882485815 538.5259755943598 -8.65351952275168e-14
    vertex 6.240771727495069 538.0436136845648 -8.642428347828237e-14
  endloop
endfacet
facet normal -0.9238795325112871 -0.38268343236508906 -1.67016108752392e-15
  outer loop
    vertex 6.040970882485815 538.5259755943598 -8.65351952275168e-14
    vertex 6.240771727495069 538.0436136845648 8.999999999999918
    vertex 6.040970882485792 538.5259755943598 8.999999999999927
  endloop
endfacet
facet normal -0.7933533402912093 -0.6087614290087544 -1.4351770833379445e-15
  outer loop
    vertex 6.040970882485792 538.5259755943598 8.999999999999927
    vertex 5.723133637290023 538.9401891567328 -8.67116303413667e-14
    vertex 6.040970882485815 538.5259755943598 -8.65351952275168e-14
  endloop
endfacet
facet normal -0.7933533402912093 -0.6087614290087544 -1.4351770833379445e-15
  outer loop
    vertex 5.723133637290023 538.9401891567328 -8.67116303413667e-14
    vertex 6.040970882485792 538.5259755943598 8.999999999999927
    vertex 5.723133637290023 538.9401891567328 8.999999999999927
  endloop
endfacet
facet normal -0.608761429008699 -0.7933533402912517 -3.3764557670166757e-16
  outer loop
    vertex 5.308920074916923 539.2580264019286 8.999999999999917
    vertex 5.723133637290023 538.9401891567328 -8.67116303413667e-14
    vertex 5.723133637290023 538.9401891567328 8.999999999999927
  endloop
endfacet
facet normal -0.608761429008699 -0.7933533402912517 -3.3764557670166757e-16
  outer loop
    vertex 5.723133637290023 538.9401891567328 -8.67116303413667e-14
    vertex 5.308920074916923 539.2580264019286 8.999999999999917
    vertex 5.308920074916923 539.2580264019286 -8.694156505839601e-14
  endloop
endfacet
facet normal -0.38268343236515967 -0.9238795325112579 -2.1243197887719198e-16
  outer loop
    vertex 4.826558165121971 539.4578272469379 8.999999999999917
    vertex 5.308920074916923 539.2580264019286 -8.694156505839601e-14
    vertex 5.308920074916923 539.2580264019286 8.999999999999917
  endloop
endfacet
facet normal -0.38268343236515967 -0.9238795325112579 -2.1243197887719198e-16
  outer loop
    vertex 5.308920074916923 539.2580264019286 -8.694156505839601e-14
    vertex 4.826558165121971 539.4578272469379 8.999999999999917
    vertex 4.826558165121971 539.4578272469379 -8.720932970762426e-14
  endloop
endfacet
facet normal -0.13052619221998704 -0.991444861373819 -7.245659195963932e-17
  outer loop
    vertex 4.308920074916925 539.5259755943597 8.999999999999917
    vertex 4.826558165121971 539.4578272469379 -8.720932970762426e-14
    vertex 4.826558165121971 539.4578272469379 8.999999999999917
  endloop
endfacet
facet normal -0.13052619221998704 -0.991444861373819 -7.245659195963932e-17
  outer loop
    vertex 4.826558165121971 539.4578272469379 -8.720932970762426e-14
    vertex 4.308920074916925 539.5259755943597 8.999999999999917
    vertex 4.308920074916925 539.5259755943597 -8.749667657070859e-14
  endloop
endfacet
facet normal 0.13052619221998704 -0.991444861373819 7.245659195963927e-17
  outer loop
    vertex 3.7912819847118797 539.4578272469379 8.999999999999917
    vertex 4.308920074916925 539.5259755943597 -8.749667657070859e-14
    vertex 4.308920074916925 539.5259755943597 8.999999999999917
  endloop
endfacet
facet normal 0.13052619221998704 -0.991444861373819 7.245659195963927e-17
  outer loop
    vertex 4.308920074916925 539.5259755943597 -8.749667657070859e-14
    vertex 3.7912819847118797 539.4578272469379 8.999999999999917
    vertex 3.7912819847118797 539.4578272469379 -8.77840234337929e-14
  endloop
endfacet
facet normal 0.38268343236515967 -0.9238795325112579 2.1277217724671208e-16
  outer loop
    vertex 3.308920074916927 539.2580264019286 8.999999999999925
    vertex 3.7912819847118797 539.4578272469379 -8.77840234337929e-14
    vertex 3.7912819847118797 539.4578272469379 8.999999999999917
  endloop
endfacet
facet normal 0.38268343236515967 -0.9238795325112579 2.1277217724671208e-16
  outer loop
    vertex 3.7912819847118797 539.4578272469379 -8.77840234337929e-14
    vertex 3.308920074916927 539.2580264019286 8.999999999999925
    vertex 3.308920074916927 539.2580264019286 -8.805178808302116e-14
  endloop
endfacet
facet normal 0.6087614290087096 -0.7933533402912438 1.1024303916692458e-15
  outer loop
    vertex 2.8947065125438263 538.9401891567328 8.999999999999917
    vertex 3.308920074916927 539.2580264019286 -8.805178808302116e-14
    vertex 3.308920074916927 539.2580264019286 8.999999999999925
  endloop
endfacet
facet normal 0.6087614290087096 -0.7933533402912438 1.1024303916692458e-15
  outer loop
    vertex 3.308920074916927 539.2580264019286 -8.805178808302116e-14
    vertex 2.8947065125438263 538.9401891567328 8.999999999999917
    vertex 2.894706512543849 538.9401891567328 -8.546175631750256e-14
  endloop
endfacet
facet normal 0.7933533402912732 -0.608761429008671 1.4351770833380629e-15
  outer loop
    vertex 2.8947065125438263 538.9401891567328 8.999999999999917
    vertex 2.5768692673480578 538.5259755943597 -8.563819143135247e-14
    vertex 2.894706512543849 538.9401891567328 -8.546175631750256e-14
  endloop
endfacet
facet normal 0.7933533402912732 -0.608761429008671 1.4351770833380629e-15
  outer loop
    vertex 2.5768692673480578 538.5259755943597 -8.563819143135247e-14
    vertex 2.8947065125438263 538.9401891567328 8.999999999999917
    vertex 2.5768692673480578 538.5259755943597 8.999999999999917
  endloop
endfacet
facet normal 0.9238795325112616 -0.3826834323651502 1.6705012858933934e-15
  outer loop
    vertex 2.5768692673480578 538.5259755943597 8.999999999999917
    vertex 2.3770684223388034 538.0436136845648 -8.574910318058688e-14
    vertex 2.5768692673480578 538.5259755943597 -8.563819143135247e-14
  endloop
endfacet
facet normal 0.9238795325112616 -0.3826834323651502 1.6705012858933934e-15
  outer loop
    vertex 2.3770684223388034 538.0436136845648 -8.574910318058688e-14
    vertex 2.5768692673480578 538.5259755943597 8.999999999999917
    vertex 2.377068422338781 538.0436136845648 8.999999999999917
  endloop
endfacet
facet normal 0.9914448613738114 -0.1305261922200452 1.793096781157358e-15
  outer loop
    vertex 2.377068422338781 538.0436136845648 8.999999999999917
    vertex 2.3089200749169287 537.5259755943598 -8.578693311278584e-14
    vertex 2.3770684223388034 538.0436136845648 -8.574910318058688e-14
  endloop
endfacet
facet normal 0.9914448613738114 -0.1305261922200452 1.793096781157358e-15
  outer loop
    vertex 2.3089200749169287 537.5259755943598 -8.578693311278584e-14
    vertex 2.377068422338781 538.0436136845648 8.999999999999917
    vertex 2.3089200749169287 537.5259755943598 8.999999999999917
  endloop
endfacet
facet normal 0.9914448613738114 0.13052619222004516 1.7928827380425138e-15
  outer loop
    vertex 2.3089200749169287 537.5259755943598 8.999999999999917
    vertex 2.3770684223388034 537.0083375041547 -8.574910318058688e-14
    vertex 2.3089200749169287 537.5259755943598 -8.578693311278584e-14
  endloop
endfacet
facet normal 0.9914448613738114 0.13052619222004516 1.7928827380425138e-15
  outer loop
    vertex 2.3770684223388034 537.0083375041547 -8.574910318058688e-14
    vertex 2.3089200749169287 537.5259755943598 8.999999999999917
    vertex 2.377068422338781 537.0083375041547 8.999999999999917
  endloop
endfacet
facet normal 0.9238795325112871 0.3826834323650891 1.6712991116146014e-15
  outer loop
    vertex 2.377068422338781 537.0083375041547 8.999999999999917
    vertex 2.5768692673480578 536.5259755943597 -8.563819143135247e-14
    vertex 2.3770684223388034 537.0083375041547 -8.574910318058688e-14
  endloop
endfacet
facet normal 0.9238795325112871 0.3826834323650891 1.6712991116146014e-15
  outer loop
    vertex 2.5768692673480578 536.5259755943597 -8.563819143135247e-14
    vertex 2.377068422338781 537.0083375041547 8.999999999999917
    vertex 2.5768692673480578 536.5259755943597 8.999999999999917
  endloop
endfacet
facet normal 0.7933533402912093 0.6087614290087544 1.435177083337947e-15
  outer loop
    vertex 2.5768692673480578 536.5259755943597 8.999999999999917
    vertex 2.894706512543849 536.1117620319867 -8.546175631750256e-14
    vertex 2.5768692673480578 536.5259755943597 -8.563819143135247e-14
  endloop
endfacet
facet normal 0.7933533402912093 0.6087614290087544 1.435177083337947e-15
  outer loop
    vertex 2.894706512543849 536.1117620319867 -8.546175631750256e-14
    vertex 2.5768692673480578 536.5259755943597 8.999999999999917
    vertex 2.8947065125438263 536.1117620319867 8.999999999999917
  endloop
endfacet
facet normal 0.6087614290087096 0.7933533402912438 1.1024303916692454e-15
  outer loop
    vertex 2.894706512543849 536.1117620319867 -8.546175631750256e-14
    vertex 3.308920074916927 535.7939247867909 8.999999999999925
    vertex 3.308920074916927 535.7939247867909 -8.805178808302116e-14
  endloop
endfacet
facet normal 0.6087614290087096 0.7933533402912438 1.1024303916692454e-15
  outer loop
    vertex 3.308920074916927 535.7939247867909 8.999999999999925
    vertex 2.894706512543849 536.1117620319867 -8.546175631750256e-14
    vertex 2.8947065125438263 536.1117620319867 8.999999999999917
  endloop
endfacet
facet normal 0.38268343236515207 0.923879532511261 6.919540167142736e-16
  outer loop
    vertex 3.308920074916927 535.7939247867909 -8.805178808302116e-14
    vertex 3.7912819847118797 535.5941239417816 8.999999999999917
    vertex 3.791281984711902 535.5941239417816 -8.778402343379289e-14
  endloop
endfacet
facet normal 0.38268343236515207 0.923879532511261 6.919540167142736e-16
  outer loop
    vertex 3.7912819847118797 535.5941239417816 8.999999999999917
    vertex 3.308920074916927 535.7939247867909 -8.805178808302116e-14
    vertex 3.308920074916927 535.7939247867909 8.999999999999925
  endloop
endfacet
facet normal 0.13052619221998985 0.9914448613738186 2.3589659379121066e-16
  outer loop
    vertex 3.791281984711902 535.5941239417816 -8.778402343379289e-14
    vertex 4.308920074916925 535.5259755943598 8.999999999999917
    vertex 4.308920074916925 535.5259755943598 -8.749667657070859e-14
  endloop
endfacet
facet normal 0.13052619221998985 0.9914448613738186 2.3589659379121066e-16
  outer loop
    vertex 4.308920074916925 535.5259755943598 8.999999999999917
    vertex 3.791281984711902 535.5941239417816 -8.778402343379289e-14
    vertex 3.7912819847118797 535.5941239417816 8.999999999999917
  endloop
endfacet
facet normal -0.13052619221998704 0.991444861373819 -7.245659195963932e-17
  outer loop
    vertex 4.308920074916925 535.5259755943598 -8.749667657070859e-14
    vertex 4.826558165121971 535.5941239417816 8.999999999999917
    vertex 4.826558165121971 535.5941239417816 -8.720932970762426e-14
  endloop
endfacet
facet normal -0.13052619221998704 0.991444861373819 -7.245659195963932e-17
  outer loop
    vertex 4.826558165121971 535.5941239417816 8.999999999999917
    vertex 4.308920074916925 535.5259755943598 -8.749667657070859e-14
    vertex 4.308920074916925 535.5259755943598 8.999999999999917
  endloop
endfacet
facet normal -0.38268343236515967 0.9238795325112579 -2.1243197887719198e-16
  outer loop
    vertex 4.826558165121971 535.5941239417816 -8.720932970762426e-14
    vertex 5.308920074916923 535.7939247867909 8.999999999999917
    vertex 5.308920074916923 535.7939247867909 -8.694156505839601e-14
  endloop
endfacet
facet normal -0.38268343236515967 0.9238795325112579 -2.1243197887719198e-16
  outer loop
    vertex 5.308920074916923 535.7939247867909 8.999999999999917
    vertex 4.826558165121971 535.5941239417816 -8.720932970762426e-14
    vertex 4.826558165121971 535.5941239417816 8.999999999999917
  endloop
endfacet
facet normal -0.608761429008699 0.7933533402912517 -3.376455767016678e-16
  outer loop
    vertex 5.308920074916923 535.7939247867909 -8.694156505839601e-14
    vertex 5.723133637290023 536.1117620319867 8.999999999999927
    vertex 5.723133637290023 536.1117620319867 -8.67116303413667e-14
  endloop
endfacet
facet normal -0.608761429008699 0.7933533402912517 -3.376455767016678e-16
  outer loop
    vertex 5.723133637290023 536.1117620319867 8.999999999999927
    vertex 5.308920074916923 535.7939247867909 -8.694156505839601e-14
    vertex 5.308920074916923 535.7939247867909 8.999999999999917
  endloop
endfacet
facet normal -0.7933533402912732 0.608761429008671 -1.4351770833380605e-15
  outer loop
    vertex 5.723133637290023 536.1117620319867 8.999999999999927
    vertex 6.040970882485815 536.5259755943598 -8.65351952275168e-14
    vertex 5.723133637290023 536.1117620319867 -8.67116303413667e-14
  endloop
endfacet
facet normal -0.7933533402912732 0.608761429008671 -1.4351770833380605e-15
  outer loop
    vertex 6.040970882485815 536.5259755943598 -8.65351952275168e-14
    vertex 5.723133637290023 536.1117620319867 8.999999999999927
    vertex 6.040970882485792 536.5259755943598 8.999999999999927
  endloop
endfacet
facet normal -0.9238795325112616 0.3826834323651502 -1.6708220279921033e-15
  outer loop
    vertex 6.040970882485792 536.5259755943598 8.999999999999927
    vertex 6.240771727495069 537.0083375041547 -8.642428347828237e-14
    vertex 6.040970882485815 536.5259755943598 -8.65351952275168e-14
  endloop
endfacet
facet normal -0.9238795325112616 0.3826834323651502 -1.6708220279921033e-15
  outer loop
    vertex 6.240771727495069 537.0083375041547 -8.642428347828237e-14
    vertex 6.040970882485792 536.5259755943598 8.999999999999927
    vertex 6.240771727495069 537.0083375041547 8.999999999999918
  endloop
endfacet
facet normal -0.9914448613738086 0.1305261922200664 -5.503624563717494e-16
  outer loop
    vertex 6.240771727495137 886.0083375041548 8.999999999999918
    vertex 6.308920074917012 886.5259755943599 -8.779643678735732e-14
    vertex 6.240771727495137 886.0083375041548 -8.783426671955629e-14
  endloop
endfacet
facet normal -0.9914448613738086 0.1305261922200664 -5.503624563717494e-16
  outer loop
    vertex 6.308920074917012 886.5259755943599 -8.779643678735732e-14
    vertex 6.240771727495137 886.0083375041548 8.999999999999918
    vertex 6.308920074917012 886.5259755943599 8.999999999999918
  endloop
endfacet
facet normal -0.9914448613738086 -0.1305261922200664 -5.503624563717494e-16
  outer loop
    vertex 6.308920074917012 886.5259755943599 8.999999999999918
    vertex 6.240771727495137 887.043613684565 -8.783426671955629e-14
    vertex 6.308920074917012 886.5259755943599 -8.779643678735732e-14
  endloop
endfacet
facet normal -0.9914448613738086 -0.1305261922200664 -5.503624563717494e-16
  outer loop
    vertex 6.240771727495137 887.043613684565 -8.783426671955629e-14
    vertex 6.308920074917012 886.5259755943599 8.999999999999918
    vertex 6.240771727495137 887.043613684565 8.999999999999918
  endloop
endfacet
facet normal -0.92387953251132 -0.3826834323650096 -5.129031360798488e-16
  outer loop
    vertex 6.240771727495137 887.043613684565 8.999999999999918
    vertex 6.040970882485882 887.52597559436 -8.794517846879071e-14
    vertex 6.240771727495137 887.043613684565 -8.783426671955629e-14
  endloop
endfacet
facet normal -0.92387953251132 -0.3826834323650096 -5.129031360798488e-16
  outer loop
    vertex 6.040970882485882 887.52597559436 -8.794517846879071e-14
    vertex 6.240771727495137 887.043613684565 8.999999999999918
    vertex 6.040970882485882 887.52597559436 8.999999999999925
  endloop
endfacet
facet normal -0.7933533402911987 -0.608761429008768 -4.403995725272829e-16
  outer loop
    vertex 6.040970882485882 887.52597559436 8.999999999999925
    vertex 5.723133637290092 887.940189156733 -8.81216135826406e-14
    vertex 6.040970882485882 887.52597559436 -8.794517846879071e-14
  endloop
endfacet
facet normal -0.7933533402911987 -0.608761429008768 -4.403995725272829e-16
  outer loop
    vertex 5.723133637290092 887.940189156733 -8.81216135826406e-14
    vertex 6.040970882485882 887.52597559436 8.999999999999925
    vertex 5.723133637290092 887.940189156733 8.999999999999925
  endloop
endfacet
facet normal -0.6087614290086781 -0.7933533402912678 -3.3764557670165667e-16
  outer loop
    vertex 5.308920074916968 888.2580264019289 8.999999999999917
    vertex 5.723133637290092 887.940189156733 -8.81216135826406e-14
    vertex 5.723133637290092 887.940189156733 8.999999999999925
  endloop
endfacet
facet normal -0.6087614290086781 -0.7933533402912678 -3.3764557670165667e-16
  outer loop
    vertex 5.723133637290092 887.940189156733 -8.81216135826406e-14
    vertex 5.308920074916968 888.2580264019289 8.999999999999917
    vertex 5.308920074916968 888.2580264019289 -8.976153154094388e-14
  endloop
endfacet
facet normal -0.3826834323651444 -0.9238795325112642 -2.1243197887718358e-16
  outer loop
    vertex 4.826558165121993 888.4578272469381 8.999999999999917
    vertex 5.308920074916968 888.2580264019289 -8.976153154094388e-14
    vertex 5.308920074916968 888.2580264019289 8.999999999999917
  endloop
endfacet
facet normal -0.3826834323651444 -0.9238795325112642 -2.1243197887718358e-16
  outer loop
    vertex 5.308920074916968 888.2580264019289 -8.976153154094388e-14
    vertex 4.826558165121993 888.4578272469381 8.999999999999917
    vertex 4.826558165121993 888.4578272469381 -9.002929619017215e-14
  endloop
endfacet
facet normal -0.13052619221998146 -0.9914448613738197 -7.245659195963619e-17
  outer loop
    vertex 4.308920074916925 888.5259755943599 8.999999999999917
    vertex 4.826558165121993 888.4578272469381 -9.002929619017215e-14
    vertex 4.826558165121993 888.4578272469381 8.999999999999917
  endloop
endfacet
facet normal -0.13052619221998146 -0.9914448613738197 -7.245659195963619e-17
  outer loop
    vertex 4.826558165121993 888.4578272469381 -9.002929619017215e-14
    vertex 4.308920074916925 888.5259755943599 8.999999999999917
    vertex 4.308920074916925 888.5259755943599 -9.031664305325648e-14
  endloop
endfacet
facet normal 0.13052619221998146 -0.9914448613738197 7.245659195963619e-17
  outer loop
    vertex 3.791281984711857 888.4578272469381 8.999999999999917
    vertex 4.308920074916925 888.5259755943599 -9.031664305325648e-14
    vertex 4.308920074916925 888.5259755943599 8.999999999999917
  endloop
endfacet
facet normal 0.13052619221998146 -0.9914448613738197 7.245659195963619e-17
  outer loop
    vertex 4.308920074916925 888.5259755943599 -9.031664305325648e-14
    vertex 3.791281984711857 888.4578272469381 8.999999999999917
    vertex 3.791281984711857 888.4578272469381 -9.060398991634081e-14
  endloop
endfacet
facet normal 0.3826834323651444 -0.9238795325112642 2.130459477525655e-16
  outer loop
    vertex 3.3089200749168817 888.2580264019289 8.999999999999924
    vertex 3.791281984711857 888.4578272469381 -9.060398991634081e-14
    vertex 3.791281984711857 888.4578272469381 8.999999999999917
  endloop
endfacet
facet normal 0.3826834323651444 -0.9238795325112642 2.130459477525655e-16
  outer loop
    vertex 3.791281984711857 888.4578272469381 -9.060398991634081e-14
    vertex 3.3089200749168817 888.2580264019289 8.999999999999924
    vertex 3.3089200749168817 888.2580264019289 -9.087175456556908e-14
  endloop
endfacet
facet normal 0.6087614290086781 -0.7933533402912678 3.3911076058966856e-16
  outer loop
    vertex 2.8947065125437588 887.940189156733 8.999999999999917
    vertex 3.3089200749168817 888.2580264019289 -9.087175456556908e-14
    vertex 3.3089200749168817 888.2580264019289 8.999999999999924
  endloop
endfacet
facet normal 0.6087614290086781 -0.7933533402912678 3.3911076058966856e-16
  outer loop
    vertex 3.3089200749168817 888.2580264019289 -9.087175456556908e-14
    vertex 2.8947065125437588 887.940189156733 8.999999999999917
    vertex 2.8947065125437588 887.940189156733 -8.969170604132446e-14
  endloop
endfacet
facet normal 0.793353340291327 -0.6087614290086012 4.4039957252735404e-16
  outer loop
    vertex 2.8947065125437588 887.940189156733 8.999999999999917
    vertex 2.5768692673479676 887.5259755943598 -8.986814115517435e-14
    vertex 2.8947065125437588 887.940189156733 -8.969170604132446e-14
  endloop
endfacet
facet normal 0.793353340291327 -0.6087614290086012 4.4039957252735404e-16
  outer loop
    vertex 2.5768692673479676 887.5259755943598 -8.986814115517435e-14
    vertex 2.8947065125437588 887.940189156733 8.999999999999917
    vertex 2.5768692673479676 887.5259755943598 8.999999999999917
  endloop
endfacet
facet normal 0.9238795325112694 -0.3826834323651318 5.128561644869686e-16
  outer loop
    vertex 2.5768692673479676 887.5259755943598 8.999999999999917
    vertex 2.3770684223387133 887.043613684565 -8.997905290440879e-14
    vertex 2.5768692673479676 887.5259755943598 -8.986814115517435e-14
  endloop
endfacet
facet normal 0.9238795325112694 -0.3826834323651318 5.128561644869686e-16
  outer loop
    vertex 2.3770684223387133 887.043613684565 -8.997905290440879e-14
    vertex 2.5768692673479676 887.5259755943598 8.999999999999917
    vertex 2.3770684223387133 887.043613684565 8.999999999999917
  endloop
endfacet
facet normal 0.9914448613738086 -0.1305261922200664 5.503624563717494e-16
  outer loop
    vertex 2.3770684223387133 887.043613684565 8.999999999999917
    vertex 2.3089200749168386 886.5259755943599 -9.001688283660774e-14
    vertex 2.3770684223387133 887.043613684565 -8.997905290440879e-14
  endloop
endfacet
facet normal 0.9914448613738086 -0.1305261922200664 5.503624563717494e-16
  outer loop
    vertex 2.3089200749168386 886.5259755943599 -9.001688283660774e-14
    vertex 2.3770684223387133 887.043613684565 8.999999999999917
    vertex 2.3089200749168386 886.5259755943599 8.999999999999917
  endloop
endfacet
facet normal 0.9914448613738086 0.1305261922200664 5.503624563717494e-16
  outer loop
    vertex 2.3089200749168386 886.5259755943599 8.999999999999917
    vertex 2.3770684223387133 886.0083375041548 -8.997905290440879e-14
    vertex 2.3089200749168386 886.5259755943599 -9.001688283660774e-14
  endloop
endfacet
facet normal 0.9914448613738086 0.1305261922200664 5.503624563717494e-16
  outer loop
    vertex 2.3770684223387133 886.0083375041548 -8.997905290440879e-14
    vertex 2.3089200749168386 886.5259755943599 8.999999999999917
    vertex 2.3770684223387133 886.0083375041548 8.999999999999917
  endloop
endfacet
facet normal 0.92387953251132 0.3826834323650096 5.128561644869967e-16
  outer loop
    vertex 2.3770684223387133 886.0083375041548 8.999999999999917
    vertex 2.5768692673479676 885.5259755943597 -8.986814115517435e-14
    vertex 2.3770684223387133 886.0083375041548 -8.997905290440879e-14
  endloop
endfacet
facet normal 0.92387953251132 0.3826834323650096 5.128561644869967e-16
  outer loop
    vertex 2.5768692673479676 885.5259755943597 -8.986814115517435e-14
    vertex 2.3770684223387133 886.0083375041548 8.999999999999917
    vertex 2.5768692673479676 885.5259755943597 8.999999999999917
  endloop
endfacet
facet normal 0.7933533402911987 0.608761429008768 4.403995725272829e-16
  outer loop
    vertex 2.5768692673479676 885.5259755943597 8.999999999999917
    vertex 2.8947065125437588 885.1117620319867 -8.969170604132446e-14
    vertex 2.5768692673479676 885.5259755943597 -8.986814115517435e-14
  endloop
endfacet
facet normal 0.7933533402911987 0.608761429008768 4.403995725272829e-16
  outer loop
    vertex 2.8947065125437588 885.1117620319867 -8.969170604132446e-14
    vertex 2.5768692673479676 885.5259755943597 8.999999999999917
    vertex 2.8947065125437588 885.1117620319867 8.999999999999917
  endloop
endfacet
facet normal 0.6087614290086781 0.7933533402912678 3.3911076058966856e-16
  outer loop
    vertex 2.8947065125437588 885.1117620319867 -8.969170604132446e-14
    vertex 3.3089200749168817 884.793924786791 8.999999999999924
    vertex 3.3089200749168817 884.793924786791 -9.087175456556908e-14
  endloop
endfacet
facet normal 0.6087614290086781 0.7933533402912678 3.3911076058966856e-16
  outer loop
    vertex 3.3089200749168817 884.793924786791 8.999999999999924
    vertex 2.8947065125437588 885.1117620319867 -8.969170604132446e-14
    vertex 2.8947065125437588 885.1117620319867 8.999999999999917
  endloop
endfacet
facet normal 0.3826834323651444 0.9238795325112642 2.130459477525655e-16
  outer loop
    vertex 3.3089200749168817 884.793924786791 -9.087175456556908e-14
    vertex 3.791281984711857 884.5941239417816 8.999999999999917
    vertex 3.791281984711857 884.5941239417816 -9.060398991634081e-14
  endloop
endfacet
facet normal 0.3826834323651444 0.9238795325112642 2.130459477525655e-16
  outer loop
    vertex 3.791281984711857 884.5941239417816 8.999999999999917
    vertex 3.3089200749168817 884.793924786791 -9.087175456556908e-14
    vertex 3.3089200749168817 884.793924786791 8.999999999999924
  endloop
endfacet
facet normal 0.13052619221998146 0.9914448613738197 7.245659195963619e-17
  outer loop
    vertex 3.791281984711857 884.5941239417816 -9.060398991634081e-14
    vertex 4.308920074916925 884.5259755943598 8.999999999999917
    vertex 4.308920074916925 884.5259755943598 -9.031664305325648e-14
  endloop
endfacet
facet normal 0.13052619221998146 0.9914448613738197 7.245659195963619e-17
  outer loop
    vertex 4.308920074916925 884.5259755943598 8.999999999999917
    vertex 3.791281984711857 884.5941239417816 -9.060398991634081e-14
    vertex 3.791281984711857 884.5941239417816 8.999999999999917
  endloop
endfacet
facet normal -0.13052619221998146 0.9914448613738197 -7.245659195963619e-17
  outer loop
    vertex 4.308920074916925 884.5259755943598 -9.031664305325648e-14
    vertex 4.826558165121993 884.5941239417816 8.999999999999917
    vertex 4.826558165121993 884.5941239417816 -9.002929619017215e-14
  endloop
endfacet
facet normal -0.13052619221998146 0.9914448613738197 -7.245659195963619e-17
  outer loop
    vertex 4.826558165121993 884.5941239417816 8.999999999999917
    vertex 4.308920074916925 884.5259755943598 -9.031664305325648e-14
    vertex 4.308920074916925 884.5259755943598 8.999999999999917
  endloop
endfacet
facet normal -0.3826834323651444 0.9238795325112642 -2.1243197887718358e-16
  outer loop
    vertex 4.826558165121993 884.5941239417816 -9.002929619017215e-14
    vertex 5.308920074916968 884.793924786791 8.999999999999917
    vertex 5.308920074916968 884.793924786791 -8.976153154094388e-14
  endloop
endfacet
facet normal -0.3826834323651444 0.9238795325112642 -2.1243197887718358e-16
  outer loop
    vertex 5.308920074916968 884.793924786791 8.999999999999917
    vertex 4.826558165121993 884.5941239417816 -9.002929619017215e-14
    vertex 4.826558165121993 884.5941239417816 8.999999999999917
  endloop
endfacet
facet normal -0.6087614290086781 0.7933533402912678 -3.3764557670165667e-16
  outer loop
    vertex 5.308920074916968 884.793924786791 -8.976153154094388e-14
    vertex 5.723133637290092 885.1117620319867 8.999999999999925
    vertex 5.723133637290092 885.1117620319867 -8.81216135826406e-14
  endloop
endfacet
facet normal -0.6087614290086781 0.7933533402912678 -3.3764557670165667e-16
  outer loop
    vertex 5.723133637290092 885.1117620319867 8.999999999999925
    vertex 5.308920074916968 884.793924786791 -8.976153154094388e-14
    vertex 5.308920074916968 884.793924786791 8.999999999999917
  endloop
endfacet
facet normal -0.793353340291327 0.6087614290086011 -4.4039957252735404e-16
  outer loop
    vertex 5.723133637290092 885.1117620319867 8.999999999999925
    vertex 6.040970882485882 885.5259755943599 -8.794517846879071e-14
    vertex 5.723133637290092 885.1117620319867 -8.81216135826406e-14
  endloop
endfacet
facet normal -0.793353340291327 0.6087614290086011 -4.4039957252735404e-16
  outer loop
    vertex 6.040970882485882 885.5259755943599 -8.794517846879071e-14
    vertex 5.723133637290092 885.1117620319867 8.999999999999925
    vertex 6.040970882485882 885.5259755943599 8.999999999999925
  endloop
endfacet
facet normal -0.9238795325112694 0.3826834323651318 -5.129031360798181e-16
  outer loop
    vertex 6.040970882485882 885.5259755943599 8.999999999999925
    vertex 6.240771727495137 886.0083375041548 -8.783426671955629e-14
    vertex 6.040970882485882 885.5259755943599 -8.794517846879071e-14
  endloop
endfacet
facet normal -0.9238795325112694 0.3826834323651318 -5.129031360798181e-16
  outer loop
    vertex 6.240771727495137 886.0083375041548 -8.783426671955629e-14
    vertex 6.040970882485882 885.5259755943599 8.999999999999925
    vertex 6.240771727495137 886.0083375041548 8.999999999999918
  endloop
endfacet
facet normal 0.9914448613738086 -0.1305261922200664 5.503624563717494e-16
  outer loop
    vertex 132.37706842233868 887.0436136845645 8.999999999999988
    vertex 132.3089200749168 886.5259755943595 -1.644240299469862e-14
    vertex 132.3770684223387 887.0436136845645 -1.6404573062499662e-14
  endloop
endfacet
facet normal 0.9914448613738086 -0.1305261922200664 5.503624563717494e-16
  outer loop
    vertex 132.3089200749168 886.5259755943595 -1.644240299469862e-14
    vertex 132.37706842233868 887.0436136845645 8.999999999999988
    vertex 132.3089200749168 886.5259755943595 8.999999999999988
  endloop
endfacet
facet normal 0.9914448613738086 0.1305261922200664 5.503624563717494e-16
  outer loop
    vertex 132.3089200749168 886.5259755943595 8.999999999999988
    vertex 132.3770684223387 886.0083375041545 -1.6404573062499662e-14
    vertex 132.3089200749168 886.5259755943595 -1.644240299469862e-14
  endloop
endfacet
facet normal 0.9914448613738086 0.1305261922200664 5.503624563717494e-16
  outer loop
    vertex 132.3770684223387 886.0083375041545 -1.6404573062499662e-14
    vertex 132.3089200749168 886.5259755943595 8.999999999999988
    vertex 132.37706842233868 886.0083375041545 8.999999999999988
  endloop
endfacet
facet normal 0.92387953251132 0.38268343236500957 5.128561644869967e-16
  outer loop
    vertex 132.37706842233868 886.0083375041545 8.999999999999988
    vertex 132.57686926734794 885.5259755943594 -1.629366131326524e-14
    vertex 132.3770684223387 886.0083375041545 -1.6404573062499662e-14
  endloop
endfacet
facet normal 0.92387953251132 0.38268343236500957 5.128561644869967e-16
  outer loop
    vertex 132.57686926734794 885.5259755943594 -1.629366131326524e-14
    vertex 132.37706842233868 886.0083375041545 8.999999999999988
    vertex 132.57686926734794 885.5259755943594 8.999999999999988
  endloop
endfacet
facet normal 0.7933533402911987 0.6087614290087681 4.3976194751424975e-16
  outer loop
    vertex 132.57686926734794 885.5259755943594 -1.629366131326524e-14
    vertex 132.89470651254373 885.1117620319864 8.999999999999995
    vertex 132.89470651254373 885.1117620319864 -1.7527209440689294e-14
  endloop
endfacet
facet normal 0.7933533402911987 0.6087614290087681 4.3976194751424975e-16
  outer loop
    vertex 132.89470651254373 885.1117620319864 8.999999999999995
    vertex 132.57686926734794 885.5259755943594 -1.629366131326524e-14
    vertex 132.57686926734794 885.5259755943594 8.999999999999988
  endloop
endfacet
facet normal 0.6087614290086784 0.7933533402912677 3.364652936065618e-16
  outer loop
    vertex 132.89470651254373 885.1117620319864 -1.7527209440689294e-14
    vertex 133.30892007491684 884.7939247867905 8.999999999999996
    vertex 133.30892007491687 884.7939247867905 -1.5887291482386018e-14
  endloop
endfacet
facet normal 0.6087614290086784 0.7933533402912677 3.364652936065618e-16
  outer loop
    vertex 133.30892007491684 884.7939247867905 8.999999999999996
    vertex 132.89470651254373 885.1117620319864 -1.7527209440689294e-14
    vertex 132.89470651254373 885.1117620319864 8.999999999999995
  endloop
endfacet
facet normal 0.3826834323651444 0.9238795325112642 2.1293254829605894e-16
  outer loop
    vertex 133.30892007491687 884.7939247867905 -1.5887291482386018e-14
    vertex 133.79128198471182 884.5941239417813 8.99999999999999
    vertex 133.79128198471184 884.5941239417813 -1.5619526833157746e-14
  endloop
endfacet
facet normal 0.3826834323651444 0.9238795325112642 2.1293254829605894e-16
  outer loop
    vertex 133.79128198471182 884.5941239417813 8.99999999999999
    vertex 133.30892007491687 884.7939247867905 -1.5887291482386018e-14
    vertex 133.30892007491684 884.7939247867905 8.999999999999996
  endloop
endfacet
facet normal 0.13052619221998146 0.9914448613738197 7.245659195963619e-17
  outer loop
    vertex 133.79128198471184 884.5941239417813 -1.5619526833157746e-14
    vertex 134.3089200749169 884.5259755943595 8.99999999999999
    vertex 134.30892007491693 884.5259755943595 -1.5332179970073418e-14
  endloop
endfacet
facet normal 0.13052619221998146 0.9914448613738197 7.245659195963619e-17
  outer loop
    vertex 134.3089200749169 884.5259755943595 8.99999999999999
    vertex 133.79128198471184 884.5941239417813 -1.5619526833157746e-14
    vertex 133.79128198471182 884.5941239417813 8.99999999999999
  endloop
endfacet
facet normal -0.13052619221998146 0.9914448613738197 -7.245659195963619e-17
  outer loop
    vertex 134.30892007491693 884.5259755943595 -1.5332179970073418e-14
    vertex 134.82655816512195 884.5941239417813 8.99999999999999
    vertex 134.82655816512198 884.5941239417813 -1.5044833106989086e-14
  endloop
endfacet
facet normal -0.13052619221998146 0.9914448613738197 -7.245659195963619e-17
  outer loop
    vertex 134.82655816512195 884.5941239417813 8.99999999999999
    vertex 134.30892007491693 884.5259755943595 -1.5332179970073418e-14
    vertex 134.3089200749169 884.5259755943595 8.99999999999999
  endloop
endfacet
facet normal -0.3826834323651444 0.9238795325112642 -2.1243197887718358e-16
  outer loop
    vertex 134.82655816512198 884.5941239417813 -1.5044833106989086e-14
    vertex 135.30892007491693 884.7939247867905 8.999999999999993
    vertex 135.30892007491695 884.7939247867905 -1.4777068457760814e-14
  endloop
endfacet
facet normal -0.3826834323651444 0.9238795325112642 -2.1243197887718358e-16
  outer loop
    vertex 135.30892007491693 884.7939247867905 8.999999999999993
    vertex 134.82655816512198 884.5941239417813 -1.5044833106989086e-14
    vertex 134.82655816512195 884.5941239417813 8.99999999999999
  endloop
endfacet
facet normal -0.6087614290086782 0.7933533402912677 -3.3847313557663497e-16
  outer loop
    vertex 135.30892007491695 884.7939247867905 -1.4777068457760814e-14
    vertex 135.72313363729006 885.1117620319864 8.999999999999998
    vertex 135.7231336372901 885.1117620319864 -1.454713374073149e-14
  endloop
endfacet
facet normal -0.6087614290086782 0.7933533402912677 -3.3847313557663497e-16
  outer loop
    vertex 135.72313363729006 885.1117620319864 8.999999999999998
    vertex 135.30892007491695 884.7939247867905 -1.4777068457760814e-14
    vertex 135.30892007491693 884.7939247867905 8.999999999999993
  endloop
endfacet
facet normal -0.793353340291327 0.6087614290086011 -4.409422306094167e-16
  outer loop
    vertex 135.72313363729006 885.1117620319864 8.999999999999998
    vertex 136.04097088248588 885.5259755943596 -1.437069862688159e-14
    vertex 135.7231336372901 885.1117620319864 -1.454713374073149e-14
  endloop
endfacet
facet normal -0.793353340291327 0.6087614290086011 -4.409422306094167e-16
  outer loop
    vertex 136.04097088248588 885.5259755943596 -1.437069862688159e-14
    vertex 135.72313363729006 885.1117620319864 8.999999999999998
    vertex 136.04097088248585 885.5259755943596 8.999999999999991
  endloop
endfacet
facet normal -0.9238795325112694 0.3826834323651318 -5.128561644869686e-16
  outer loop
    vertex 136.04097088248585 885.5259755943596 8.999999999999991
    vertex 136.24077172749512 886.0083375041545 -1.4259786877647173e-14
    vertex 136.04097088248588 885.5259755943596 -1.437069862688159e-14
  endloop
endfacet
facet normal -0.9238795325112694 0.3826834323651318 -5.128561644869686e-16
  outer loop
    vertex 136.24077172749512 886.0083375041545 -1.4259786877647173e-14
    vertex 136.04097088248585 885.5259755943596 8.999999999999991
    vertex 136.24077172749512 886.0083375041545 8.999999999999991
  endloop
endfacet
facet normal -0.9914448613738086 0.1305261922200664 -5.503624563717494e-16
  outer loop
    vertex 136.24077172749512 886.0083375041545 8.999999999999991
    vertex 136.308920074917 886.5259755943595 -1.422195694544821e-14
    vertex 136.24077172749512 886.0083375041545 -1.4259786877647173e-14
  endloop
endfacet
facet normal -0.9914448613738086 0.1305261922200664 -5.503624563717494e-16
  outer loop
    vertex 136.308920074917 886.5259755943595 -1.422195694544821e-14
    vertex 136.24077172749512 886.0083375041545 8.999999999999991
    vertex 136.30892007491698 886.5259755943595 8.999999999999991
  endloop
endfacet
facet normal -0.9914448613738086 -0.1305261922200664 -5.503624563717494e-16
  outer loop
    vertex 136.30892007491698 886.5259755943595 8.999999999999991
    vertex 136.24077172749512 887.0436136845645 -1.4259786877647173e-14
    vertex 136.308920074917 886.5259755943595 -1.422195694544821e-14
  endloop
endfacet
facet normal -0.9914448613738086 -0.1305261922200664 -5.503624563717494e-16
  outer loop
    vertex 136.24077172749512 887.0436136845645 -1.4259786877647173e-14
    vertex 136.30892007491698 886.5259755943595 8.999999999999991
    vertex 136.24077172749512 887.0436136845645 8.999999999999991
  endloop
endfacet
facet normal -0.92387953251132 -0.38268343236500957 -5.128561644869967e-16
  outer loop
    vertex 136.24077172749512 887.0436136845645 8.999999999999991
    vertex 136.04097088248588 887.5259755943597 -1.437069862688159e-14
    vertex 136.24077172749512 887.0436136845645 -1.4259786877647173e-14
  endloop
endfacet
facet normal -0.92387953251132 -0.38268343236500957 -5.128561644869967e-16
  outer loop
    vertex 136.04097088248588 887.5259755943597 -1.437069862688159e-14
    vertex 136.24077172749512 887.0436136845645 8.999999999999991
    vertex 136.04097088248585 887.5259755943597 8.999999999999991
  endloop
endfacet
facet normal -0.7933533402911987 -0.6087614290087682 -4.3989082615881974e-16
  outer loop
    vertex 136.04097088248585 887.5259755943597 8.999999999999991
    vertex 135.7231336372901 887.9401891567327 -1.454713374073149e-14
    vertex 136.04097088248588 887.5259755943597 -1.437069862688159e-14
  endloop
endfacet
facet normal -0.7933533402911987 -0.6087614290087682 -4.3989082615881974e-16
  outer loop
    vertex 135.7231336372901 887.9401891567327 -1.454713374073149e-14
    vertex 136.04097088248585 887.5259755943597 8.999999999999991
    vertex 135.72313363729006 887.9401891567327 8.999999999999998
  endloop
endfacet
facet normal -0.6087614290086782 -0.7933533402912677 -3.3847313557663497e-16
  outer loop
    vertex 135.72313363729006 887.9401891567327 8.999999999999998
    vertex 135.30892007491695 888.2580264019285 -1.4777068457760814e-14
    vertex 135.7231336372901 887.9401891567327 -1.454713374073149e-14
  endloop
endfacet
facet normal -0.6087614290086782 -0.7933533402912677 -3.3847313557663497e-16
  outer loop
    vertex 135.30892007491695 888.2580264019285 -1.4777068457760814e-14
    vertex 135.72313363729006 887.9401891567327 8.999999999999998
    vertex 135.30892007491693 888.2580264019285 8.999999999999993
  endloop
endfacet
facet normal -0.3826834323651444 -0.9238795325112642 -2.1243197887718358e-16
  outer loop
    vertex 135.30892007491693 888.2580264019285 8.999999999999993
    vertex 134.82655816512198 888.4578272469378 -1.5044833106989086e-14
    vertex 135.30892007491695 888.2580264019285 -1.4777068457760814e-14
  endloop
endfacet
facet normal -0.3826834323651444 -0.9238795325112642 -2.1243197887718358e-16
  outer loop
    vertex 134.82655816512198 888.4578272469378 -1.5044833106989086e-14
    vertex 135.30892007491693 888.2580264019285 8.999999999999993
    vertex 134.82655816512195 888.4578272469378 8.99999999999999
  endloop
endfacet
facet normal -0.13052619221998146 -0.9914448613738197 -7.245659195963619e-17
  outer loop
    vertex 134.82655816512195 888.4578272469378 8.99999999999999
    vertex 134.30892007491693 888.5259755943596 -1.5332179970073418e-14
    vertex 134.82655816512198 888.4578272469378 -1.5044833106989086e-14
  endloop
endfacet
facet normal -0.13052619221998146 -0.9914448613738197 -7.245659195963619e-17
  outer loop
    vertex 134.30892007491693 888.5259755943596 -1.5332179970073418e-14
    vertex 134.82655816512195 888.4578272469378 8.99999999999999
    vertex 134.3089200749169 888.5259755943596 8.99999999999999
  endloop
endfacet
facet normal 0.13052619221998146 -0.9914448613738197 7.245659195963619e-17
  outer loop
    vertex 134.3089200749169 888.5259755943596 8.99999999999999
    vertex 133.79128198471184 888.4578272469378 -1.5619526833157746e-14
    vertex 134.30892007491693 888.5259755943596 -1.5332179970073418e-14
  endloop
endfacet
facet normal 0.13052619221998146 -0.9914448613738197 7.245659195963619e-17
  outer loop
    vertex 133.79128198471184 888.4578272469378 -1.5619526833157746e-14
    vertex 134.3089200749169 888.5259755943596 8.99999999999999
    vertex 133.79128198471182 888.4578272469378 8.99999999999999
  endloop
endfacet
facet normal 0.3826834323651444 -0.9238795325112642 2.1293254829605894e-16
  outer loop
    vertex 133.79128198471182 888.4578272469378 8.99999999999999
    vertex 133.30892007491687 888.2580264019285 -1.5887291482386018e-14
    vertex 133.79128198471184 888.4578272469378 -1.5619526833157746e-14
  endloop
endfacet
facet normal 0.3826834323651444 -0.9238795325112642 2.1293254829605894e-16
  outer loop
    vertex 133.30892007491687 888.2580264019285 -1.5887291482386018e-14
    vertex 133.79128198471182 888.4578272469378 8.99999999999999
    vertex 133.30892007491684 888.2580264019285 8.999999999999996
  endloop
endfacet
facet normal 0.6087614290086784 -0.7933533402912677 3.364652936065618e-16
  outer loop
    vertex 133.30892007491684 888.2580264019285 8.999999999999996
    vertex 132.89470651254373 887.9401891567327 -1.7527209440689294e-14
    vertex 133.30892007491687 888.2580264019285 -1.5887291482386018e-14
  endloop
endfacet
facet normal 0.6087614290086784 -0.7933533402912677 3.364652936065618e-16
  outer loop
    vertex 132.89470651254373 887.9401891567327 -1.7527209440689294e-14
    vertex 133.30892007491684 888.2580264019285 8.999999999999996
    vertex 132.89470651254373 887.9401891567327 8.999999999999995
  endloop
endfacet
facet normal 0.793353340291327 -0.6087614290086011 4.3976194751431996e-16
  outer loop
    vertex 132.89470651254373 887.9401891567327 8.999999999999995
    vertex 132.57686926734794 887.5259755943595 -1.629366131326524e-14
    vertex 132.89470651254373 887.9401891567327 -1.7527209440689294e-14
  endloop
endfacet
facet normal 0.793353340291327 -0.6087614290086011 4.3976194751431996e-16
  outer loop
    vertex 132.57686926734794 887.5259755943595 -1.629366131326524e-14
    vertex 132.89470651254373 887.9401891567327 8.999999999999995
    vertex 132.57686926734794 887.5259755943595 8.999999999999988
  endloop
endfacet
facet normal 0.9238795325112694 -0.3826834323651318 5.128561644869686e-16
  outer loop
    vertex 132.57686926734794 887.5259755943595 8.999999999999988
    vertex 132.3770684223387 887.0436136845645 -1.6404573062499662e-14
    vertex 132.57686926734794 887.5259755943595 -1.629366131326524e-14
  endloop
endfacet
facet normal 0.9238795325112694 -0.3826834323651318 5.128561644869686e-16
  outer loop
    vertex 132.3770684223387 887.0436136845645 -1.6404573062499662e-14
    vertex 132.57686926734794 887.5259755943595 8.999999999999988
    vertex 132.37706842233868 887.0436136845645 8.999999999999988
  endloop
endfacet
facet normal 0.13052619222032685 0.9914448613737743 1.232595164407831e-32
  outer loop
    vertex 141.29128198471184 855.0941239417816 -1.7632456062181472e-16
    vertex 141.8089200749169 855.0259755943597 8.999999999999993
    vertex 141.8089200749169 855.0259755943597 1.1102230246250292e-16
  endloop
endfacet
facet normal 0.13052619222032685 0.9914448613737743 1.232595164407831e-32
  outer loop
    vertex 141.8089200749169 855.0259755943597 8.999999999999993
    vertex 141.29128198471184 855.0941239417816 -1.7632456062181472e-16
    vertex 141.29128198471184 855.0941239417816 8.999999999999993
  endloop
endfacet
facet normal -0.13052619222032685 0.9914448613737743 2.3682585572678653e-19
  outer loop
    vertex 141.8089200749169 855.0259755943597 1.1102230246250292e-16
    vertex 142.32655816512195 855.0941239417816 8.999999999999993
    vertex 142.32655816512195 855.0941239417816 3.983691655468206e-16
  endloop
endfacet
facet normal -0.13052619222032685 0.9914448613737743 2.3682585572678653e-19
  outer loop
    vertex 142.32655816512195 855.0941239417816 8.999999999999993
    vertex 141.8089200749169 855.0259755943597 1.1102230246250292e-16
    vertex 141.8089200749169 855.0259755943597 8.999999999999993
  endloop
endfacet
facet normal -0.38268343236486463 0.92387953251138 -2.7377050586345423e-19
  outer loop
    vertex 142.32655816512195 855.0941239417816 3.983691655468206e-16
    vertex 142.8089200749169 855.2939247867907 8.999999999999995
    vertex 142.8089200749169 855.2939247867907 6.661338147750802e-16
  endloop
endfacet
facet normal -0.38268343236486463 0.92387953251138 -2.7377050586345423e-19
  outer loop
    vertex 142.8089200749169 855.2939247867907 8.999999999999995
    vertex 142.32655816512195 855.0941239417816 3.983691655468206e-16
    vertex 142.32655816512195 855.0941239417816 8.999999999999993
  endloop
endfacet
facet normal -0.6087614290089166 0.7933533402910847 9.496693097516439e-20
  outer loop
    vertex 142.8089200749169 855.2939247867907 6.661338147750802e-16
    vertex 143.22313363729 855.6117620319867 9.0
    vertex 143.22313363729 855.6117620319867 -5.139147094695564e-16
  endloop
endfacet
facet normal -0.6087614290089166 0.7933533402910847 9.496693097516439e-20
  outer loop
    vertex 143.22313363729 855.6117620319867 9.0
    vertex 142.8089200749169 855.2939247867907 6.661338147750802e-16
    vertex 142.8089200749169 855.2939247867907 8.999999999999995
  endloop
endfacet
facet normal -0.7933533402912196 0.6087614290087409 -2.238455755436272e-19
  outer loop
    vertex 143.22313363729 855.6117620319867 9.0
    vertex 143.54097088248577 856.0259755943598 -3.374795956196695e-16
    vertex 143.22313363729 855.6117620319867 -5.139147094695564e-16
  endloop
endfacet
facet normal -0.7933533402912196 0.6087614290087409 -2.238455755436272e-19
  outer loop
    vertex 143.54097088248577 856.0259755943598 -3.374795956196695e-16
    vertex 143.22313363729 855.6117620319867 9.0
    vertex 143.54097088248577 856.0259755943598 8.999999999999995
  endloop
endfacet
facet normal -0.9238795325112541 0.38268343236516866 0.0
  outer loop
    vertex 143.54097088248577 856.0259755943598 8.999999999999995
    vertex 143.74077172749503 856.5083375041546 -2.2656784638523866e-16
    vertex 143.54097088248577 856.0259755943598 -3.374795956196695e-16
  endloop
endfacet
facet normal -0.9238795325112541 0.38268343236516866 0.0
  outer loop
    vertex 143.74077172749503 856.5083375041546 -2.2656784638523866e-16
    vertex 143.54097088248577 856.0259755943598 8.999999999999995
    vertex 143.74077172749503 856.5083375041546 8.999999999999995
  endloop
endfacet
facet normal -0.991444861373814 0.13052619222002393 0.0
  outer loop
    vertex 143.74077172749503 856.5083375041546 8.999999999999995
    vertex 143.8089200749169 857.0259755943597 -1.887379141862913e-16
    vertex 143.74077172749503 856.5083375041546 -2.2656784638523866e-16
  endloop
endfacet
facet normal -0.991444861373814 0.13052619222002393 0.0
  outer loop
    vertex 143.8089200749169 857.0259755943597 -1.887379141862913e-16
    vertex 143.74077172749503 856.5083375041546 8.999999999999995
    vertex 143.8089200749169 857.0259755943597 8.999999999999995
  endloop
endfacet
facet normal -0.9914448613738086 -0.1305261922200664 0.0
  outer loop
    vertex 143.8089200749169 857.0259755943597 8.999999999999995
    vertex 143.74077172749503 857.5436136845648 -2.265678463852512e-16
    vertex 143.8089200749169 857.0259755943597 -1.887379141862913e-16
  endloop
endfacet
facet normal -0.9914448613738086 -0.1305261922200664 0.0
  outer loop
    vertex 143.74077172749503 857.5436136845648 -2.265678463852512e-16
    vertex 143.8089200749169 857.0259755943597 8.999999999999995
    vertex 143.74077172749503 857.5436136845648 8.999999999999995
  endloop
endfacet
facet normal -0.9238795325112694 -0.3826834323651318 0.0
  outer loop
    vertex 143.74077172749503 857.5436136845648 8.999999999999995
    vertex 143.54097088248577 858.0259755943597 -3.374795956196695e-16
    vertex 143.74077172749503 857.5436136845648 -2.265678463852512e-16
  endloop
endfacet
facet normal -0.9238795325112694 -0.3826834323651318 0.0
  outer loop
    vertex 143.54097088248577 858.0259755943597 -3.374795956196695e-16
    vertex 143.74077172749503 857.5436136845648 8.999999999999995
    vertex 143.54097088248577 858.0259755943597 8.999999999999995
  endloop
endfacet
facet normal -0.7933533402912196 -0.6087614290087409 -2.238455755436272e-19
  outer loop
    vertex 143.54097088248577 858.0259755943597 8.999999999999995
    vertex 143.22313363729 858.4401891567327 -5.139147094695564e-16
    vertex 143.54097088248577 858.0259755943597 -3.374795956196695e-16
  endloop
endfacet
facet normal -0.7933533402912196 -0.6087614290087409 -2.238455755436272e-19
  outer loop
    vertex 143.22313363729 858.4401891567327 -5.139147094695564e-16
    vertex 143.54097088248577 858.0259755943597 8.999999999999995
    vertex 143.22313363729 858.4401891567327 9.0
  endloop
endfacet
facet normal -0.6087614290089166 -0.7933533402910847 8.275588749820447e-19
  outer loop
    vertex 142.8089200749169 858.7580264019286 8.999999999999993
    vertex 143.22313363729 858.4401891567327 -5.139147094695564e-16
    vertex 143.22313363729 858.4401891567327 9.0
  endloop
endfacet
facet normal -0.6087614290089166 -0.7933533402910847 8.275588749820447e-19
  outer loop
    vertex 143.22313363729 858.4401891567327 -5.139147094695564e-16
    vertex 142.8089200749169 858.7580264019286 8.999999999999993
    vertex 142.8089200749169 858.7580264019286 6.661338147750802e-16
  endloop
endfacet
facet normal -0.38268343236486463 -0.92387953251138 -7.395570986446986e-32
  outer loop
    vertex 142.32655816512195 858.9578272469378 8.999999999999993
    vertex 142.8089200749169 858.7580264019286 6.661338147750802e-16
    vertex 142.8089200749169 858.7580264019286 8.999999999999993
  endloop
endfacet
facet normal -0.38268343236486463 -0.92387953251138 -7.395570986446986e-32
  outer loop
    vertex 142.8089200749169 858.7580264019286 6.661338147750802e-16
    vertex 142.32655816512195 858.9578272469378 8.999999999999993
    vertex 142.32655816512195 858.9578272469378 3.983691655468206e-16
  endloop
endfacet
facet normal -0.13052619222032685 -0.9914448613737743 2.3682585572678653e-19
  outer loop
    vertex 141.8089200749169 859.0259755943598 8.999999999999993
    vertex 142.32655816512195 858.9578272469378 3.983691655468206e-16
    vertex 142.32655816512195 858.9578272469378 8.999999999999993
  endloop
endfacet
facet normal -0.13052619222032685 -0.9914448613737743 2.3682585572678653e-19
  outer loop
    vertex 142.32655816512195 858.9578272469378 3.983691655468206e-16
    vertex 141.8089200749169 859.0259755943598 8.999999999999993
    vertex 141.8089200749169 859.0259755943598 1.1102230246250292e-16
  endloop
endfacet
facet normal 0.13052619222032685 -0.9914448613737743 1.232595164407831e-32
  outer loop
    vertex 141.29128198471184 858.9578272469378 8.999999999999993
    vertex 141.8089200749169 859.0259755943598 1.1102230246250292e-16
    vertex 141.8089200749169 859.0259755943598 8.999999999999993
  endloop
endfacet
facet normal 0.13052619222032685 -0.9914448613737743 1.232595164407831e-32
  outer loop
    vertex 141.8089200749169 859.0259755943598 1.1102230246250292e-16
    vertex 141.29128198471184 858.9578272469378 8.999999999999993
    vertex 141.29128198471184 858.9578272469378 -1.7632456062181472e-16
  endloop
endfacet
facet normal 0.38268343236486463 -0.92387953251138 1.368852529317641e-19
  outer loop
    vertex 140.8089200749169 858.7580264019286 8.999999999999998
    vertex 141.29128198471184 858.9578272469378 -1.7632456062181472e-16
    vertex 141.29128198471184 858.9578272469378 8.999999999999993
  endloop
endfacet
facet normal 0.38268343236486463 -0.92387953251138 1.368852529317641e-19
  outer loop
    vertex 141.29128198471184 858.9578272469378 -1.7632456062181472e-16
    vertex 140.8089200749169 858.7580264019286 8.999999999999998
    vertex 140.8089200749169 858.7580264019286 -3.264055692397972e-15
  endloop
endfacet
facet normal 0.6087614290089167 -0.7933533402910847 2.465190328815662e-31
  outer loop
    vertex 140.3947065125438 858.4401891567327 8.999999999999998
    vertex 140.8089200749169 858.7580264019286 -3.264055692397972e-15
    vertex 140.8089200749169 858.7580264019286 8.999999999999998
  endloop
endfacet
facet normal 0.6087614290089167 -0.7933533402910847 2.465190328815662e-31
  outer loop
    vertex 140.8089200749169 858.7580264019286 -3.264055692397972e-15
    vertex 140.3947065125438 858.4401891567327 8.999999999999998
    vertex 140.3947065125438 858.4401891567327 -3.493990409427284e-15
  endloop
endfacet
facet normal 0.7933533402912196 -0.6087614290087409 9.496693097299505e-20
  outer loop
    vertex 140.3947065125438 858.4401891567327 8.999999999999998
    vertex 140.07686926734803 858.0259755943597 -2.260442282003222e-15
    vertex 140.3947065125438 858.4401891567327 -3.493990409427284e-15
  endloop
endfacet
facet normal 0.7933533402912196 -0.6087614290087409 9.496693097299505e-20
  outer loop
    vertex 140.07686926734803 858.0259755943597 -2.260442282003222e-15
    vertex 140.3947065125438 858.4401891567327 8.999999999999998
    vertex 140.07686926734803 858.0259755943597 8.999999999999991
  endloop
endfacet
facet normal 0.9238795325112541 -0.3826834323651686 7.888609052210118e-31
  outer loop
    vertex 140.07686926734803 858.0259755943597 8.999999999999991
    vertex 139.87706842233877 857.5436136845648 -2.3713540312376528e-15
    vertex 140.07686926734803 858.0259755943597 -2.260442282003222e-15
  endloop
endfacet
facet normal 0.9238795325112541 -0.3826834323651686 7.888609052210118e-31
  outer loop
    vertex 139.87706842233877 857.5436136845648 -2.3713540312376528e-15
    vertex 140.07686926734803 858.0259755943597 8.999999999999991
    vertex 139.87706842233877 857.5436136845648 8.999999999999991
  endloop
endfacet
facet normal 0.991444861373814 -0.13052619222002393 2.140431148444209e-19
  outer loop
    vertex 139.87706842233877 857.5436136845648 8.999999999999991
    vertex 139.8089200749169 857.0259755943597 -2.4091839634366003e-15
    vertex 139.87706842233877 857.5436136845648 -2.3713540312376528e-15
  endloop
endfacet
facet normal 0.991444861373814 -0.13052619222002393 2.140431148444209e-19
  outer loop
    vertex 139.8089200749169 857.0259755943597 -2.4091839634366003e-15
    vertex 139.87706842233877 857.5436136845648 8.999999999999991
    vertex 139.8089200749169 857.0259755943597 8.999999999999991
  endloop
endfacet
facet normal 0.9914448613738086 0.1305261922200664 0.0
  outer loop
    vertex 139.8089200749169 857.0259755943597 8.999999999999991
    vertex 139.87706842233877 856.5083375041546 -2.3713540312376406e-15
    vertex 139.8089200749169 857.0259755943597 -2.4091839634366003e-15
  endloop
endfacet
facet normal 0.9914448613738086 0.1305261922200664 0.0
  outer loop
    vertex 139.87706842233877 856.5083375041546 -2.3713540312376406e-15
    vertex 139.8089200749169 857.0259755943597 8.999999999999991
    vertex 139.87706842233877 856.5083375041546 8.999999999999991
  endloop
endfacet
facet normal 0.9238795325112694 0.3826834323651318 1.9721522630525295e-31
  outer loop
    vertex 139.87706842233877 856.5083375041546 8.999999999999991
    vertex 140.07686926734803 856.0259755943598 -2.260442282003222e-15
    vertex 139.87706842233877 856.5083375041546 -2.3713540312376406e-15
  endloop
endfacet
facet normal 0.9238795325112694 0.3826834323651318 1.9721522630525295e-31
  outer loop
    vertex 140.07686926734803 856.0259755943598 -2.260442282003222e-15
    vertex 139.87706842233877 856.5083375041546 8.999999999999991
    vertex 140.07686926734803 856.0259755943598 8.999999999999991
  endloop
endfacet
facet normal 0.7933533402912196 0.6087614290087409 9.496693097299505e-20
  outer loop
    vertex 140.07686926734803 856.0259755943598 -2.260442282003222e-15
    vertex 140.3947065125438 855.6117620319867 8.999999999999998
    vertex 140.3947065125438 855.6117620319867 -3.493990409427284e-15
  endloop
endfacet
facet normal 0.7933533402912196 0.6087614290087409 9.496693097299505e-20
  outer loop
    vertex 140.3947065125438 855.6117620319867 8.999999999999998
    vertex 140.07686926734803 856.0259755943598 -2.260442282003222e-15
    vertex 140.07686926734803 856.0259755943598 8.999999999999991
  endloop
endfacet
facet normal 0.6087614290089166 0.7933533402910847 5.426580820572418e-19
  outer loop
    vertex 140.3947065125438 855.6117620319867 -3.493990409427284e-15
    vertex 140.8089200749169 855.2939247867907 8.999999999999998
    vertex 140.8089200749169 855.2939247867907 -4.4408920985007435e-16
  endloop
endfacet
facet normal 0.6087614290089166 0.7933533402910847 5.426580820572418e-19
  outer loop
    vertex 140.8089200749169 855.2939247867907 8.999999999999998
    vertex 140.3947065125438 855.6117620319867 -3.493990409427284e-15
    vertex 140.3947065125438 855.6117620319867 8.999999999999998
  endloop
endfacet
facet normal 0.38268343236486463 0.92387953251138 -8.213115175903873e-19
  outer loop
    vertex 140.8089200749169 855.2939247867907 -4.4408920985007435e-16
    vertex 141.29128198471184 855.0941239417816 8.999999999999993
    vertex 141.29128198471184 855.0941239417816 -1.7632456062181472e-16
  endloop
endfacet
facet normal 0.38268343236486463 0.92387953251138 -8.213115175903873e-19
  outer loop
    vertex 141.29128198471184 855.0941239417816 8.999999999999993
    vertex 140.8089200749169 855.2939247867907 -4.4408920985007435e-16
    vertex 140.8089200749169 855.2939247867907 8.999999999999998
  endloop
endfacet
facet normal -0.13052619221998707 -0.991444861373819 1.1391370440702098e-20
  outer loop
    vertex 141.8089200749169 569.0259755943598 8.999999999999993
    vertex 142.32655816512195 568.957827246938 -5.241563799548974e-15
    vertex 142.32655816512195 568.957827246938 8.999999999999993
  endloop
endfacet
facet normal -0.13052619221998707 -0.991444861373819 1.1391370440702098e-20
  outer loop
    vertex 142.32655816512195 568.957827246938 -5.241563799548974e-15
    vertex 141.8089200749169 569.0259755943598 8.999999999999993
    vertex 141.8089200749169 569.0259755943598 -5.528910662633292e-15
  endloop
endfacet
facet normal 0.13052619221998707 -0.991444861373819 0.0
  outer loop
    vertex 141.29128198471184 568.957827246938 8.999999999999993
    vertex 141.8089200749169 569.0259755943598 -5.528910662633292e-15
    vertex 141.8089200749169 569.0259755943598 8.999999999999993
  endloop
endfacet
facet normal 0.13052619221998707 -0.991444861373819 0.0
  outer loop
    vertex 141.8089200749169 569.0259755943598 -5.528910662633292e-15
    vertex 141.29128198471184 568.957827246938 8.999999999999993
    vertex 141.29128198471184 568.957827246938 -5.8162575257176094e-15
  endloop
endfacet
facet normal 0.3826834323651596 -0.9238795325112579 -4.1065575879329547e-19
  outer loop
    vertex 140.8089200749169 568.7580264019286 8.999999999999998
    vertex 141.29128198471184 568.957827246938 -5.8162575257176094e-15
    vertex 141.29128198471184 568.957827246938 8.999999999999993
  endloop
endfacet
facet normal 0.3826834323651596 -0.9238795325112579 -4.1065575879329547e-19
  outer loop
    vertex 141.29128198471184 568.957827246938 -5.8162575257176094e-15
    vertex 140.8089200749169 568.7580264019286 8.999999999999998
    vertex 140.8089200749169 568.7580264019286 -6.084022174945869e-15
  endloop
endfacet
facet normal 0.608761429008699 -0.7933533402912517 2.465190328815662e-31
  outer loop
    vertex 140.3947065125438 568.4401891567329 8.999999999999998
    vertex 140.8089200749169 568.7580264019286 -6.084022174945869e-15
    vertex 140.8089200749169 568.7580264019286 8.999999999999998
  endloop
endfacet
facet normal 0.608761429008699 -0.7933533402912517 2.465190328815662e-31
  outer loop
    vertex 140.8089200749169 568.7580264019286 -6.084022174945869e-15
    vertex 140.3947065125438 568.4401891567329 8.999999999999998
    vertex 140.3947065125438 568.4401891567329 -6.313956891975182e-15
  endloop
endfacet
facet normal 0.7933533402912838 -0.6087614290086573 1.465183888012134e-18
  outer loop
    vertex 140.3947065125438 568.4401891567329 8.999999999999998
    vertex 140.07686926734803 568.0259755943598 -5.0804087645511195e-15
    vertex 140.3947065125438 568.4401891567329 -6.313956891975182e-15
  endloop
endfacet
facet normal 0.7933533402912838 -0.6087614290086573 1.465183888012134e-18
  outer loop
    vertex 140.07686926734803 568.0259755943598 -5.0804087645511195e-15
    vertex 140.3947065125438 568.4401891567329 8.999999999999998
    vertex 140.07686926734803 568.0259755943598 8.999999999999991
  endloop
endfacet
facet normal 0.9238795325112541 -0.3826834323651686 1.9721522630525295e-31
  outer loop
    vertex 140.07686926734803 568.0259755943598 8.999999999999991
    vertex 139.87706842233877 567.5436136845649 -5.19132051378555e-15
    vertex 140.07686926734803 568.0259755943598 -5.0804087645511195e-15
  endloop
endfacet
facet normal 0.9238795325112541 -0.3826834323651686 1.9721522630525295e-31
  outer loop
    vertex 139.87706842233877 567.5436136845649 -5.19132051378555e-15
    vertex 140.07686926734803 568.0259755943598 8.999999999999991
    vertex 139.87706842233877 567.5436136845649 8.999999999999991
  endloop
endfacet
facet normal 0.991444861373814 -0.13052619222002393 2.140431148444209e-19
  outer loop
    vertex 139.87706842233877 567.5436136845649 8.999999999999991
    vertex 139.8089200749169 567.0259755943598 -5.229150445984498e-15
    vertex 139.87706842233877 567.5436136845649 -5.19132051378555e-15
  endloop
endfacet
facet normal 0.991444861373814 -0.13052619222002393 2.140431148444209e-19
  outer loop
    vertex 139.8089200749169 567.0259755943598 -5.229150445984498e-15
    vertex 139.87706842233877 567.5436136845649 8.999999999999991
    vertex 139.8089200749169 567.0259755943598 8.999999999999991
  endloop
endfacet
facet normal 0.9914448613738086 0.1305261922200664 0.0
  outer loop
    vertex 139.8089200749169 567.0259755943598 8.999999999999991
    vertex 139.87706842233877 566.5083375041547 -5.191320513785538e-15
    vertex 139.8089200749169 567.0259755943598 -5.229150445984498e-15
  endloop
endfacet
facet normal 0.9914448613738086 0.1305261922200664 0.0
  outer loop
    vertex 139.87706842233877 566.5083375041547 -5.191320513785538e-15
    vertex 139.8089200749169 567.0259755943598 8.999999999999991
    vertex 139.87706842233877 566.5083375041547 8.999999999999991
  endloop
endfacet
facet normal 0.9238795325112946 0.3826834323650706 -9.860761315262645e-32
  outer loop
    vertex 139.87706842233877 566.5083375041547 8.999999999999991
    vertex 140.07686926734803 566.0259755943598 -5.0804087645511195e-15
    vertex 139.87706842233877 566.5083375041547 -5.191320513785538e-15
  endloop
endfacet
facet normal 0.9238795325112946 0.3826834323650706 -9.860761315262645e-32
  outer loop
    vertex 140.07686926734803 566.0259755943598 -5.0804087645511195e-15
    vertex 139.87706842233877 566.5083375041547 8.999999999999991
    vertex 140.07686926734803 566.0259755943598 8.999999999999991
  endloop
endfacet
facet normal 0.7933533402912198 0.6087614290087409 1.4651838880124791e-18
  outer loop
    vertex 140.07686926734803 566.0259755943598 -5.0804087645511195e-15
    vertex 140.3947065125438 565.6117620319867 8.999999999999998
    vertex 140.3947065125438 565.6117620319867 -6.313956891975182e-15
  endloop
endfacet
facet normal 0.7933533402912198 0.6087614290087409 1.4651838880124791e-18
  outer loop
    vertex 140.3947065125438 565.6117620319867 8.999999999999998
    vertex 140.07686926734803 566.0259755943598 -5.0804087645511195e-15
    vertex 140.07686926734803 566.0259755943598 8.999999999999991
  endloop
endfacet
facet normal 0.608761429008699 0.7933533402912517 -7.325919440060423e-19
  outer loop
    vertex 140.3947065125438 565.6117620319867 -6.313956891975182e-15
    vertex 140.8089200749169 565.293924786791 8.999999999999998
    vertex 140.8089200749169 565.293924786791 -6.084022174945869e-15
  endloop
endfacet
facet normal 0.608761429008699 0.7933533402912517 -7.325919440060423e-19
  outer loop
    vertex 140.8089200749169 565.293924786791 8.999999999999998
    vertex 140.3947065125438 565.6117620319867 -6.313956891975182e-15
    vertex 140.3947065125438 565.6117620319867 8.999999999999998
  endloop
endfacet
facet normal 0.38268343236515967 0.9238795325112579 -2.3485796424441483e-20
  outer loop
    vertex 140.8089200749169 565.293924786791 -6.084022174945869e-15
    vertex 141.29128198471184 565.0941239417816 8.999999999999993
    vertex 141.29128198471184 565.0941239417816 -5.8162575257176094e-15
  endloop
endfacet
facet normal 0.38268343236515967 0.9238795325112579 -2.3485796424441483e-20
  outer loop
    vertex 141.29128198471184 565.0941239417816 8.999999999999993
    vertex 140.8089200749169 565.293924786791 -6.084022174945869e-15
    vertex 140.8089200749169 565.293924786791 8.999999999999998
  endloop
endfacet
facet normal 0.13052619221998707 0.991444861373819 0.0
  outer loop
    vertex 141.29128198471184 565.0941239417816 -5.8162575257176094e-15
    vertex 141.8089200749169 565.0259755943598 8.999999999999993
    vertex 141.8089200749169 565.0259755943598 -5.528910662633292e-15
  endloop
endfacet
facet normal 0.13052619221998707 0.991444861373819 0.0
  outer loop
    vertex 141.8089200749169 565.0259755943598 8.999999999999993
    vertex 141.29128198471184 565.0941239417816 -5.8162575257176094e-15
    vertex 141.29128198471184 565.0941239417816 8.999999999999993
  endloop
endfacet
facet normal -0.13052619221998707 0.991444861373819 1.1391370440702098e-20
  outer loop
    vertex 141.8089200749169 565.0259755943598 -5.528910662633292e-15
    vertex 142.32655816512195 565.0941239417816 8.999999999999993
    vertex 142.32655816512195 565.0941239417816 -5.241563799548974e-15
  endloop
endfacet
facet normal -0.13052619221998707 0.991444861373819 1.1391370440702098e-20
  outer loop
    vertex 142.32655816512195 565.0941239417816 8.999999999999993
    vertex 141.8089200749169 565.0259755943598 -5.528910662633292e-15
    vertex 141.8089200749169 565.0259755943598 8.999999999999993
  endloop
endfacet
facet normal -0.38268343236515967 0.9238795325112579 -2.7377050586222163e-19
  outer loop
    vertex 142.32655816512195 565.0941239417816 -5.241563799548974e-15
    vertex 142.8089200749169 565.293924786791 8.999999999999995
    vertex 142.8089200749169 565.293924786791 -4.9737991503207144e-15
  endloop
endfacet
facet normal -0.38268343236515967 0.9238795325112579 -2.7377050586222163e-19
  outer loop
    vertex 142.8089200749169 565.293924786791 8.999999999999995
    vertex 142.32655816512195 565.0941239417816 -5.241563799548974e-15
    vertex 142.32655816512195 565.0941239417816 8.999999999999993
  endloop
endfacet
facet normal -0.608761429008699 0.7933533402912517 -1.2752500260667848e-18
  outer loop
    vertex 142.8089200749169 565.293924786791 -4.9737991503207144e-15
    vertex 143.22313363729 565.6117620319867 9.0
    vertex 143.22313363729 565.6117620319867 -6.153847674565351e-15
  endloop
endfacet
facet normal -0.608761429008699 0.7933533402912517 -1.2752500260667848e-18
  outer loop
    vertex 143.22313363729 565.6117620319867 9.0
    vertex 142.8089200749169 565.293924786791 -4.9737991503207144e-15
    vertex 142.8089200749169 565.293924786791 8.999999999999995
  endloop
endfacet
facet normal -0.7933533402912838 0.6087614290086574 -2.2384557554407094e-19
  outer loop
    vertex 143.22313363729 565.6117620319867 9.0
    vertex 143.54097088248577 566.0259755943598 -5.977412560715464e-15
    vertex 143.22313363729 565.6117620319867 -6.153847674565351e-15
  endloop
endfacet
facet normal -0.7933533402912838 0.6087614290086574 -2.2384557554407094e-19
  outer loop
    vertex 143.54097088248577 566.0259755943598 -5.977412560715464e-15
    vertex 143.22313363729 565.6117620319867 9.0
    vertex 143.54097088248577 566.0259755943598 8.999999999999995
  endloop
endfacet
facet normal -0.9238795325112541 0.3826834323651686 0.0
  outer loop
    vertex 143.54097088248577 566.0259755943598 8.999999999999995
    vertex 143.74077172749503 566.5083375041547 -5.8665008114810335e-15
    vertex 143.54097088248577 566.0259755943598 -5.977412560715464e-15
  endloop
endfacet
facet normal -0.9238795325112541 0.3826834323651686 0.0
  outer loop
    vertex 143.74077172749503 566.5083375041547 -5.8665008114810335e-15
    vertex 143.54097088248577 566.0259755943598 8.999999999999995
    vertex 143.74077172749503 566.5083375041547 8.999999999999995
  endloop
endfacet
facet normal -0.991444861373814 0.13052619222002393 0.0
  outer loop
    vertex 143.74077172749503 566.5083375041547 8.999999999999995
    vertex 143.8089200749169 567.0259755943598 -5.828670879282086e-15
    vertex 143.74077172749503 566.5083375041547 -5.8665008114810335e-15
  endloop
endfacet
facet normal -0.991444861373814 0.13052619222002393 0.0
  outer loop
    vertex 143.8089200749169 567.0259755943598 -5.828670879282086e-15
    vertex 143.74077172749503 566.5083375041547 8.999999999999995
    vertex 143.8089200749169 567.0259755943598 8.999999999999995
  endloop
endfacet
facet normal -0.9914448613738086 -0.1305261922200664 0.0
  outer loop
    vertex 143.8089200749169 567.0259755943598 8.999999999999995
    vertex 143.74077172749503 567.5436136845649 -5.866500811481046e-15
    vertex 143.8089200749169 567.0259755943598 -5.828670879282086e-15
  endloop
endfacet
facet normal -0.9914448613738086 -0.1305261922200664 0.0
  outer loop
    vertex 143.74077172749503 567.5436136845649 -5.866500811481046e-15
    vertex 143.8089200749169 567.0259755943598 8.999999999999995
    vertex 143.74077172749503 567.5436136845649 8.999999999999995
  endloop
endfacet
facet normal -0.9238795325112946 -0.38268343236507063 0.0
  outer loop
    vertex 143.74077172749503 567.5436136845649 8.999999999999995
    vertex 143.54097088248577 568.0259755943598 -5.977412560715464e-15
    vertex 143.74077172749503 567.5436136845649 -5.866500811481046e-15
  endloop
endfacet
facet normal -0.9238795325112946 -0.38268343236507063 0.0
  outer loop
    vertex 143.54097088248577 568.0259755943598 -5.977412560715464e-15
    vertex 143.74077172749503 567.5436136845649 8.999999999999995
    vertex 143.54097088248577 568.0259755943598 8.999999999999995
  endloop
endfacet
facet normal -0.7933533402912198 -0.6087614290087409 -2.238455755436272e-19
  outer loop
    vertex 143.54097088248577 568.0259755943598 8.999999999999995
    vertex 143.22313363729 568.4401891567329 -6.153847674565351e-15
    vertex 143.54097088248577 568.0259755943598 -5.977412560715464e-15
  endloop
endfacet
facet normal -0.7933533402912198 -0.6087614290087409 -2.238455755436272e-19
  outer loop
    vertex 143.22313363729 568.4401891567329 -6.153847674565351e-15
    vertex 143.54097088248577 568.0259755943598 8.999999999999995
    vertex 143.22313363729 568.4401891567329 9.0
  endloop
endfacet
facet normal -0.608761429008699 -0.7933533402912517 -1.9128750391005224e-18
  outer loop
    vertex 142.8089200749169 568.7580264019286 8.999999999999993
    vertex 143.22313363729 568.4401891567329 -6.153847674565351e-15
    vertex 143.22313363729 568.4401891567329 9.0
  endloop
endfacet
facet normal -0.608761429008699 -0.7933533402912517 -1.9128750391005224e-18
  outer loop
    vertex 143.22313363729 568.4401891567329 -6.153847674565351e-15
    vertex 142.8089200749169 568.7580264019286 8.999999999999993
    vertex 142.8089200749169 568.7580264019286 -4.9737991503207144e-15
  endloop
endfacet
facet normal -0.38268343236515967 -0.9238795325112579 -7.395570986446986e-32
  outer loop
    vertex 142.32655816512195 568.957827246938 8.999999999999993
    vertex 142.8089200749169 568.7580264019286 -4.9737991503207144e-15
    vertex 142.8089200749169 568.7580264019286 8.999999999999993
  endloop
endfacet
facet normal -0.38268343236515967 -0.9238795325112579 -7.395570986446986e-32
  outer loop
    vertex 142.8089200749169 568.7580264019286 -4.9737991503207144e-15
    vertex 142.32655816512195 568.957827246938 8.999999999999993
    vertex 142.32655816512195 568.957827246938 -5.241563799548974e-15
  endloop
endfacet
facet normal -5.551115123125783e-16 0.0 1.0
  outer loop
    vertex 14.30892007491693 882.0259755943598 8.999999999999924
    vertex 4.826558165121993 884.5941239417816 8.999999999999917
    vertex 4.308920074916925 884.5259755943598 8.999999999999917
  endloop
endfacet
facet normal -5.551115123125783e-16 0.0 1.0
  outer loop
    vertex 4.826558165121993 884.5941239417816 8.999999999999917
    vertex 14.30892007491693 882.0259755943598 8.999999999999924
    vertex 5.308920074916968 884.793924786791 8.999999999999917
  endloop
endfacet
facet normal -5.551115123125783e-16 0.0 1.0
  outer loop
    vertex 5.308920074916968 884.793924786791 8.999999999999917
    vertex 14.30892007491693 882.0259755943598 8.999999999999924
    vertex 14.30892007491693 891.0259755943598 8.999999999999924
  endloop
endfacet
facet normal -5.551115123125783e-16 0.0 1.0
  outer loop
    vertex 5.308920074916968 884.793924786791 8.999999999999917
    vertex 14.30892007491693 891.0259755943598 8.999999999999924
    vertex 5.723133637290092 885.1117620319867 8.999999999999925
  endloop
endfacet
facet normal -5.551115123125783e-16 0.0 1.0
  outer loop
    vertex 5.723133637290092 885.1117620319867 8.999999999999925
    vertex 14.30892007491693 891.0259755943598 8.999999999999924
    vertex 6.040970882485882 885.5259755943599 8.999999999999925
  endloop
endfacet
facet normal -5.551115123125783e-16 0.0 1.0
  outer loop
    vertex 6.040970882485882 885.5259755943599 8.999999999999925
    vertex 14.30892007491693 891.0259755943598 8.999999999999924
    vertex 6.240771727495137 886.0083375041548 8.999999999999918
  endloop
endfacet
facet normal -5.551115123125783e-16 0.0 1.0
  outer loop
    vertex 6.240771727495137 886.0083375041548 8.999999999999918
    vertex 14.30892007491693 891.0259755943598 8.999999999999924
    vertex 6.308920074917012 886.5259755943599 8.999999999999918
  endloop
endfacet
facet normal -5.551115123125783e-16 0.0 1.0
  outer loop
    vertex 6.308920074917012 886.5259755943599 8.999999999999918
    vertex 14.30892007491693 891.0259755943598 8.999999999999924
    vertex 6.240771727495137 887.043613684565 8.999999999999918
  endloop
endfacet
facet normal -5.551115123125783e-16 0.0 1.0
  outer loop
    vertex 6.240771727495137 887.043613684565 8.999999999999918
    vertex 14.30892007491693 891.0259755943598 8.999999999999924
    vertex 6.040970882485882 887.52597559436 8.999999999999925
  endloop
endfacet
facet normal -5.551115123125783e-16 0.0 1.0
  outer loop
    vertex 6.040970882485882 887.52597559436 8.999999999999925
    vertex 14.30892007491693 891.0259755943598 8.999999999999924
    vertex 5.723133637290092 887.940189156733 8.999999999999925
  endloop
endfacet
facet normal -5.551115123125783e-16 0.0 1.0
  outer loop
    vertex 5.723133637290092 887.940189156733 8.999999999999925
    vertex 14.30892007491693 891.0259755943598 8.999999999999924
    vertex 5.308920074916968 888.2580264019289 8.999999999999917
  endloop
endfacet
facet normal -5.551115123125783e-16 0.0 1.0
  outer loop
    vertex 5.308920074916968 888.2580264019289 8.999999999999917
    vertex 14.30892007491693 891.0259755943598 8.999999999999924
    vertex 4.826558165121993 888.4578272469381 8.999999999999917
  endloop
endfacet
facet normal -5.551115123125783e-16 0.0 1.0
  outer loop
    vertex 4.826558165121993 888.4578272469381 8.999999999999917
    vertex 14.30892007491693 891.0259755943598 8.999999999999924
    vertex 4.308920074916925 888.5259755943599 8.999999999999917
  endloop
endfacet
facet normal -5.551115123125783e-16 0.0 1.0
  outer loop
    vertex 154.30892007491693 513.0259755943598 9.0
    vertex 124.30892007491691 533.0259755943597 8.999999999999984
    vertex -25.691079925083088 513.0259755943598 8.9999999999999
  endloop
endfacet
facet normal -5.551115123125783e-16 0.0 1.0
  outer loop
    vertex 124.30892007491691 533.0259755943597 8.999999999999984
    vertex 154.30892007491693 513.0259755943598 9.0
    vertex 134.82655816512192 535.5941239417816 8.99999999999998
  endloop
endfacet
facet normal -5.551115123125783e-16 0.0 1.0
  outer loop
    vertex 134.82655816512192 535.5941239417816 8.99999999999998
    vertex 154.30892007491693 513.0259755943598 9.0
    vertex 135.3089200749169 535.7939247867909 8.999999999999986
  endloop
endfacet
facet normal -5.551115123125783e-16 0.0 1.0
  outer loop
    vertex 135.3089200749169 535.7939247867909 8.999999999999986
    vertex 154.30892007491693 513.0259755943598 9.0
    vertex 135.72313363728998 536.1117620319867 8.999999999999991
  endloop
endfacet
facet normal -5.551115123125783e-16 0.0 1.0
  outer loop
    vertex 135.72313363728998 536.1117620319867 8.999999999999991
    vertex 154.30892007491693 513.0259755943598 9.0
    vertex 136.04097088248577 536.5259755943598 8.999999999999982
  endloop
endfacet
facet normal -5.551115123125783e-16 0.0 1.0
  outer loop
    vertex 136.04097088248577 536.5259755943598 8.999999999999982
    vertex 154.30892007491693 513.0259755943598 9.0
    vertex 136.24077172749503 537.0083375041547 8.999999999999982
  endloop
endfacet
facet normal -5.551115123125783e-16 0.0 1.0
  outer loop
    vertex 136.24077172749503 537.0083375041547 8.999999999999982
    vertex 154.30892007491693 513.0259755943598 9.0
    vertex 143.74077172749503 566.5083375041547 8.999999999999995
  endloop
endfacet
facet normal -5.551115123125783e-16 0.0 1.0
  outer loop
    vertex 143.74077172749503 566.5083375041547 8.999999999999995
    vertex 154.30892007491693 513.0259755943598 9.0
    vertex 146.30892007491693 582.0259755943598 8.999999999999996
  endloop
endfacet
facet normal -5.551115123125783e-16 0.0 1.0
  outer loop
    vertex 146.30892007491693 582.0259755943598 8.999999999999996
    vertex 154.30892007491693 513.0259755943598 9.0
    vertex 154.30892007491693 911.0259755943597 9.0
  endloop
endfacet
facet normal -5.551115123125783e-16 0.0 1.0
  outer loop
    vertex 124.30892007491691 533.0259755943597 8.999999999999984
    vertex 134.82655816512192 535.5941239417816 8.99999999999998
    vertex 134.3089200749169 535.5259755943598 8.99999999999998
  endloop
endfacet
facet normal -5.551115123125783e-16 0.0 1.0
  outer loop
    vertex 136.24077172749503 537.0083375041547 8.999999999999982
    vertex 143.74077172749503 566.5083375041547 8.999999999999995
    vertex 136.3089200749169 537.5259755943598 8.999999999999982
  endloop
endfacet
facet normal -5.551115123125783e-16 0.0 1.0
  outer loop
    vertex 136.3089200749169 537.5259755943598 8.999999999999982
    vertex 143.74077172749503 566.5083375041547 8.999999999999995
    vertex 136.240771727495 538.0436136845648 8.999999999999982
  endloop
endfacet
facet normal -5.551115123125783e-16 0.0 1.0
  outer loop
    vertex 136.240771727495 538.0436136845648 8.999999999999982
    vertex 143.74077172749503 566.5083375041547 8.999999999999995
    vertex 136.04097088248577 538.5259755943598 8.999999999999982
  endloop
endfacet
facet normal -5.551115123125783e-16 0.0 1.0
  outer loop
    vertex 136.04097088248577 538.5259755943598 8.999999999999982
    vertex 143.74077172749503 566.5083375041547 8.999999999999995
    vertex 135.72313363728998 538.9401891567328 8.999999999999991
  endloop
endfacet
facet normal -5.551115123125783e-16 0.0 1.0
  outer loop
    vertex 135.72313363728998 538.9401891567328 8.999999999999991
    vertex 143.74077172749503 566.5083375041547 8.999999999999995
    vertex 135.3089200749169 539.2580264019286 8.999999999999986
  endloop
endfacet
facet normal -5.551115123125783e-16 0.0 1.0
  outer loop
    vertex 135.3089200749169 539.2580264019286 8.999999999999986
    vertex 143.74077172749503 566.5083375041547 8.999999999999995
    vertex 134.82655816512192 539.4578272469379 8.99999999999998
  endloop
endfacet
facet normal -5.551115123125783e-16 0.0 1.0
  outer loop
    vertex 134.82655816512192 539.4578272469379 8.99999999999998
    vertex 143.74077172749503 566.5083375041547 8.999999999999995
    vertex 134.3089200749169 539.5259755943597 8.99999999999998
  endloop
endfacet
facet normal -5.551115123125783e-16 0.0 1.0
  outer loop
    vertex 134.3089200749169 539.5259755943597 8.99999999999998
    vertex 143.74077172749503 566.5083375041547 8.999999999999995
    vertex 143.54097088248577 566.0259755943598 8.999999999999995
  endloop
endfacet
facet normal -5.551115123125783e-16 0.0 1.0
  outer loop
    vertex 134.3089200749169 539.5259755943597 8.99999999999998
    vertex 143.54097088248577 566.0259755943598 8.999999999999995
    vertex 143.22313363729 565.6117620319867 9.0
  endloop
endfacet
facet normal -5.551115123125783e-16 0.0 1.0
  outer loop
    vertex 134.3089200749169 539.5259755943597 8.99999999999998
    vertex 143.22313363729 565.6117620319867 9.0
    vertex 124.30892007491691 542.0259755943597 8.999999999999984
  endloop
endfacet
facet normal -5.551115123125783e-16 0.0 1.0
  outer loop
    vertex 124.30892007491691 542.0259755943597 8.999999999999984
    vertex 143.22313363729 565.6117620319867 9.0
    vertex 142.8089200749169 565.293924786791 8.999999999999995
  endloop
endfacet
facet normal -5.551115123125783e-16 0.0 1.0
  outer loop
    vertex 124.30892007491691 542.0259755943597 8.999999999999984
    vertex 142.8089200749169 565.293924786791 8.999999999999995
    vertex 142.32655816512195 565.0941239417816 8.999999999999993
  endloop
endfacet
facet normal -5.551115123125783e-16 0.0 1.0
  outer loop
    vertex 124.30892007491691 542.0259755943597 8.999999999999984
    vertex 142.32655816512195 565.0941239417816 8.999999999999993
    vertex 14.30892007491693 542.0259755943597 8.999999999999924
  endloop
endfacet
facet normal -5.551115123125783e-16 0.0 1.0
  outer loop
    vertex 14.30892007491693 542.0259755943597 8.999999999999924
    vertex 142.32655816512195 565.0941239417816 8.999999999999993
    vertex 141.8089200749169 565.0259755943598 8.999999999999993
  endloop
endfacet
facet normal -5.551115123125783e-16 0.0 1.0
  outer loop
    vertex 143.74077172749503 566.5083375041547 8.999999999999995
    vertex 146.30892007491693 582.0259755943598 8.999999999999996
    vertex 143.8089200749169 567.0259755943598 8.999999999999995
  endloop
endfacet
facet normal -5.551115123125783e-16 0.0 1.0
  outer loop
    vertex 143.8089200749169 567.0259755943598 8.999999999999995
    vertex 146.30892007491693 582.0259755943598 8.999999999999996
    vertex 143.74077172749503 567.5436136845649 8.999999999999995
  endloop
endfacet
facet normal -5.551115123125783e-16 0.0 1.0
  outer loop
    vertex 143.74077172749503 567.5436136845649 8.999999999999995
    vertex 146.30892007491693 582.0259755943598 8.999999999999996
    vertex 143.54097088248577 568.0259755943598 8.999999999999995
  endloop
endfacet
facet normal -5.551115123125783e-16 0.0 1.0
  outer loop
    vertex 143.54097088248577 568.0259755943598 8.999999999999995
    vertex 146.30892007491693 582.0259755943598 8.999999999999996
    vertex 143.22313363729 568.4401891567329 9.0
  endloop
endfacet
facet normal -5.551115123125783e-16 0.0 1.0
  outer loop
    vertex 143.22313363729 568.4401891567329 9.0
    vertex 146.30892007491693 582.0259755943598 8.999999999999996
    vertex 142.8089200749169 568.7580264019286 8.999999999999993
  endloop
endfacet
facet normal -5.551115123125783e-16 0.0 1.0
  outer loop
    vertex 142.8089200749169 568.7580264019286 8.999999999999993
    vertex 146.30892007491693 582.0259755943598 8.999999999999996
    vertex 142.32655816512195 568.957827246938 8.999999999999993
  endloop
endfacet
facet normal -5.551115123125783e-16 0.0 1.0
  outer loop
    vertex 142.32655816512195 568.957827246938 8.999999999999993
    vertex 146.30892007491693 582.0259755943598 8.999999999999996
    vertex 141.8089200749169 569.0259755943598 8.999999999999993
  endloop
endfacet
facet normal -5.551115123125783e-16 0.0 1.0
  outer loop
    vertex 146.30892007491693 582.0259755943598 8.999999999999996
    vertex 154.30892007491693 911.0259755943597 9.0
    vertex 146.30892007491693 842.0259755943597 8.999999999999996
  endloop
endfacet
facet normal -5.551115123125783e-16 0.0 1.0
  outer loop
    vertex 146.30892007491693 842.0259755943597 8.999999999999996
    vertex 154.30892007491693 911.0259755943597 9.0
    vertex 143.74077172749503 856.5083375041546 8.999999999999995
  endloop
endfacet
facet normal -5.551115123125783e-16 0.0 1.0
  outer loop
    vertex 146.30892007491693 842.0259755943597 8.999999999999996
    vertex 143.74077172749503 856.5083375041546 8.999999999999995
    vertex 143.54097088248577 856.0259755943598 8.999999999999995
  endloop
endfacet
facet normal -5.551115123125783e-16 0.0 1.0
  outer loop
    vertex 146.30892007491693 842.0259755943597 8.999999999999996
    vertex 143.54097088248577 856.0259755943598 8.999999999999995
    vertex 137.3089200749169 842.0259755943597 8.999999999999991
  endloop
endfacet
facet normal -5.551115123125783e-16 0.0 1.0
  outer loop
    vertex 137.3089200749169 842.0259755943597 8.999999999999991
    vertex 143.54097088248577 856.0259755943598 8.999999999999995
    vertex 143.22313363729 855.6117620319867 9.0
  endloop
endfacet
facet normal -5.551115123125783e-16 0.0 1.0
  outer loop
    vertex 137.3089200749169 842.0259755943597 8.999999999999991
    vertex 143.22313363729 855.6117620319867 9.0
    vertex 142.8089200749169 855.2939247867907 8.999999999999995
  endloop
endfacet
facet normal -5.551115123125783e-16 0.0 1.0
  outer loop
    vertex 137.3089200749169 842.0259755943597 8.999999999999991
    vertex 142.8089200749169 855.2939247867907 8.999999999999995
    vertex 142.32655816512195 855.0941239417816 8.999999999999993
  endloop
endfacet
facet normal -5.551115123125783e-16 0.0 1.0
  outer loop
    vertex 137.3089200749169 842.0259755943597 8.999999999999991
    vertex 142.32655816512195 855.0941239417816 8.999999999999993
    vertex 141.8089200749169 855.0259755943597 8.999999999999993
  endloop
endfacet
facet normal -5.551115123125783e-16 0.0 1.0
  outer loop
    vertex 143.74077172749503 856.5083375041546 8.999999999999995
    vertex 154.30892007491693 911.0259755943597 9.0
    vertex 143.8089200749169 857.0259755943597 8.999999999999995
  endloop
endfacet
facet normal -5.551115123125783e-16 0.0 1.0
  outer loop
    vertex 143.8089200749169 857.0259755943597 8.999999999999995
    vertex 154.30892007491693 911.0259755943597 9.0
    vertex 143.74077172749503 857.5436136845648 8.999999999999995
  endloop
endfacet
facet normal -5.551115123125783e-16 0.0 1.0
  outer loop
    vertex 143.74077172749503 857.5436136845648 8.999999999999995
    vertex 154.30892007491693 911.0259755943597 9.0
    vertex 143.54097088248577 858.0259755943597 8.999999999999995
  endloop
endfacet
facet normal -5.551115123125783e-16 0.0 1.0
  outer loop
    vertex 143.54097088248577 858.0259755943597 8.999999999999995
    vertex 154.30892007491693 911.0259755943597 9.0
    vertex 143.22313363729 858.4401891567327 9.0
  endloop
endfacet
facet normal -5.551115123125783e-16 0.0 1.0
  outer loop
    vertex 143.22313363729 858.4401891567327 9.0
    vertex 154.30892007491693 911.0259755943597 9.0
    vertex 142.8089200749169 858.7580264019286 8.999999999999993
  endloop
endfacet
facet normal -5.551115123125783e-16 0.0 1.0
  outer loop
    vertex 142.8089200749169 858.7580264019286 8.999999999999993
    vertex 154.30892007491693 911.0259755943597 9.0
    vertex 142.32655816512195 858.9578272469378 8.999999999999993
  endloop
endfacet
facet normal -5.551115123125783e-16 0.0 1.0
  outer loop
    vertex 142.32655816512195 858.9578272469378 8.999999999999993
    vertex 154.30892007491693 911.0259755943597 9.0
    vertex 141.8089200749169 859.0259755943598 8.999999999999993
  endloop
endfacet
facet normal -5.551115123125783e-16 0.0 1.0
  outer loop
    vertex 141.8089200749169 859.0259755943598 8.999999999999993
    vertex 154.30892007491693 911.0259755943597 9.0
    vertex 136.04097088248585 885.5259755943596 8.999999999999991
  endloop
endfacet
facet normal -5.551115123125783e-16 0.0 1.0
  outer loop
    vertex 141.8089200749169 859.0259755943598 8.999999999999993
    vertex 136.04097088248585 885.5259755943596 8.999999999999991
    vertex 135.72313363729006 885.1117620319864 8.999999999999998
  endloop
endfacet
facet normal -5.551115123125783e-16 0.0 1.0
  outer loop
    vertex 141.8089200749169 859.0259755943598 8.999999999999993
    vertex 135.72313363729006 885.1117620319864 8.999999999999998
    vertex 135.30892007491693 884.7939247867905 8.999999999999993
  endloop
endfacet
facet normal -5.551115123125783e-16 0.0 1.0
  outer loop
    vertex 141.8089200749169 859.0259755943598 8.999999999999993
    vertex 135.30892007491693 884.7939247867905 8.999999999999993
    vertex 134.82655816512195 884.5941239417813 8.99999999999999
  endloop
endfacet
facet normal -5.551115123125783e-16 0.0 1.0
  outer loop
    vertex 141.8089200749169 859.0259755943598 8.999999999999993
    vertex 134.82655816512195 884.5941239417813 8.99999999999999
    vertex 124.30892007491691 882.0259755943597 8.999999999999984
  endloop
endfacet
facet normal -5.551115123125783e-16 0.0 1.0
  outer loop
    vertex 124.30892007491691 882.0259755943597 8.999999999999984
    vertex 134.82655816512195 884.5941239417813 8.99999999999999
    vertex 134.3089200749169 884.5259755943595 8.99999999999999
  endloop
endfacet
facet normal -5.551115123125783e-16 0.0 1.0
  outer loop
    vertex 136.04097088248585 885.5259755943596 8.999999999999991
    vertex 154.30892007491693 911.0259755943597 9.0
    vertex 136.24077172749512 886.0083375041545 8.999999999999991
  endloop
endfacet
facet normal -5.551115123125783e-16 0.0 1.0
  outer loop
    vertex 136.24077172749512 886.0083375041545 8.999999999999991
    vertex 154.30892007491693 911.0259755943597 9.0
    vertex 136.30892007491698 886.5259755943595 8.999999999999991
  endloop
endfacet
facet normal -5.551115123125783e-16 0.0 1.0
  outer loop
    vertex 136.30892007491698 886.5259755943595 8.999999999999991
    vertex 154.30892007491693 911.0259755943597 9.0
    vertex 136.24077172749512 887.0436136845645 8.999999999999991
  endloop
endfacet
facet normal -5.551115123125783e-16 0.0 1.0
  outer loop
    vertex 136.24077172749512 887.0436136845645 8.999999999999991
    vertex 154.30892007491693 911.0259755943597 9.0
    vertex 136.04097088248585 887.5259755943597 8.999999999999991
  endloop
endfacet
facet normal -5.551115123125783e-16 0.0 1.0
  outer loop
    vertex 136.04097088248585 887.5259755943597 8.999999999999991
    vertex 154.30892007491693 911.0259755943597 9.0
    vertex 135.72313363729006 887.9401891567327 8.999999999999998
  endloop
endfacet
facet normal -5.551115123125783e-16 0.0 1.0
  outer loop
    vertex 135.72313363729006 887.9401891567327 8.999999999999998
    vertex 154.30892007491693 911.0259755943597 9.0
    vertex 135.30892007491693 888.2580264019285 8.999999999999993
  endloop
endfacet
facet normal -5.551115123125783e-16 0.0 1.0
  outer loop
    vertex 135.30892007491693 888.2580264019285 8.999999999999993
    vertex 154.30892007491693 911.0259755943597 9.0
    vertex 134.82655816512195 888.4578272469378 8.99999999999999
  endloop
endfacet
facet normal -5.551115123125783e-16 0.0 1.0
  outer loop
    vertex 134.82655816512195 888.4578272469378 8.99999999999999
    vertex 154.30892007491693 911.0259755943597 9.0
    vertex 134.3089200749169 888.5259755943596 8.99999999999999
  endloop
endfacet
facet normal -5.551115123125783e-16 0.0 1.0
  outer loop
    vertex 134.3089200749169 888.5259755943596 8.99999999999999
    vertex 154.30892007491693 911.0259755943597 9.0
    vertex 124.30892007491691 891.0259755943596 8.999999999999984
  endloop
endfacet
facet normal -5.551115123125783e-16 0.0 1.0
  outer loop
    vertex 124.30892007491691 891.0259755943596 8.999999999999984
    vertex 154.30892007491693 911.0259755943597 9.0
    vertex 14.30892007491693 891.0259755943598 8.999999999999924
  endloop
endfacet
facet normal -5.551115123125783e-16 0.0 1.0
  outer loop
    vertex -25.691079925083088 513.0259755943598 8.9999999999999
    vertex 2.3089200749169287 537.5259755943598 8.999999999999917
    vertex -25.691079925083088 911.0259755943597 8.9999999999999
  endloop
endfacet
facet normal -5.551115123125783e-16 0.0 1.0
  outer loop
    vertex 2.3089200749169287 537.5259755943598 8.999999999999917
    vertex -25.691079925083088 513.0259755943598 8.9999999999999
    vertex 2.377068422338781 537.0083375041547 8.999999999999917
  endloop
endfacet
facet normal -5.551115123125783e-16 0.0 1.0
  outer loop
    vertex 2.377068422338781 537.0083375041547 8.999999999999917
    vertex -25.691079925083088 513.0259755943598 8.9999999999999
    vertex 2.5768692673480578 536.5259755943597 8.999999999999917
  endloop
endfacet
facet normal -5.551115123125783e-16 0.0 1.0
  outer loop
    vertex 2.5768692673480578 536.5259755943597 8.999999999999917
    vertex -25.691079925083088 513.0259755943598 8.9999999999999
    vertex 2.8947065125438263 536.1117620319867 8.999999999999917
  endloop
endfacet
facet normal -5.551115123125783e-16 0.0 1.0
  outer loop
    vertex 2.8947065125438263 536.1117620319867 8.999999999999917
    vertex -25.691079925083088 513.0259755943598 8.9999999999999
    vertex 3.308920074916927 535.7939247867909 8.999999999999925
  endloop
endfacet
facet normal -5.551115123125783e-16 0.0 1.0
  outer loop
    vertex 3.308920074916927 535.7939247867909 8.999999999999925
    vertex -25.691079925083088 513.0259755943598 8.9999999999999
    vertex 3.7912819847118797 535.5941239417816 8.999999999999917
  endloop
endfacet
facet normal -5.551115123125783e-16 0.0 1.0
  outer loop
    vertex 3.7912819847118797 535.5941239417816 8.999999999999917
    vertex -25.691079925083088 513.0259755943598 8.9999999999999
    vertex 14.30892007491693 533.0259755943598 8.999999999999924
  endloop
endfacet
facet normal -5.551115123125783e-16 0.0 1.0
  outer loop
    vertex 14.30892007491693 533.0259755943598 8.999999999999924
    vertex -25.691079925083088 513.0259755943598 8.9999999999999
    vertex 124.30892007491691 533.0259755943597 8.999999999999984
  endloop
endfacet
facet normal -5.551115123125783e-16 0.0 1.0
  outer loop
    vertex 3.7912819847118797 535.5941239417816 8.999999999999917
    vertex 14.30892007491693 533.0259755943598 8.999999999999924
    vertex 4.308920074916925 535.5259755943598 8.999999999999917
  endloop
endfacet
facet normal -5.551115123125783e-16 0.0 1.0
  outer loop
    vertex -25.691079925083088 911.0259755943597 8.9999999999999
    vertex 2.3089200749169287 537.5259755943598 8.999999999999917
    vertex 2.377068422338781 538.0436136845648 8.999999999999917
  endloop
endfacet
facet normal -5.551115123125783e-16 0.0 1.0
  outer loop
    vertex -25.691079925083088 911.0259755943597 8.9999999999999
    vertex 2.377068422338781 538.0436136845648 8.999999999999917
    vertex 2.5768692673480578 538.5259755943597 8.999999999999917
  endloop
endfacet
facet normal -5.551115123125783e-16 0.0 1.0
  outer loop
    vertex -25.691079925083088 911.0259755943597 8.9999999999999
    vertex 2.5768692673480578 538.5259755943597 8.999999999999917
    vertex 2.8947065125438263 538.9401891567328 8.999999999999917
  endloop
endfacet
facet normal -5.551115123125783e-16 0.0 1.0
  outer loop
    vertex -25.691079925083088 911.0259755943597 8.9999999999999
    vertex 2.8947065125438263 538.9401891567328 8.999999999999917
    vertex 3.308920074916927 539.2580264019286 8.999999999999925
  endloop
endfacet
facet normal -5.551115123125783e-16 0.0 1.0
  outer loop
    vertex -25.691079925083088 911.0259755943597 8.9999999999999
    vertex 3.308920074916927 539.2580264019286 8.999999999999925
    vertex 3.7912819847118797 539.4578272469379 8.999999999999917
  endloop
endfacet
facet normal -5.551115123125783e-16 0.0 1.0
  outer loop
    vertex -25.691079925083088 911.0259755943597 8.9999999999999
    vertex 3.7912819847118797 539.4578272469379 8.999999999999917
    vertex 4.308920074916925 539.5259755943597 8.999999999999917
  endloop
endfacet
facet normal -5.551115123125783e-16 0.0 1.0
  outer loop
    vertex -25.691079925083088 911.0259755943597 8.9999999999999
    vertex 4.308920074916925 539.5259755943597 8.999999999999917
    vertex 14.30892007491693 542.0259755943597 8.999999999999924
  endloop
endfacet
facet normal -5.551115123125783e-16 0.0 1.0
  outer loop
    vertex -25.691079925083088 911.0259755943597 8.9999999999999
    vertex 14.30892007491693 542.0259755943597 8.999999999999924
    vertex 140.07686926734803 566.0259755943598 8.999999999999991
  endloop
endfacet
facet normal -5.551115123125783e-16 0.0 1.0
  outer loop
    vertex 140.07686926734803 566.0259755943598 8.999999999999991
    vertex 14.30892007491693 542.0259755943597 8.999999999999924
    vertex 140.3947065125438 565.6117620319867 8.999999999999998
  endloop
endfacet
facet normal -5.551115123125783e-16 0.0 1.0
  outer loop
    vertex 140.3947065125438 565.6117620319867 8.999999999999998
    vertex 14.30892007491693 542.0259755943597 8.999999999999924
    vertex 140.8089200749169 565.293924786791 8.999999999999998
  endloop
endfacet
facet normal -5.551115123125783e-16 0.0 1.0
  outer loop
    vertex 140.8089200749169 565.293924786791 8.999999999999998
    vertex 14.30892007491693 542.0259755943597 8.999999999999924
    vertex 141.29128198471184 565.0941239417816 8.999999999999993
  endloop
endfacet
facet normal -5.551115123125783e-16 0.0 1.0
  outer loop
    vertex 141.29128198471184 565.0941239417816 8.999999999999993
    vertex 14.30892007491693 542.0259755943597 8.999999999999924
    vertex 141.8089200749169 565.0259755943598 8.999999999999993
  endloop
endfacet
facet normal -5.551115123125783e-16 0.0 1.0
  outer loop
    vertex -25.691079925083088 911.0259755943597 8.9999999999999
    vertex 140.07686926734803 566.0259755943598 8.999999999999991
    vertex 139.87706842233877 566.5083375041547 8.999999999999991
  endloop
endfacet
facet normal -5.551115123125783e-16 0.0 1.0
  outer loop
    vertex -25.691079925083088 911.0259755943597 8.9999999999999
    vertex 139.87706842233877 566.5083375041547 8.999999999999991
    vertex 139.8089200749169 567.0259755943598 8.999999999999991
  endloop
endfacet
facet normal -5.551115123125783e-16 0.0 1.0
  outer loop
    vertex -25.691079925083088 911.0259755943597 8.9999999999999
    vertex 139.8089200749169 567.0259755943598 8.999999999999991
    vertex 139.87706842233877 567.5436136845649 8.999999999999991
  endloop
endfacet
facet normal -5.551115123125783e-16 0.0 1.0
  outer loop
    vertex -25.691079925083088 911.0259755943597 8.9999999999999
    vertex 139.87706842233877 567.5436136845649 8.999999999999991
    vertex 140.07686926734803 568.0259755943598 8.999999999999991
  endloop
endfacet
facet normal -5.551115123125783e-16 0.0 1.0
  outer loop
    vertex -25.691079925083088 911.0259755943597 8.9999999999999
    vertex 140.07686926734803 568.0259755943598 8.999999999999991
    vertex 140.3947065125438 568.4401891567329 8.999999999999998
  endloop
endfacet
facet normal -5.551115123125783e-16 0.0 1.0
  outer loop
    vertex -25.691079925083088 911.0259755943597 8.9999999999999
    vertex 140.3947065125438 568.4401891567329 8.999999999999998
    vertex 140.8089200749169 568.7580264019286 8.999999999999998
  endloop
endfacet
facet normal -5.551115123125783e-16 0.0 1.0
  outer loop
    vertex -25.691079925083088 911.0259755943597 8.9999999999999
    vertex 140.8089200749169 568.7580264019286 8.999999999999998
    vertex 141.29128198471184 568.957827246938 8.999999999999993
  endloop
endfacet
facet normal -5.551115123125783e-16 0.0 1.0
  outer loop
    vertex -25.691079925083088 911.0259755943597 8.9999999999999
    vertex 141.29128198471184 568.957827246938 8.999999999999993
    vertex 141.8089200749169 569.0259755943598 8.999999999999993
  endloop
endfacet
facet normal -5.551115123125783e-16 0.0 1.0
  outer loop
    vertex -25.691079925083088 911.0259755943597 8.9999999999999
    vertex 141.8089200749169 569.0259755943598 8.999999999999993
    vertex 137.3089200749169 582.0259755943598 8.999999999999991
  endloop
endfacet
facet normal -5.551115123125783e-16 0.0 1.0
  outer loop
    vertex 137.3089200749169 582.0259755943598 8.999999999999991
    vertex 141.8089200749169 569.0259755943598 8.999999999999993
    vertex 146.30892007491693 582.0259755943598 8.999999999999996
  endloop
endfacet
facet normal -5.551115123125783e-16 0.0 1.0
  outer loop
    vertex -25.691079925083088 911.0259755943597 8.9999999999999
    vertex 137.3089200749169 582.0259755943598 8.999999999999991
    vertex 2.8947065125437588 885.1117620319867 8.999999999999917
  endloop
endfacet
facet normal -5.551115123125783e-16 0.0 1.0
  outer loop
    vertex 2.8947065125437588 885.1117620319867 8.999999999999917
    vertex 137.3089200749169 582.0259755943598 8.999999999999991
    vertex 3.3089200749168817 884.793924786791 8.999999999999924
  endloop
endfacet
facet normal -5.551115123125783e-16 0.0 1.0
  outer loop
    vertex 3.3089200749168817 884.793924786791 8.999999999999924
    vertex 137.3089200749169 582.0259755943598 8.999999999999991
    vertex 3.791281984711857 884.5941239417816 8.999999999999917
  endloop
endfacet
facet normal -5.551115123125783e-16 0.0 1.0
  outer loop
    vertex 3.791281984711857 884.5941239417816 8.999999999999917
    vertex 137.3089200749169 582.0259755943598 8.999999999999991
    vertex 137.3089200749169 842.0259755943597 8.999999999999991
  endloop
endfacet
facet normal -5.551115123125783e-16 0.0 1.0
  outer loop
    vertex 3.791281984711857 884.5941239417816 8.999999999999917
    vertex 137.3089200749169 842.0259755943597 8.999999999999991
    vertex 14.30892007491693 882.0259755943598 8.999999999999924
  endloop
endfacet
facet normal -5.551115123125783e-16 0.0 1.0
  outer loop
    vertex 14.30892007491693 882.0259755943598 8.999999999999924
    vertex 137.3089200749169 842.0259755943597 8.999999999999991
    vertex 141.29128198471184 855.0941239417816 8.999999999999993
  endloop
endfacet
facet normal -5.551115123125783e-16 0.0 1.0
  outer loop
    vertex 141.29128198471184 855.0941239417816 8.999999999999993
    vertex 137.3089200749169 842.0259755943597 8.999999999999991
    vertex 141.8089200749169 855.0259755943597 8.999999999999993
  endloop
endfacet
facet normal -5.551115123125783e-16 0.0 1.0
  outer loop
    vertex 14.30892007491693 882.0259755943598 8.999999999999924
    vertex 141.29128198471184 855.0941239417816 8.999999999999993
    vertex 140.8089200749169 855.2939247867907 8.999999999999998
  endloop
endfacet
facet normal -5.551115123125783e-16 0.0 1.0
  outer loop
    vertex 14.30892007491693 882.0259755943598 8.999999999999924
    vertex 140.8089200749169 855.2939247867907 8.999999999999998
    vertex 140.3947065125438 855.6117620319867 8.999999999999998
  endloop
endfacet
facet normal -5.551115123125783e-16 0.0 1.0
  outer loop
    vertex 14.30892007491693 882.0259755943598 8.999999999999924
    vertex 140.3947065125438 855.6117620319867 8.999999999999998
    vertex 140.07686926734803 856.0259755943598 8.999999999999991
  endloop
endfacet
facet normal -5.551115123125783e-16 0.0 1.0
  outer loop
    vertex 14.30892007491693 882.0259755943598 8.999999999999924
    vertex 140.07686926734803 856.0259755943598 8.999999999999991
    vertex 139.87706842233877 856.5083375041546 8.999999999999991
  endloop
endfacet
facet normal -5.551115123125783e-16 0.0 1.0
  outer loop
    vertex 14.30892007491693 882.0259755943598 8.999999999999924
    vertex 139.87706842233877 856.5083375041546 8.999999999999991
    vertex 139.8089200749169 857.0259755943597 8.999999999999991
  endloop
endfacet
facet normal -5.551115123125783e-16 0.0 1.0
  outer loop
    vertex 14.30892007491693 882.0259755943598 8.999999999999924
    vertex 139.8089200749169 857.0259755943597 8.999999999999991
    vertex 139.87706842233877 857.5436136845648 8.999999999999991
  endloop
endfacet
facet normal -5.551115123125783e-16 0.0 1.0
  outer loop
    vertex 14.30892007491693 882.0259755943598 8.999999999999924
    vertex 139.87706842233877 857.5436136845648 8.999999999999991
    vertex 140.07686926734803 858.0259755943597 8.999999999999991
  endloop
endfacet
facet normal -5.551115123125783e-16 0.0 1.0
  outer loop
    vertex 14.30892007491693 882.0259755943598 8.999999999999924
    vertex 140.07686926734803 858.0259755943597 8.999999999999991
    vertex 140.3947065125438 858.4401891567327 8.999999999999998
  endloop
endfacet
facet normal -5.551115123125783e-16 0.0 1.0
  outer loop
    vertex 14.30892007491693 882.0259755943598 8.999999999999924
    vertex 140.3947065125438 858.4401891567327 8.999999999999998
    vertex 140.8089200749169 858.7580264019286 8.999999999999998
  endloop
endfacet
facet normal -5.551115123125783e-16 0.0 1.0
  outer loop
    vertex 14.30892007491693 882.0259755943598 8.999999999999924
    vertex 140.8089200749169 858.7580264019286 8.999999999999998
    vertex 141.29128198471184 858.9578272469378 8.999999999999993
  endloop
endfacet
facet normal -5.551115123125783e-16 0.0 1.0
  outer loop
    vertex 14.30892007491693 882.0259755943598 8.999999999999924
    vertex 141.29128198471184 858.9578272469378 8.999999999999993
    vertex 141.8089200749169 859.0259755943598 8.999999999999993
  endloop
endfacet
facet normal -5.551115123125783e-16 0.0 1.0
  outer loop
    vertex 14.30892007491693 882.0259755943598 8.999999999999924
    vertex 141.8089200749169 859.0259755943598 8.999999999999993
    vertex 124.30892007491691 882.0259755943597 8.999999999999984
  endloop
endfacet
facet normal -5.551115123125783e-16 0.0 1.0
  outer loop
    vertex 3.791281984711857 884.5941239417816 8.999999999999917
    vertex 14.30892007491693 882.0259755943598 8.999999999999924
    vertex 4.308920074916925 884.5259755943598 8.999999999999917
  endloop
endfacet
facet normal -5.551115123125783e-16 0.0 1.0
  outer loop
    vertex -25.691079925083088 911.0259755943597 8.9999999999999
    vertex 2.8947065125437588 885.1117620319867 8.999999999999917
    vertex 2.5768692673479676 885.5259755943597 8.999999999999917
  endloop
endfacet
facet normal -5.551115123125783e-16 0.0 1.0
  outer loop
    vertex -25.691079925083088 911.0259755943597 8.9999999999999
    vertex 2.5768692673479676 885.5259755943597 8.999999999999917
    vertex 2.3770684223387133 886.0083375041548 8.999999999999917
  endloop
endfacet
facet normal -5.551115123125783e-16 0.0 1.0
  outer loop
    vertex -25.691079925083088 911.0259755943597 8.9999999999999
    vertex 2.3770684223387133 886.0083375041548 8.999999999999917
    vertex 2.3089200749168386 886.5259755943599 8.999999999999917
  endloop
endfacet
facet normal -5.551115123125783e-16 0.0 1.0
  outer loop
    vertex -25.691079925083088 911.0259755943597 8.9999999999999
    vertex 2.3089200749168386 886.5259755943599 8.999999999999917
    vertex 2.3770684223387133 887.043613684565 8.999999999999917
  endloop
endfacet
facet normal -5.551115123125783e-16 0.0 1.0
  outer loop
    vertex -25.691079925083088 911.0259755943597 8.9999999999999
    vertex 2.3770684223387133 887.043613684565 8.999999999999917
    vertex 2.5768692673479676 887.5259755943598 8.999999999999917
  endloop
endfacet
facet normal -5.551115123125783e-16 0.0 1.0
  outer loop
    vertex -25.691079925083088 911.0259755943597 8.9999999999999
    vertex 2.5768692673479676 887.5259755943598 8.999999999999917
    vertex 2.8947065125437588 887.940189156733 8.999999999999917
  endloop
endfacet
facet normal -5.551115123125783e-16 0.0 1.0
  outer loop
    vertex -25.691079925083088 911.0259755943597 8.9999999999999
    vertex 2.8947065125437588 887.940189156733 8.999999999999917
    vertex 3.3089200749168817 888.2580264019289 8.999999999999924
  endloop
endfacet
facet normal -5.551115123125783e-16 0.0 1.0
  outer loop
    vertex -25.691079925083088 911.0259755943597 8.9999999999999
    vertex 3.3089200749168817 888.2580264019289 8.999999999999924
    vertex 3.791281984711857 888.4578272469381 8.999999999999917
  endloop
endfacet
facet normal -5.551115123125783e-16 0.0 1.0
  outer loop
    vertex -25.691079925083088 911.0259755943597 8.9999999999999
    vertex 3.791281984711857 888.4578272469381 8.999999999999917
    vertex 4.308920074916925 888.5259755943599 8.999999999999917
  endloop
endfacet
facet normal -5.551115123125783e-16 0.0 1.0
  outer loop
    vertex -25.691079925083088 911.0259755943597 8.9999999999999
    vertex 4.308920074916925 888.5259755943599 8.999999999999917
    vertex 14.30892007491693 891.0259755943598 8.999999999999924
  endloop
endfacet
facet normal -5.551115123125783e-16 0.0 1.0
  outer loop
    vertex -25.691079925083088 911.0259755943597 8.9999999999999
    vertex 14.30892007491693 891.0259755943598 8.999999999999924
    vertex 154.30892007491693 911.0259755943597 9.0
  endloop
endfacet
facet normal -5.551115123125783e-16 0.0 1.0
  outer loop
    vertex 124.30892007491691 882.0259755943597 8.999999999999984
    vertex 133.30892007491684 884.7939247867905 8.999999999999996
    vertex 124.30892007491691 891.0259755943596 8.999999999999984
  endloop
endfacet
facet normal -5.551115123125783e-16 0.0 1.0
  outer loop
    vertex 133.30892007491684 884.7939247867905 8.999999999999996
    vertex 124.30892007491691 882.0259755943597 8.999999999999984
    vertex 133.79128198471182 884.5941239417813 8.99999999999999
  endloop
endfacet
facet normal -5.551115123125783e-16 0.0 1.0
  outer loop
    vertex 133.79128198471182 884.5941239417813 8.99999999999999
    vertex 124.30892007491691 882.0259755943597 8.999999999999984
    vertex 134.3089200749169 884.5259755943595 8.99999999999999
  endloop
endfacet
facet normal -5.551115123125783e-16 0.0 1.0
  outer loop
    vertex 124.30892007491691 891.0259755943596 8.999999999999984
    vertex 133.30892007491684 884.7939247867905 8.999999999999996
    vertex 132.89470651254373 885.1117620319864 8.999999999999995
  endloop
endfacet
facet normal -5.551115123125783e-16 0.0 1.0
  outer loop
    vertex 124.30892007491691 891.0259755943596 8.999999999999984
    vertex 132.89470651254373 885.1117620319864 8.999999999999995
    vertex 132.57686926734794 885.5259755943594 8.999999999999988
  endloop
endfacet
facet normal -5.551115123125783e-16 0.0 1.0
  outer loop
    vertex 124.30892007491691 891.0259755943596 8.999999999999984
    vertex 132.57686926734794 885.5259755943594 8.999999999999988
    vertex 132.37706842233868 886.0083375041545 8.999999999999988
  endloop
endfacet
facet normal -5.551115123125783e-16 0.0 1.0
  outer loop
    vertex 124.30892007491691 891.0259755943596 8.999999999999984
    vertex 132.37706842233868 886.0083375041545 8.999999999999988
    vertex 132.3089200749168 886.5259755943595 8.999999999999988
  endloop
endfacet
facet normal -5.551115123125783e-16 0.0 1.0
  outer loop
    vertex 124.30892007491691 891.0259755943596 8.999999999999984
    vertex 132.3089200749168 886.5259755943595 8.999999999999988
    vertex 132.37706842233868 887.0436136845645 8.999999999999988
  endloop
endfacet
facet normal -5.551115123125783e-16 0.0 1.0
  outer loop
    vertex 124.30892007491691 891.0259755943596 8.999999999999984
    vertex 132.37706842233868 887.0436136845645 8.999999999999988
    vertex 132.57686926734794 887.5259755943595 8.999999999999988
  endloop
endfacet
facet normal -5.551115123125783e-16 0.0 1.0
  outer loop
    vertex 124.30892007491691 891.0259755943596 8.999999999999984
    vertex 132.57686926734794 887.5259755943595 8.999999999999988
    vertex 132.89470651254373 887.9401891567327 8.999999999999995
  endloop
endfacet
facet normal -5.551115123125783e-16 0.0 1.0
  outer loop
    vertex 124.30892007491691 891.0259755943596 8.999999999999984
    vertex 132.89470651254373 887.9401891567327 8.999999999999995
    vertex 133.30892007491684 888.2580264019285 8.999999999999996
  endloop
endfacet
facet normal -5.551115123125783e-16 0.0 1.0
  outer loop
    vertex 124.30892007491691 891.0259755943596 8.999999999999984
    vertex 133.30892007491684 888.2580264019285 8.999999999999996
    vertex 133.79128198471182 888.4578272469378 8.99999999999999
  endloop
endfacet
facet normal -5.551115123125783e-16 0.0 1.0
  outer loop
    vertex 124.30892007491691 891.0259755943596 8.999999999999984
    vertex 133.79128198471182 888.4578272469378 8.99999999999999
    vertex 134.3089200749169 888.5259755943596 8.99999999999999
  endloop
endfacet
facet normal -5.551115123125783e-16 0.0 1.0
  outer loop
    vertex 14.30892007491693 533.0259755943598 8.999999999999924
    vertex 4.826558165121971 535.5941239417816 8.999999999999917
    vertex 4.308920074916925 535.5259755943598 8.999999999999917
  endloop
endfacet
facet normal -5.551115123125783e-16 0.0 1.0
  outer loop
    vertex 4.826558165121971 535.5941239417816 8.999999999999917
    vertex 14.30892007491693 533.0259755943598 8.999999999999924
    vertex 5.308920074916923 535.7939247867909 8.999999999999917
  endloop
endfacet
facet normal -5.551115123125783e-16 0.0 1.0
  outer loop
    vertex 5.308920074916923 535.7939247867909 8.999999999999917
    vertex 14.30892007491693 533.0259755943598 8.999999999999924
    vertex 14.30892007491693 542.0259755943597 8.999999999999924
  endloop
endfacet
facet normal -5.551115123125783e-16 0.0 1.0
  outer loop
    vertex 5.308920074916923 535.7939247867909 8.999999999999917
    vertex 14.30892007491693 542.0259755943597 8.999999999999924
    vertex 5.723133637290023 536.1117620319867 8.999999999999927
  endloop
endfacet
facet normal -5.551115123125783e-16 0.0 1.0
  outer loop
    vertex 5.723133637290023 536.1117620319867 8.999999999999927
    vertex 14.30892007491693 542.0259755943597 8.999999999999924
    vertex 6.040970882485792 536.5259755943598 8.999999999999927
  endloop
endfacet
facet normal -5.551115123125783e-16 0.0 1.0
  outer loop
    vertex 6.040970882485792 536.5259755943598 8.999999999999927
    vertex 14.30892007491693 542.0259755943597 8.999999999999924
    vertex 6.240771727495069 537.0083375041547 8.999999999999918
  endloop
endfacet
facet normal -5.551115123125783e-16 0.0 1.0
  outer loop
    vertex 6.240771727495069 537.0083375041547 8.999999999999918
    vertex 14.30892007491693 542.0259755943597 8.999999999999924
    vertex 6.308920074916921 537.5259755943598 8.999999999999918
  endloop
endfacet
facet normal -5.551115123125783e-16 0.0 1.0
  outer loop
    vertex 6.308920074916921 537.5259755943598 8.999999999999918
    vertex 14.30892007491693 542.0259755943597 8.999999999999924
    vertex 6.240771727495069 538.0436136845648 8.999999999999918
  endloop
endfacet
facet normal -5.551115123125783e-16 0.0 1.0
  outer loop
    vertex 6.240771727495069 538.0436136845648 8.999999999999918
    vertex 14.30892007491693 542.0259755943597 8.999999999999924
    vertex 6.040970882485792 538.5259755943598 8.999999999999927
  endloop
endfacet
facet normal -5.551115123125783e-16 0.0 1.0
  outer loop
    vertex 6.040970882485792 538.5259755943598 8.999999999999927
    vertex 14.30892007491693 542.0259755943597 8.999999999999924
    vertex 5.723133637290023 538.9401891567328 8.999999999999927
  endloop
endfacet
facet normal -5.551115123125783e-16 0.0 1.0
  outer loop
    vertex 5.723133637290023 538.9401891567328 8.999999999999927
    vertex 14.30892007491693 542.0259755943597 8.999999999999924
    vertex 5.308920074916923 539.2580264019286 8.999999999999917
  endloop
endfacet
facet normal -5.551115123125783e-16 0.0 1.0
  outer loop
    vertex 5.308920074916923 539.2580264019286 8.999999999999917
    vertex 14.30892007491693 542.0259755943597 8.999999999999924
    vertex 4.826558165121971 539.4578272469379 8.999999999999917
  endloop
endfacet
facet normal -5.551115123125783e-16 0.0 1.0
  outer loop
    vertex 4.826558165121971 539.4578272469379 8.999999999999917
    vertex 14.30892007491693 542.0259755943597 8.999999999999924
    vertex 4.308920074916925 539.5259755943597 8.999999999999917
  endloop
endfacet
facet normal -5.551115123125783e-16 0.0 1.0
  outer loop
    vertex 124.30892007491691 533.0259755943597 8.999999999999984
    vertex 133.3089200749169 535.7939247867909 8.99999999999999
    vertex 124.30892007491691 542.0259755943597 8.999999999999984
  endloop
endfacet
facet normal -5.551115123125783e-16 0.0 1.0
  outer loop
    vertex 133.3089200749169 535.7939247867909 8.99999999999999
    vertex 124.30892007491691 533.0259755943597 8.999999999999984
    vertex 133.79128198471184 535.5941239417816 8.99999999999998
  endloop
endfacet
facet normal -5.551115123125783e-16 0.0 1.0
  outer loop
    vertex 133.79128198471184 535.5941239417816 8.99999999999998
    vertex 124.30892007491691 533.0259755943597 8.999999999999984
    vertex 134.3089200749169 535.5259755943598 8.99999999999998
  endloop
endfacet
facet normal -5.551115123125783e-16 0.0 1.0
  outer loop
    vertex 124.30892007491691 542.0259755943597 8.999999999999984
    vertex 133.3089200749169 535.7939247867909 8.99999999999999
    vertex 132.8947065125438 536.1117620319867 8.999999999999988
  endloop
endfacet
facet normal -5.551115123125783e-16 0.0 1.0
  outer loop
    vertex 124.30892007491691 542.0259755943597 8.999999999999984
    vertex 132.8947065125438 536.1117620319867 8.999999999999988
    vertex 132.57686926734803 536.5259755943597 8.999999999999979
  endloop
endfacet
facet normal -5.551115123125783e-16 0.0 1.0
  outer loop
    vertex 124.30892007491691 542.0259755943597 8.999999999999984
    vertex 132.57686926734803 536.5259755943597 8.999999999999979
    vertex 132.37706842233874 537.0083375041547 8.999999999999979
  endloop
endfacet
facet normal -5.551115123125783e-16 0.0 1.0
  outer loop
    vertex 124.30892007491691 542.0259755943597 8.999999999999984
    vertex 132.37706842233874 537.0083375041547 8.999999999999979
    vertex 132.3089200749169 537.5259755943598 8.999999999999979
  endloop
endfacet
facet normal -5.551115123125783e-16 0.0 1.0
  outer loop
    vertex 124.30892007491691 542.0259755943597 8.999999999999984
    vertex 132.3089200749169 537.5259755943598 8.999999999999979
    vertex 132.37706842233874 538.0436136845648 8.999999999999979
  endloop
endfacet
facet normal -5.551115123125783e-16 0.0 1.0
  outer loop
    vertex 124.30892007491691 542.0259755943597 8.999999999999984
    vertex 132.37706842233874 538.0436136845648 8.999999999999979
    vertex 132.57686926734803 538.5259755943597 8.999999999999979
  endloop
endfacet
facet normal -5.551115123125783e-16 0.0 1.0
  outer loop
    vertex 124.30892007491691 542.0259755943597 8.999999999999984
    vertex 132.57686926734803 538.5259755943597 8.999999999999979
    vertex 132.8947065125438 538.9401891567328 8.999999999999988
  endloop
endfacet
facet normal -5.551115123125783e-16 0.0 1.0
  outer loop
    vertex 124.30892007491691 542.0259755943597 8.999999999999984
    vertex 132.8947065125438 538.9401891567328 8.999999999999988
    vertex 133.3089200749169 539.2580264019286 8.99999999999999
  endloop
endfacet
facet normal -5.551115123125783e-16 0.0 1.0
  outer loop
    vertex 124.30892007491691 542.0259755943597 8.999999999999984
    vertex 133.3089200749169 539.2580264019286 8.99999999999999
    vertex 133.79128198471184 539.4578272469379 8.99999999999998
  endloop
endfacet
facet normal -5.551115123125783e-16 0.0 1.0
  outer loop
    vertex 124.30892007491691 542.0259755943597 8.999999999999984
    vertex 133.79128198471184 539.4578272469379 8.99999999999998
    vertex 134.3089200749169 539.5259755943597 8.99999999999998
  endloop
endfacet
facet normal 5.551115123125783e-16 0.0 -1.0
  outer loop
    vertex 4.308920074916925 884.5259755943598 -9.031664305325648e-14
    vertex 133.79128198471184 884.5941239417813 -1.5619526833157746e-14
    vertex 134.30892007491693 884.5259755943595 -1.5332179970073418e-14
  endloop
endfacet
facet normal 5.551115123125783e-16 0.0 -1.0
  outer loop
    vertex 133.79128198471184 884.5941239417813 -1.5619526833157746e-14
    vertex 4.308920074916925 884.5259755943598 -9.031664305325648e-14
    vertex 4.826558165121993 884.5941239417816 -9.002929619017215e-14
  endloop
endfacet
facet normal 5.551115123125783e-16 0.0 -1.0
  outer loop
    vertex 133.79128198471184 884.5941239417813 -1.5619526833157746e-14
    vertex 4.826558165121993 884.5941239417816 -9.002929619017215e-14
    vertex 133.30892007491687 884.7939247867905 -1.5887291482386018e-14
  endloop
endfacet
facet normal 5.551115123125783e-16 0.0 -1.0
  outer loop
    vertex 133.30892007491687 884.7939247867905 -1.5887291482386018e-14
    vertex 4.826558165121993 884.5941239417816 -9.002929619017215e-14
    vertex 5.308920074916968 884.793924786791 -8.976153154094388e-14
  endloop
endfacet
facet normal 5.551115123125783e-16 0.0 -1.0
  outer loop
    vertex 133.30892007491687 884.7939247867905 -1.5887291482386018e-14
    vertex 5.308920074916968 884.793924786791 -8.976153154094388e-14
    vertex 132.89470651254373 885.1117620319864 -1.7527209440689294e-14
  endloop
endfacet
facet normal 5.551115123125783e-16 0.0 -1.0
  outer loop
    vertex 132.89470651254373 885.1117620319864 -1.7527209440689294e-14
    vertex 5.308920074916968 884.793924786791 -8.976153154094388e-14
    vertex 5.723133637290092 885.1117620319867 -8.81216135826406e-14
  endloop
endfacet
facet normal 5.551115123125783e-16 0.0 -1.0
  outer loop
    vertex 132.89470651254373 885.1117620319864 -1.7527209440689294e-14
    vertex 5.723133637290092 885.1117620319867 -8.81216135826406e-14
    vertex 132.57686926734794 885.5259755943594 -1.629366131326524e-14
  endloop
endfacet
facet normal 5.551115123125783e-16 0.0 -1.0
  outer loop
    vertex 132.57686926734794 885.5259755943594 -1.629366131326524e-14
    vertex 5.723133637290092 885.1117620319867 -8.81216135826406e-14
    vertex 6.040970882485882 885.5259755943599 -8.794517846879071e-14
  endloop
endfacet
facet normal 5.551115123125783e-16 0.0 -1.0
  outer loop
    vertex 132.57686926734794 885.5259755943594 -1.629366131326524e-14
    vertex 6.040970882485882 885.5259755943599 -8.794517846879071e-14
    vertex 132.3770684223387 886.0083375041545 -1.6404573062499662e-14
  endloop
endfacet
facet normal 5.551115123125783e-16 0.0 -1.0
  outer loop
    vertex 132.3770684223387 886.0083375041545 -1.6404573062499662e-14
    vertex 6.040970882485882 885.5259755943599 -8.794517846879071e-14
    vertex 6.240771727495137 886.0083375041548 -8.783426671955629e-14
  endloop
endfacet
facet normal 5.551115123125783e-16 0.0 -1.0
  outer loop
    vertex 132.3770684223387 886.0083375041545 -1.6404573062499662e-14
    vertex 6.240771727495137 886.0083375041548 -8.783426671955629e-14
    vertex 132.3089200749168 886.5259755943595 -1.644240299469862e-14
  endloop
endfacet
facet normal 5.551115123125783e-16 0.0 -1.0
  outer loop
    vertex 132.3089200749168 886.5259755943595 -1.644240299469862e-14
    vertex 6.240771727495137 886.0083375041548 -8.783426671955629e-14
    vertex 6.308920074917012 886.5259755943599 -8.779643678735732e-14
  endloop
endfacet
facet normal 5.551115123125783e-16 0.0 -1.0
  outer loop
    vertex 132.3089200749168 886.5259755943595 -1.644240299469862e-14
    vertex 6.308920074917012 886.5259755943599 -8.779643678735732e-14
    vertex 132.3770684223387 887.0436136845645 -1.6404573062499662e-14
  endloop
endfacet
facet normal 5.551115123125783e-16 0.0 -1.0
  outer loop
    vertex 132.3770684223387 887.0436136845645 -1.6404573062499662e-14
    vertex 6.308920074917012 886.5259755943599 -8.779643678735732e-14
    vertex 6.240771727495137 887.043613684565 -8.783426671955629e-14
  endloop
endfacet
facet normal 5.551115123125783e-16 0.0 -1.0
  outer loop
    vertex 132.3770684223387 887.0436136845645 -1.6404573062499662e-14
    vertex 6.240771727495137 887.043613684565 -8.783426671955629e-14
    vertex 132.57686926734794 887.5259755943595 -1.629366131326524e-14
  endloop
endfacet
facet normal 5.551115123125783e-16 0.0 -1.0
  outer loop
    vertex 132.57686926734794 887.5259755943595 -1.629366131326524e-14
    vertex 6.240771727495137 887.043613684565 -8.783426671955629e-14
    vertex 6.040970882485882 887.52597559436 -8.794517846879071e-14
  endloop
endfacet
facet normal 5.551115123125783e-16 0.0 -1.0
  outer loop
    vertex 132.57686926734794 887.5259755943595 -1.629366131326524e-14
    vertex 6.040970882485882 887.52597559436 -8.794517846879071e-14
    vertex 132.89470651254373 887.9401891567327 -1.7527209440689294e-14
  endloop
endfacet
facet normal 5.551115123125783e-16 0.0 -1.0
  outer loop
    vertex 132.89470651254373 887.9401891567327 -1.7527209440689294e-14
    vertex 6.040970882485882 887.52597559436 -8.794517846879071e-14
    vertex 5.723133637290092 887.940189156733 -8.81216135826406e-14
  endloop
endfacet
facet normal 5.551115123125783e-16 0.0 -1.0
  outer loop
    vertex 132.89470651254373 887.9401891567327 -1.7527209440689294e-14
    vertex 5.723133637290092 887.940189156733 -8.81216135826406e-14
    vertex 133.30892007491687 888.2580264019285 -1.5887291482386018e-14
  endloop
endfacet
facet normal 5.551115123125783e-16 0.0 -1.0
  outer loop
    vertex 133.30892007491687 888.2580264019285 -1.5887291482386018e-14
    vertex 5.723133637290092 887.940189156733 -8.81216135826406e-14
    vertex 5.308920074916968 888.2580264019289 -8.976153154094388e-14
  endloop
endfacet
facet normal 5.551115123125783e-16 0.0 -1.0
  outer loop
    vertex 133.30892007491687 888.2580264019285 -1.5887291482386018e-14
    vertex 5.308920074916968 888.2580264019289 -8.976153154094388e-14
    vertex 133.79128198471184 888.4578272469378 -1.5619526833157746e-14
  endloop
endfacet
facet normal 5.551115123125783e-16 0.0 -1.0
  outer loop
    vertex 133.79128198471184 888.4578272469378 -1.5619526833157746e-14
    vertex 5.308920074916968 888.2580264019289 -8.976153154094388e-14
    vertex 4.826558165121993 888.4578272469381 -9.002929619017215e-14
  endloop
endfacet
facet normal 5.551115123125783e-16 0.0 -1.0
  outer loop
    vertex 133.79128198471184 888.4578272469378 -1.5619526833157746e-14
    vertex 4.826558165121993 888.4578272469381 -9.002929619017215e-14
    vertex 134.30892007491693 888.5259755943596 -1.5332179970073418e-14
  endloop
endfacet
facet normal 5.551115123125783e-16 0.0 -1.0
  outer loop
    vertex 134.30892007491693 888.5259755943596 -1.5332179970073418e-14
    vertex 4.826558165121993 888.4578272469381 -9.002929619017215e-14
    vertex 4.308920074916925 888.5259755943599 -9.031664305325648e-14
  endloop
endfacet
facet normal 5.551115123125783e-16 0.0 -1.0
  outer loop
    vertex -25.691079925083088 513.0259755943598 -9.992007221626409e-14
    vertex 3.791281984711902 535.5941239417816 -8.778402343379289e-14
    vertex 154.30892007491693 513.0259755943598 0.0
  endloop
endfacet
facet normal 5.551115123125783e-16 0.0 -1.0
  outer loop
    vertex 3.791281984711902 535.5941239417816 -8.778402343379289e-14
    vertex -25.691079925083088 513.0259755943598 -9.992007221626409e-14
    vertex 3.308920074916927 535.7939247867909 -8.805178808302116e-14
  endloop
endfacet
facet normal 5.551115123125783e-16 0.0 -1.0
  outer loop
    vertex 3.308920074916927 535.7939247867909 -8.805178808302116e-14
    vertex -25.691079925083088 513.0259755943598 -9.992007221626409e-14
    vertex 2.894706512543849 536.1117620319867 -8.546175631750256e-14
  endloop
endfacet
facet normal 5.551115123125783e-16 0.0 -1.0
  outer loop
    vertex 2.894706512543849 536.1117620319867 -8.546175631750256e-14
    vertex -25.691079925083088 513.0259755943598 -9.992007221626409e-14
    vertex 2.5768692673480578 536.5259755943597 -8.563819143135247e-14
  endloop
endfacet
facet normal 5.551115123125783e-16 0.0 -1.0
  outer loop
    vertex 2.5768692673480578 536.5259755943597 -8.563819143135247e-14
    vertex -25.691079925083088 513.0259755943598 -9.992007221626409e-14
    vertex 2.3770684223388034 537.0083375041547 -8.574910318058688e-14
  endloop
endfacet
facet normal 5.551115123125783e-16 0.0 -1.0
  outer loop
    vertex 2.3770684223388034 537.0083375041547 -8.574910318058688e-14
    vertex -25.691079925083088 513.0259755943598 -9.992007221626409e-14
    vertex 2.3089200749169287 537.5259755943598 -8.578693311278584e-14
  endloop
endfacet
facet normal 5.551115123125783e-16 0.0 -1.0
  outer loop
    vertex 2.3089200749169287 537.5259755943598 -8.578693311278584e-14
    vertex -25.691079925083088 513.0259755943598 -9.992007221626409e-14
    vertex -25.691079925083088 911.0259755943597 -9.992007221626409e-14
  endloop
endfacet
facet normal 5.551115123125783e-16 0.0 -1.0
  outer loop
    vertex 154.30892007491693 513.0259755943598 0.0
    vertex 3.791281984711902 535.5941239417816 -8.778402343379289e-14
    vertex 4.308920074916925 535.5259755943598 -8.749667657070859e-14
  endloop
endfacet
facet normal 5.551115123125783e-16 0.0 -1.0
  outer loop
    vertex 2.3089200749169287 537.5259755943598 -8.578693311278584e-14
    vertex -25.691079925083088 911.0259755943597 -9.992007221626409e-14
    vertex 2.3770684223388034 538.0436136845648 -8.574910318058688e-14
  endloop
endfacet
facet normal 5.551115123125783e-16 0.0 -1.0
  outer loop
    vertex 2.3770684223388034 538.0436136845648 -8.574910318058688e-14
    vertex -25.691079925083088 911.0259755943597 -9.992007221626409e-14
    vertex 2.5768692673480578 538.5259755943597 -8.563819143135247e-14
  endloop
endfacet
facet normal 5.551115123125783e-16 0.0 -1.0
  outer loop
    vertex 2.5768692673480578 538.5259755943597 -8.563819143135247e-14
    vertex -25.691079925083088 911.0259755943597 -9.992007221626409e-14
    vertex 2.894706512543849 538.9401891567328 -8.546175631750256e-14
  endloop
endfacet
facet normal 5.551115123125783e-16 0.0 -1.0
  outer loop
    vertex 2.894706512543849 538.9401891567328 -8.546175631750256e-14
    vertex -25.691079925083088 911.0259755943597 -9.992007221626409e-14
    vertex 3.308920074916927 539.2580264019286 -8.805178808302116e-14
  endloop
endfacet
facet normal 5.551115123125783e-16 0.0 -1.0
  outer loop
    vertex 3.308920074916927 539.2580264019286 -8.805178808302116e-14
    vertex -25.691079925083088 911.0259755943597 -9.992007221626409e-14
    vertex 3.7912819847118797 539.4578272469379 -8.77840234337929e-14
  endloop
endfacet
facet normal 5.551115123125783e-16 0.0 -1.0
  outer loop
    vertex 3.7912819847118797 539.4578272469379 -8.77840234337929e-14
    vertex -25.691079925083088 911.0259755943597 -9.992007221626409e-14
    vertex 4.308920074916925 539.5259755943597 -8.749667657070859e-14
  endloop
endfacet
facet normal 5.551115123125783e-16 0.0 -1.0
  outer loop
    vertex 4.308920074916925 539.5259755943597 -8.749667657070859e-14
    vertex -25.691079925083088 911.0259755943597 -9.992007221626409e-14
    vertex 134.3089200749168 539.5259755943597 -1.3922196728799517e-14
  endloop
endfacet
facet normal 5.551115123125783e-16 0.0 -1.0
  outer loop
    vertex 134.3089200749168 539.5259755943597 -1.3922196728799517e-14
    vertex -25.691079925083088 911.0259755943597 -9.992007221626409e-14
    vertex 140.07686926734803 566.0259755943598 -5.0804087645511195e-15
  endloop
endfacet
facet normal 5.551115123125783e-16 0.0 -1.0
  outer loop
    vertex 134.3089200749168 539.5259755943597 -1.3922196728799517e-14
    vertex 140.07686926734803 566.0259755943598 -5.0804087645511195e-15
    vertex 140.3947065125438 565.6117620319867 -6.313956891975182e-15
  endloop
endfacet
facet normal 5.551115123125783e-16 0.0 -1.0
  outer loop
    vertex 134.3089200749168 539.5259755943597 -1.3922196728799517e-14
    vertex 140.3947065125438 565.6117620319867 -6.313956891975182e-15
    vertex 140.8089200749169 565.293924786791 -6.084022174945869e-15
  endloop
endfacet
facet normal 5.551115123125783e-16 0.0 -1.0
  outer loop
    vertex 134.3089200749168 539.5259755943597 -1.3922196728799517e-14
    vertex 140.8089200749169 565.293924786791 -6.084022174945869e-15
    vertex 141.29128198471184 565.0941239417816 -5.8162575257176094e-15
  endloop
endfacet
facet normal 5.551115123125783e-16 0.0 -1.0
  outer loop
    vertex 134.3089200749168 539.5259755943597 -1.3922196728799517e-14
    vertex 141.29128198471184 565.0941239417816 -5.8162575257176094e-15
    vertex 141.8089200749169 565.0259755943598 -5.528910662633292e-15
  endloop
endfacet
facet normal 5.551115123125783e-16 0.0 -1.0
  outer loop
    vertex 140.07686926734803 566.0259755943598 -5.0804087645511195e-15
    vertex -25.691079925083088 911.0259755943597 -9.992007221626409e-14
    vertex 139.87706842233877 566.5083375041547 -5.191320513785538e-15
  endloop
endfacet
facet normal 5.551115123125783e-16 0.0 -1.0
  outer loop
    vertex 139.87706842233877 566.5083375041547 -5.191320513785538e-15
    vertex -25.691079925083088 911.0259755943597 -9.992007221626409e-14
    vertex 139.8089200749169 567.0259755943598 -5.229150445984498e-15
  endloop
endfacet
facet normal 5.551115123125783e-16 0.0 -1.0
  outer loop
    vertex 139.8089200749169 567.0259755943598 -5.229150445984498e-15
    vertex -25.691079925083088 911.0259755943597 -9.992007221626409e-14
    vertex 139.87706842233877 567.5436136845649 -5.19132051378555e-15
  endloop
endfacet
facet normal 5.551115123125783e-16 0.0 -1.0
  outer loop
    vertex 139.87706842233877 567.5436136845649 -5.19132051378555e-15
    vertex -25.691079925083088 911.0259755943597 -9.992007221626409e-14
    vertex 140.07686926734803 568.0259755943598 -5.0804087645511195e-15
  endloop
endfacet
facet normal 5.551115123125783e-16 0.0 -1.0
  outer loop
    vertex 140.07686926734803 568.0259755943598 -5.0804087645511195e-15
    vertex -25.691079925083088 911.0259755943597 -9.992007221626409e-14
    vertex 140.3947065125438 568.4401891567329 -6.313956891975182e-15
  endloop
endfacet
facet normal 5.551115123125783e-16 0.0 -1.0
  outer loop
    vertex 140.3947065125438 568.4401891567329 -6.313956891975182e-15
    vertex -25.691079925083088 911.0259755943597 -9.992007221626409e-14
    vertex 140.8089200749169 568.7580264019286 -6.084022174945869e-15
  endloop
endfacet
facet normal 5.551115123125783e-16 0.0 -1.0
  outer loop
    vertex 140.8089200749169 568.7580264019286 -6.084022174945869e-15
    vertex -25.691079925083088 911.0259755943597 -9.992007221626409e-14
    vertex 141.29128198471184 568.957827246938 -5.8162575257176094e-15
  endloop
endfacet
facet normal 5.551115123125783e-16 0.0 -1.0
  outer loop
    vertex 141.29128198471184 568.957827246938 -5.8162575257176094e-15
    vertex -25.691079925083088 911.0259755943597 -9.992007221626409e-14
    vertex 141.8089200749169 569.0259755943598 -5.528910662633292e-15
  endloop
endfacet
facet normal 5.551115123125783e-16 0.0 -1.0
  outer loop
    vertex 141.8089200749169 569.0259755943598 -5.528910662633292e-15
    vertex -25.691079925083088 911.0259755943597 -9.992007221626409e-14
    vertex 2.8947065125437588 885.1117620319867 -8.969170604132446e-14
  endloop
endfacet
facet normal 5.551115123125783e-16 0.0 -1.0
  outer loop
    vertex 141.8089200749169 569.0259755943598 -5.528910662633292e-15
    vertex 2.8947065125437588 885.1117620319867 -8.969170604132446e-14
    vertex 3.3089200749168817 884.793924786791 -9.087175456556908e-14
  endloop
endfacet
facet normal 5.551115123125783e-16 0.0 -1.0
  outer loop
    vertex 141.8089200749169 569.0259755943598 -5.528910662633292e-15
    vertex 3.3089200749168817 884.793924786791 -9.087175456556908e-14
    vertex 3.791281984711857 884.5941239417816 -9.060398991634081e-14
  endloop
endfacet
facet normal 5.551115123125783e-16 0.0 -1.0
  outer loop
    vertex 141.8089200749169 569.0259755943598 -5.528910662633292e-15
    vertex 3.791281984711857 884.5941239417816 -9.060398991634081e-14
    vertex 141.29128198471184 855.0941239417816 -1.7632456062181472e-16
  endloop
endfacet
facet normal 5.551115123125783e-16 0.0 -1.0
  outer loop
    vertex 141.8089200749169 569.0259755943598 -5.528910662633292e-15
    vertex 141.29128198471184 855.0941239417816 -1.7632456062181472e-16
    vertex 141.8089200749169 855.0259755943597 1.1102230246250292e-16
  endloop
endfacet
facet normal 5.551115123125783e-16 0.0 -1.0
  outer loop
    vertex 141.29128198471184 855.0941239417816 -1.7632456062181472e-16
    vertex 3.791281984711857 884.5941239417816 -9.060398991634081e-14
    vertex 140.8089200749169 855.2939247867907 -4.4408920985007435e-16
  endloop
endfacet
facet normal 5.551115123125783e-16 0.0 -1.0
  outer loop
    vertex 140.8089200749169 855.2939247867907 -4.4408920985007435e-16
    vertex 3.791281984711857 884.5941239417816 -9.060398991634081e-14
    vertex 140.3947065125438 855.6117620319867 -3.493990409427284e-15
  endloop
endfacet
facet normal 5.551115123125783e-16 0.0 -1.0
  outer loop
    vertex 140.3947065125438 855.6117620319867 -3.493990409427284e-15
    vertex 3.791281984711857 884.5941239417816 -9.060398991634081e-14
    vertex 140.07686926734803 856.0259755943598 -2.260442282003222e-15
  endloop
endfacet
facet normal 5.551115123125783e-16 0.0 -1.0
  outer loop
    vertex 140.07686926734803 856.0259755943598 -2.260442282003222e-15
    vertex 3.791281984711857 884.5941239417816 -9.060398991634081e-14
    vertex 139.87706842233877 856.5083375041546 -2.3713540312376406e-15
  endloop
endfacet
facet normal 5.551115123125783e-16 0.0 -1.0
  outer loop
    vertex 139.87706842233877 856.5083375041546 -2.3713540312376406e-15
    vertex 3.791281984711857 884.5941239417816 -9.060398991634081e-14
    vertex 139.8089200749169 857.0259755943597 -2.4091839634366003e-15
  endloop
endfacet
facet normal 5.551115123125783e-16 0.0 -1.0
  outer loop
    vertex 139.8089200749169 857.0259755943597 -2.4091839634366003e-15
    vertex 3.791281984711857 884.5941239417816 -9.060398991634081e-14
    vertex 139.87706842233877 857.5436136845648 -2.3713540312376528e-15
  endloop
endfacet
facet normal 5.551115123125783e-16 0.0 -1.0
  outer loop
    vertex 139.87706842233877 857.5436136845648 -2.3713540312376528e-15
    vertex 3.791281984711857 884.5941239417816 -9.060398991634081e-14
    vertex 140.07686926734803 858.0259755943597 -2.260442282003222e-15
  endloop
endfacet
facet normal 5.551115123125783e-16 0.0 -1.0
  outer loop
    vertex 140.07686926734803 858.0259755943597 -2.260442282003222e-15
    vertex 3.791281984711857 884.5941239417816 -9.060398991634081e-14
    vertex 140.3947065125438 858.4401891567327 -3.493990409427284e-15
  endloop
endfacet
facet normal 5.551115123125783e-16 0.0 -1.0
  outer loop
    vertex 140.3947065125438 858.4401891567327 -3.493990409427284e-15
    vertex 3.791281984711857 884.5941239417816 -9.060398991634081e-14
    vertex 140.8089200749169 858.7580264019286 -3.264055692397972e-15
  endloop
endfacet
facet normal 5.551115123125783e-16 0.0 -1.0
  outer loop
    vertex 140.8089200749169 858.7580264019286 -3.264055692397972e-15
    vertex 3.791281984711857 884.5941239417816 -9.060398991634081e-14
    vertex 141.29128198471184 858.9578272469378 -1.7632456062181472e-16
  endloop
endfacet
facet normal 5.551115123125783e-16 0.0 -1.0
  outer loop
    vertex 141.29128198471184 858.9578272469378 -1.7632456062181472e-16
    vertex 3.791281984711857 884.5941239417816 -9.060398991634081e-14
    vertex 141.8089200749169 859.0259755943598 1.1102230246250292e-16
  endloop
endfacet
facet normal 5.551115123125783e-16 0.0 -1.0
  outer loop
    vertex 141.8089200749169 859.0259755943598 1.1102230246250292e-16
    vertex 3.791281984711857 884.5941239417816 -9.060398991634081e-14
    vertex 4.308920074916925 884.5259755943598 -9.031664305325648e-14
  endloop
endfacet
facet normal 5.551115123125783e-16 0.0 -1.0
  outer loop
    vertex 141.8089200749169 859.0259755943598 1.1102230246250292e-16
    vertex 4.308920074916925 884.5259755943598 -9.031664305325648e-14
    vertex 134.30892007491693 884.5259755943595 -1.5332179970073418e-14
  endloop
endfacet
facet normal 5.551115123125783e-16 0.0 -1.0
  outer loop
    vertex 2.8947065125437588 885.1117620319867 -8.969170604132446e-14
    vertex -25.691079925083088 911.0259755943597 -9.992007221626409e-14
    vertex 2.5768692673479676 885.5259755943597 -8.986814115517435e-14
  endloop
endfacet
facet normal 5.551115123125783e-16 0.0 -1.0
  outer loop
    vertex 2.5768692673479676 885.5259755943597 -8.986814115517435e-14
    vertex -25.691079925083088 911.0259755943597 -9.992007221626409e-14
    vertex 2.3770684223387133 886.0083375041548 -8.997905290440879e-14
  endloop
endfacet
facet normal 5.551115123125783e-16 0.0 -1.0
  outer loop
    vertex 2.3770684223387133 886.0083375041548 -8.997905290440879e-14
    vertex -25.691079925083088 911.0259755943597 -9.992007221626409e-14
    vertex 2.3089200749168386 886.5259755943599 -9.001688283660774e-14
  endloop
endfacet
facet normal 5.551115123125783e-16 0.0 -1.0
  outer loop
    vertex 2.3089200749168386 886.5259755943599 -9.001688283660774e-14
    vertex -25.691079925083088 911.0259755943597 -9.992007221626409e-14
    vertex 2.3770684223387133 887.043613684565 -8.997905290440879e-14
  endloop
endfacet
facet normal 5.551115123125783e-16 0.0 -1.0
  outer loop
    vertex 2.3770684223387133 887.043613684565 -8.997905290440879e-14
    vertex -25.691079925083088 911.0259755943597 -9.992007221626409e-14
    vertex 2.5768692673479676 887.5259755943598 -8.986814115517435e-14
  endloop
endfacet
facet normal 5.551115123125783e-16 0.0 -1.0
  outer loop
    vertex 2.5768692673479676 887.5259755943598 -8.986814115517435e-14
    vertex -25.691079925083088 911.0259755943597 -9.992007221626409e-14
    vertex 2.8947065125437588 887.940189156733 -8.969170604132446e-14
  endloop
endfacet
facet normal 5.551115123125783e-16 0.0 -1.0
  outer loop
    vertex 2.8947065125437588 887.940189156733 -8.969170604132446e-14
    vertex -25.691079925083088 911.0259755943597 -9.992007221626409e-14
    vertex 3.3089200749168817 888.2580264019289 -9.087175456556908e-14
  endloop
endfacet
facet normal 5.551115123125783e-16 0.0 -1.0
  outer loop
    vertex 3.3089200749168817 888.2580264019289 -9.087175456556908e-14
    vertex -25.691079925083088 911.0259755943597 -9.992007221626409e-14
    vertex 3.791281984711857 888.4578272469381 -9.060398991634081e-14
  endloop
endfacet
facet normal 5.551115123125783e-16 0.0 -1.0
  outer loop
    vertex 3.791281984711857 888.4578272469381 -9.060398991634081e-14
    vertex -25.691079925083088 911.0259755943597 -9.992007221626409e-14
    vertex 4.308920074916925 888.5259755943599 -9.031664305325648e-14
  endloop
endfacet
facet normal 5.551115123125783e-16 0.0 -1.0
  outer loop
    vertex 154.30892007491693 513.0259755943598 0.0
    vertex 143.8089200749169 567.0259755943598 -5.828670879282086e-15
    vertex 154.30892007491693 911.0259755943597 0.0
  endloop
endfacet
facet normal 5.551115123125783e-16 0.0 -1.0
  outer loop
    vertex 143.8089200749169 567.0259755943598 -5.828670879282086e-15
    vertex 154.30892007491693 513.0259755943598 0.0
    vertex 143.74077172749503 566.5083375041547 -5.8665008114810335e-15
  endloop
endfacet
facet normal 5.551115123125783e-16 0.0 -1.0
  outer loop
    vertex 143.74077172749503 566.5083375041547 -5.8665008114810335e-15
    vertex 154.30892007491693 513.0259755943598 0.0
    vertex 136.24077172749497 537.0083375041547 -1.4259786877647258e-14
  endloop
endfacet
facet normal 5.551115123125783e-16 0.0 -1.0
  outer loop
    vertex 136.24077172749497 537.0083375041547 -1.4259786877647258e-14
    vertex 154.30892007491693 513.0259755943598 0.0
    vertex 136.04097088248568 536.5259755943598 -1.437069862688169e-14
  endloop
endfacet
facet normal 5.551115123125783e-16 0.0 -1.0
  outer loop
    vertex 136.04097088248568 536.5259755943598 -1.437069862688169e-14
    vertex 154.30892007491693 513.0259755943598 0.0
    vertex 135.72313363728992 536.1117620319867 -1.4547133740731577e-14
  endloop
endfacet
facet normal 5.551115123125783e-16 0.0 -1.0
  outer loop
    vertex 135.72313363728992 536.1117620319867 -1.4547133740731577e-14
    vertex 154.30892007491693 513.0259755943598 0.0
    vertex 135.3089200749168 535.7939247867909 -1.336708521648694e-14
  endloop
endfacet
facet normal 5.551115123125783e-16 0.0 -1.0
  outer loop
    vertex 135.3089200749168 535.7939247867909 -1.336708521648694e-14
    vertex 154.30892007491693 513.0259755943598 0.0
    vertex 134.82655816512187 535.5941239417816 -1.36348498657152e-14
  endloop
endfacet
facet normal 5.551115123125783e-16 0.0 -1.0
  outer loop
    vertex 134.82655816512187 535.5941239417816 -1.36348498657152e-14
    vertex 154.30892007491693 513.0259755943598 0.0
    vertex 134.3089200749168 535.5259755943598 -1.3922196728799517e-14
  endloop
endfacet
facet normal 5.551115123125783e-16 0.0 -1.0
  outer loop
    vertex 134.3089200749168 535.5259755943598 -1.3922196728799517e-14
    vertex 154.30892007491693 513.0259755943598 0.0
    vertex 4.308920074916925 535.5259755943598 -8.749667657070859e-14
  endloop
endfacet
facet normal 5.551115123125783e-16 0.0 -1.0
  outer loop
    vertex 143.74077172749503 566.5083375041547 -5.8665008114810335e-15
    vertex 136.24077172749497 537.0083375041547 -1.4259786877647258e-14
    vertex 136.3089200749168 537.5259755943598 -1.422195694544831e-14
  endloop
endfacet
facet normal 5.551115123125783e-16 0.0 -1.0
  outer loop
    vertex 143.74077172749503 566.5083375041547 -5.8665008114810335e-15
    vertex 136.3089200749168 537.5259755943598 -1.422195694544831e-14
    vertex 136.24077172749494 538.0436136845648 -1.425978687764727e-14
  endloop
endfacet
facet normal 5.551115123125783e-16 0.0 -1.0
  outer loop
    vertex 143.74077172749503 566.5083375041547 -5.8665008114810335e-15
    vertex 136.24077172749494 538.0436136845648 -1.425978687764727e-14
    vertex 136.04097088248568 538.5259755943598 -1.437069862688169e-14
  endloop
endfacet
facet normal 5.551115123125783e-16 0.0 -1.0
  outer loop
    vertex 143.74077172749503 566.5083375041547 -5.8665008114810335e-15
    vertex 136.04097088248568 538.5259755943598 -1.437069862688169e-14
    vertex 135.72313363728992 538.9401891567328 -1.4547133740731577e-14
  endloop
endfacet
facet normal 5.551115123125783e-16 0.0 -1.0
  outer loop
    vertex 143.74077172749503 566.5083375041547 -5.8665008114810335e-15
    vertex 135.72313363728992 538.9401891567328 -1.4547133740731577e-14
    vertex 135.3089200749168 539.2580264019286 -1.336708521648694e-14
  endloop
endfacet
facet normal 5.551115123125783e-16 0.0 -1.0
  outer loop
    vertex 143.74077172749503 566.5083375041547 -5.8665008114810335e-15
    vertex 135.3089200749168 539.2580264019286 -1.336708521648694e-14
    vertex 134.82655816512187 539.4578272469379 -1.36348498657152e-14
  endloop
endfacet
facet normal 5.551115123125783e-16 0.0 -1.0
  outer loop
    vertex 143.74077172749503 566.5083375041547 -5.8665008114810335e-15
    vertex 134.82655816512187 539.4578272469379 -1.36348498657152e-14
    vertex 134.3089200749168 539.5259755943597 -1.3922196728799517e-14
  endloop
endfacet
facet normal 5.551115123125783e-16 0.0 -1.0
  outer loop
    vertex 143.74077172749503 566.5083375041547 -5.8665008114810335e-15
    vertex 134.3089200749168 539.5259755943597 -1.3922196728799517e-14
    vertex 143.54097088248577 566.0259755943598 -5.977412560715464e-15
  endloop
endfacet
facet normal 5.551115123125783e-16 0.0 -1.0
  outer loop
    vertex 143.54097088248577 566.0259755943598 -5.977412560715464e-15
    vertex 134.3089200749168 539.5259755943597 -1.3922196728799517e-14
    vertex 143.22313363729 565.6117620319867 -6.153847674565351e-15
  endloop
endfacet
facet normal 5.551115123125783e-16 0.0 -1.0
  outer loop
    vertex 143.22313363729 565.6117620319867 -6.153847674565351e-15
    vertex 134.3089200749168 539.5259755943597 -1.3922196728799517e-14
    vertex 142.8089200749169 565.293924786791 -4.9737991503207144e-15
  endloop
endfacet
facet normal 5.551115123125783e-16 0.0 -1.0
  outer loop
    vertex 142.8089200749169 565.293924786791 -4.9737991503207144e-15
    vertex 134.3089200749168 539.5259755943597 -1.3922196728799517e-14
    vertex 142.32655816512195 565.0941239417816 -5.241563799548974e-15
  endloop
endfacet
facet normal 5.551115123125783e-16 0.0 -1.0
  outer loop
    vertex 142.32655816512195 565.0941239417816 -5.241563799548974e-15
    vertex 134.3089200749168 539.5259755943597 -1.3922196728799517e-14
    vertex 141.8089200749169 565.0259755943598 -5.528910662633292e-15
  endloop
endfacet
facet normal 5.551115123125783e-16 0.0 -1.0
  outer loop
    vertex 154.30892007491693 911.0259755943597 0.0
    vertex 143.8089200749169 567.0259755943598 -5.828670879282086e-15
    vertex 143.74077172749503 567.5436136845649 -5.866500811481046e-15
  endloop
endfacet
facet normal 5.551115123125783e-16 0.0 -1.0
  outer loop
    vertex 154.30892007491693 911.0259755943597 0.0
    vertex 143.74077172749503 567.5436136845649 -5.866500811481046e-15
    vertex 143.54097088248577 568.0259755943598 -5.977412560715464e-15
  endloop
endfacet
facet normal 5.551115123125783e-16 0.0 -1.0
  outer loop
    vertex 154.30892007491693 911.0259755943597 0.0
    vertex 143.54097088248577 568.0259755943598 -5.977412560715464e-15
    vertex 143.22313363729 568.4401891567329 -6.153847674565351e-15
  endloop
endfacet
facet normal 5.551115123125783e-16 0.0 -1.0
  outer loop
    vertex 154.30892007491693 911.0259755943597 0.0
    vertex 143.22313363729 568.4401891567329 -6.153847674565351e-15
    vertex 142.8089200749169 568.7580264019286 -4.9737991503207144e-15
  endloop
endfacet
facet normal 5.551115123125783e-16 0.0 -1.0
  outer loop
    vertex 154.30892007491693 911.0259755943597 0.0
    vertex 142.8089200749169 568.7580264019286 -4.9737991503207144e-15
    vertex 142.32655816512195 568.957827246938 -5.241563799548974e-15
  endloop
endfacet
facet normal 5.551115123125783e-16 0.0 -1.0
  outer loop
    vertex 154.30892007491693 911.0259755943597 0.0
    vertex 142.32655816512195 568.957827246938 -5.241563799548974e-15
    vertex 141.8089200749169 569.0259755943598 -5.528910662633292e-15
  endloop
endfacet
facet normal 5.551115123125783e-16 0.0 -1.0
  outer loop
    vertex 154.30892007491693 911.0259755943597 0.0
    vertex 141.8089200749169 569.0259755943598 -5.528910662633292e-15
    vertex 143.74077172749503 856.5083375041546 -2.2656784638523866e-16
  endloop
endfacet
facet normal 5.551115123125783e-16 0.0 -1.0
  outer loop
    vertex 143.74077172749503 856.5083375041546 -2.2656784638523866e-16
    vertex 141.8089200749169 569.0259755943598 -5.528910662633292e-15
    vertex 143.54097088248577 856.0259755943598 -3.374795956196695e-16
  endloop
endfacet
facet normal 5.551115123125783e-16 0.0 -1.0
  outer loop
    vertex 143.54097088248577 856.0259755943598 -3.374795956196695e-16
    vertex 141.8089200749169 569.0259755943598 -5.528910662633292e-15
    vertex 143.22313363729 855.6117620319867 -5.139147094695564e-16
  endloop
endfacet
facet normal 5.551115123125783e-16 0.0 -1.0
  outer loop
    vertex 143.22313363729 855.6117620319867 -5.139147094695564e-16
    vertex 141.8089200749169 569.0259755943598 -5.528910662633292e-15
    vertex 142.8089200749169 855.2939247867907 6.661338147750802e-16
  endloop
endfacet
facet normal 5.551115123125783e-16 0.0 -1.0
  outer loop
    vertex 142.8089200749169 855.2939247867907 6.661338147750802e-16
    vertex 141.8089200749169 569.0259755943598 -5.528910662633292e-15
    vertex 142.32655816512195 855.0941239417816 3.983691655468206e-16
  endloop
endfacet
facet normal 5.551115123125783e-16 0.0 -1.0
  outer loop
    vertex 142.32655816512195 855.0941239417816 3.983691655468206e-16
    vertex 141.8089200749169 569.0259755943598 -5.528910662633292e-15
    vertex 141.8089200749169 855.0259755943597 1.1102230246250292e-16
  endloop
endfacet
facet normal 5.551115123125783e-16 0.0 -1.0
  outer loop
    vertex 154.30892007491693 911.0259755943597 0.0
    vertex 143.74077172749503 856.5083375041546 -2.2656784638523866e-16
    vertex 143.8089200749169 857.0259755943597 -1.887379141862913e-16
  endloop
endfacet
facet normal 5.551115123125783e-16 0.0 -1.0
  outer loop
    vertex 154.30892007491693 911.0259755943597 0.0
    vertex 143.8089200749169 857.0259755943597 -1.887379141862913e-16
    vertex 143.74077172749503 857.5436136845648 -2.265678463852512e-16
  endloop
endfacet
facet normal 5.551115123125783e-16 0.0 -1.0
  outer loop
    vertex 154.30892007491693 911.0259755943597 0.0
    vertex 143.74077172749503 857.5436136845648 -2.265678463852512e-16
    vertex 143.54097088248577 858.0259755943597 -3.374795956196695e-16
  endloop
endfacet
facet normal 5.551115123125783e-16 0.0 -1.0
  outer loop
    vertex 154.30892007491693 911.0259755943597 0.0
    vertex 143.54097088248577 858.0259755943597 -3.374795956196695e-16
    vertex 143.22313363729 858.4401891567327 -5.139147094695564e-16
  endloop
endfacet
facet normal 5.551115123125783e-16 0.0 -1.0
  outer loop
    vertex 154.30892007491693 911.0259755943597 0.0
    vertex 143.22313363729 858.4401891567327 -5.139147094695564e-16
    vertex 142.8089200749169 858.7580264019286 6.661338147750802e-16
  endloop
endfacet
facet normal 5.551115123125783e-16 0.0 -1.0
  outer loop
    vertex 154.30892007491693 911.0259755943597 0.0
    vertex 142.8089200749169 858.7580264019286 6.661338147750802e-16
    vertex 142.32655816512195 858.9578272469378 3.983691655468206e-16
  endloop
endfacet
facet normal 5.551115123125783e-16 0.0 -1.0
  outer loop
    vertex 154.30892007491693 911.0259755943597 0.0
    vertex 142.32655816512195 858.9578272469378 3.983691655468206e-16
    vertex 141.8089200749169 859.0259755943598 1.1102230246250292e-16
  endloop
endfacet
facet normal 5.551115123125783e-16 0.0 -1.0
  outer loop
    vertex 154.30892007491693 911.0259755943597 0.0
    vertex 141.8089200749169 859.0259755943598 1.1102230246250292e-16
    vertex 136.04097088248588 885.5259755943596 -1.437069862688159e-14
  endloop
endfacet
facet normal 5.551115123125783e-16 0.0 -1.0
  outer loop
    vertex 136.04097088248588 885.5259755943596 -1.437069862688159e-14
    vertex 141.8089200749169 859.0259755943598 1.1102230246250292e-16
    vertex 135.7231336372901 885.1117620319864 -1.454713374073149e-14
  endloop
endfacet
facet normal 5.551115123125783e-16 0.0 -1.0
  outer loop
    vertex 135.7231336372901 885.1117620319864 -1.454713374073149e-14
    vertex 141.8089200749169 859.0259755943598 1.1102230246250292e-16
    vertex 135.30892007491695 884.7939247867905 -1.4777068457760814e-14
  endloop
endfacet
facet normal 5.551115123125783e-16 0.0 -1.0
  outer loop
    vertex 135.30892007491695 884.7939247867905 -1.4777068457760814e-14
    vertex 141.8089200749169 859.0259755943598 1.1102230246250292e-16
    vertex 134.82655816512198 884.5941239417813 -1.5044833106989086e-14
  endloop
endfacet
facet normal 5.551115123125783e-16 0.0 -1.0
  outer loop
    vertex 134.82655816512198 884.5941239417813 -1.5044833106989086e-14
    vertex 141.8089200749169 859.0259755943598 1.1102230246250292e-16
    vertex 134.30892007491693 884.5259755943595 -1.5332179970073418e-14
  endloop
endfacet
facet normal 5.551115123125783e-16 0.0 -1.0
  outer loop
    vertex 154.30892007491693 911.0259755943597 0.0
    vertex 136.04097088248588 885.5259755943596 -1.437069862688159e-14
    vertex 136.24077172749512 886.0083375041545 -1.4259786877647173e-14
  endloop
endfacet
facet normal 5.551115123125783e-16 0.0 -1.0
  outer loop
    vertex 154.30892007491693 911.0259755943597 0.0
    vertex 136.24077172749512 886.0083375041545 -1.4259786877647173e-14
    vertex 136.308920074917 886.5259755943595 -1.422195694544821e-14
  endloop
endfacet
facet normal 5.551115123125783e-16 0.0 -1.0
  outer loop
    vertex 154.30892007491693 911.0259755943597 0.0
    vertex 136.308920074917 886.5259755943595 -1.422195694544821e-14
    vertex 136.24077172749512 887.0436136845645 -1.4259786877647173e-14
  endloop
endfacet
facet normal 5.551115123125783e-16 0.0 -1.0
  outer loop
    vertex 154.30892007491693 911.0259755943597 0.0
    vertex 136.24077172749512 887.0436136845645 -1.4259786877647173e-14
    vertex 136.04097088248588 887.5259755943597 -1.437069862688159e-14
  endloop
endfacet
facet normal 5.551115123125783e-16 0.0 -1.0
  outer loop
    vertex 154.30892007491693 911.0259755943597 0.0
    vertex 136.04097088248588 887.5259755943597 -1.437069862688159e-14
    vertex 135.7231336372901 887.9401891567327 -1.454713374073149e-14
  endloop
endfacet
facet normal 5.551115123125783e-16 0.0 -1.0
  outer loop
    vertex 154.30892007491693 911.0259755943597 0.0
    vertex 135.7231336372901 887.9401891567327 -1.454713374073149e-14
    vertex 135.30892007491695 888.2580264019285 -1.4777068457760814e-14
  endloop
endfacet
facet normal 5.551115123125783e-16 0.0 -1.0
  outer loop
    vertex 154.30892007491693 911.0259755943597 0.0
    vertex 135.30892007491695 888.2580264019285 -1.4777068457760814e-14
    vertex 134.82655816512198 888.4578272469378 -1.5044833106989086e-14
  endloop
endfacet
facet normal 5.551115123125783e-16 0.0 -1.0
  outer loop
    vertex 154.30892007491693 911.0259755943597 0.0
    vertex 134.82655816512198 888.4578272469378 -1.5044833106989086e-14
    vertex 134.30892007491693 888.5259755943596 -1.5332179970073418e-14
  endloop
endfacet
facet normal 5.551115123125783e-16 0.0 -1.0
  outer loop
    vertex 154.30892007491693 911.0259755943597 0.0
    vertex 134.30892007491693 888.5259755943596 -1.5332179970073418e-14
    vertex 4.308920074916925 888.5259755943599 -9.031664305325648e-14
  endloop
endfacet
facet normal 5.551115123125783e-16 0.0 -1.0
  outer loop
    vertex 154.30892007491693 911.0259755943597 0.0
    vertex 4.308920074916925 888.5259755943599 -9.031664305325648e-14
    vertex -25.691079925083088 911.0259755943597 -9.992007221626409e-14
  endloop
endfacet
facet normal 5.551115123125783e-16 0.0 -1.0
  outer loop
    vertex 4.826558165121971 535.5941239417816 -8.720932970762426e-14
    vertex 134.3089200749168 535.5259755943598 -1.3922196728799517e-14
    vertex 4.308920074916925 535.5259755943598 -8.749667657070859e-14
  endloop
endfacet
facet normal 5.551115123125783e-16 0.0 -1.0
  outer loop
    vertex 134.3089200749168 535.5259755943598 -1.3922196728799517e-14
    vertex 4.826558165121971 535.5941239417816 -8.720932970762426e-14
    vertex 133.7912819847118 535.5941239417816 -1.4209543591883835e-14
  endloop
endfacet
facet normal 5.551115123125783e-16 0.0 -1.0
  outer loop
    vertex 133.7912819847118 535.5941239417816 -1.4209543591883835e-14
    vertex 4.826558165121971 535.5941239417816 -8.720932970762426e-14
    vertex 5.308920074916923 535.7939247867909 -8.694156505839601e-14
  endloop
endfacet
facet normal 5.551115123125783e-16 0.0 -1.0
  outer loop
    vertex 133.7912819847118 535.5941239417816 -1.4209543591883835e-14
    vertex 5.308920074916923 535.7939247867909 -8.694156505839601e-14
    vertex 133.3089200749168 535.7939247867909 -1.4477308241112096e-14
  endloop
endfacet
facet normal 5.551115123125783e-16 0.0 -1.0
  outer loop
    vertex 133.3089200749168 535.7939247867909 -1.4477308241112096e-14
    vertex 5.308920074916923 535.7939247867909 -8.694156505839601e-14
    vertex 5.723133637290023 536.1117620319867 -8.67116303413667e-14
  endloop
endfacet
facet normal 5.551115123125783e-16 0.0 -1.0
  outer loop
    vertex 133.3089200749168 535.7939247867909 -1.4477308241112096e-14
    vertex 5.723133637290023 536.1117620319867 -8.67116303413667e-14
    vertex 132.89470651254373 536.1117620319867 -1.4707242958141408e-14
  endloop
endfacet
facet normal 5.551115123125783e-16 0.0 -1.0
  outer loop
    vertex 132.89470651254373 536.1117620319867 -1.4707242958141408e-14
    vertex 5.723133637290023 536.1117620319867 -8.67116303413667e-14
    vertex 6.040970882485815 536.5259755943598 -8.65351952275168e-14
  endloop
endfacet
facet normal 5.551115123125783e-16 0.0 -1.0
  outer loop
    vertex 132.89470651254373 536.1117620319867 -1.4707242958141408e-14
    vertex 6.040970882485815 536.5259755943598 -8.65351952275168e-14
    vertex 132.57686926734794 536.5259755943597 -1.3473694830717345e-14
  endloop
endfacet
facet normal 5.551115123125783e-16 0.0 -1.0
  outer loop
    vertex 132.57686926734794 536.5259755943597 -1.3473694830717345e-14
    vertex 6.040970882485815 536.5259755943598 -8.65351952275168e-14
    vertex 132.37706842233868 537.0083375041547 -1.3584606579951776e-14
  endloop
endfacet
facet normal 5.551115123125783e-16 0.0 -1.0
  outer loop
    vertex 132.37706842233868 537.0083375041547 -1.3584606579951776e-14
    vertex 6.040970882485815 536.5259755943598 -8.65351952275168e-14
    vertex 6.240771727495069 537.0083375041547 -8.642428347828237e-14
  endloop
endfacet
facet normal 5.551115123125783e-16 0.0 -1.0
  outer loop
    vertex 132.37706842233868 537.0083375041547 -1.3584606579951776e-14
    vertex 6.240771727495069 537.0083375041547 -8.642428347828237e-14
    vertex 6.308920074916921 537.5259755943598 -8.638645354608343e-14
  endloop
endfacet
facet normal 5.551115123125783e-16 0.0 -1.0
  outer loop
    vertex 132.37706842233868 537.0083375041547 -1.3584606579951776e-14
    vertex 6.308920074916921 537.5259755943598 -8.638645354608343e-14
    vertex 132.3089200749168 537.5259755943598 -1.3622436512150723e-14
  endloop
endfacet
facet normal 5.551115123125783e-16 0.0 -1.0
  outer loop
    vertex 132.3089200749168 537.5259755943598 -1.3622436512150723e-14
    vertex 6.308920074916921 537.5259755943598 -8.638645354608343e-14
    vertex 6.240771727495069 538.0436136845648 -8.642428347828237e-14
  endloop
endfacet
facet normal 5.551115123125783e-16 0.0 -1.0
  outer loop
    vertex 132.3089200749168 537.5259755943598 -1.3622436512150723e-14
    vertex 6.240771727495069 538.0436136845648 -8.642428347828237e-14
    vertex 132.37706842233868 538.0436136845648 -1.3584606579951776e-14
  endloop
endfacet
facet normal 5.551115123125783e-16 0.0 -1.0
  outer loop
    vertex 132.37706842233868 538.0436136845648 -1.3584606579951776e-14
    vertex 6.240771727495069 538.0436136845648 -8.642428347828237e-14
    vertex 6.040970882485815 538.5259755943598 -8.65351952275168e-14
  endloop
endfacet
facet normal 5.551115123125783e-16 0.0 -1.0
  outer loop
    vertex 132.37706842233868 538.0436136845648 -1.3584606579951776e-14
    vertex 6.040970882485815 538.5259755943598 -8.65351952275168e-14
    vertex 132.57686926734794 538.5259755943597 -1.3473694830717345e-14
  endloop
endfacet
facet normal 5.551115123125783e-16 0.0 -1.0
  outer loop
    vertex 132.57686926734794 538.5259755943597 -1.3473694830717345e-14
    vertex 6.040970882485815 538.5259755943598 -8.65351952275168e-14
    vertex 132.89470651254373 538.9401891567328 -1.4707242958141408e-14
  endloop
endfacet
facet normal 5.551115123125783e-16 0.0 -1.0
  outer loop
    vertex 132.89470651254373 538.9401891567328 -1.4707242958141408e-14
    vertex 6.040970882485815 538.5259755943598 -8.65351952275168e-14
    vertex 5.723133637290023 538.9401891567328 -8.67116303413667e-14
  endloop
endfacet
facet normal 5.551115123125783e-16 0.0 -1.0
  outer loop
    vertex 132.89470651254373 538.9401891567328 -1.4707242958141408e-14
    vertex 5.723133637290023 538.9401891567328 -8.67116303413667e-14
    vertex 5.308920074916923 539.2580264019286 -8.694156505839601e-14
  endloop
endfacet
facet normal 5.551115123125783e-16 0.0 -1.0
  outer loop
    vertex 132.89470651254373 538.9401891567328 -1.4707242958141408e-14
    vertex 5.308920074916923 539.2580264019286 -8.694156505839601e-14
    vertex 133.3089200749168 539.2580264019286 -1.4477308241112096e-14
  endloop
endfacet
facet normal 5.551115123125783e-16 0.0 -1.0
  outer loop
    vertex 133.3089200749168 539.2580264019286 -1.4477308241112096e-14
    vertex 5.308920074916923 539.2580264019286 -8.694156505839601e-14
    vertex 4.826558165121971 539.4578272469379 -8.720932970762426e-14
  endloop
endfacet
facet normal 5.551115123125783e-16 0.0 -1.0
  outer loop
    vertex 133.3089200749168 539.2580264019286 -1.4477308241112096e-14
    vertex 4.826558165121971 539.4578272469379 -8.720932970762426e-14
    vertex 133.7912819847118 539.4578272469379 -1.4209543591883835e-14
  endloop
endfacet
facet normal 5.551115123125783e-16 0.0 -1.0
  outer loop
    vertex 133.7912819847118 539.4578272469379 -1.4209543591883835e-14
    vertex 4.826558165121971 539.4578272469379 -8.720932970762426e-14
    vertex 4.308920074916925 539.5259755943597 -8.749667657070859e-14
  endloop
endfacet
facet normal 5.551115123125783e-16 0.0 -1.0
  outer loop
    vertex 133.7912819847118 539.4578272469379 -1.4209543591883835e-14
    vertex 4.308920074916925 539.5259755943597 -8.749667657070859e-14
    vertex 134.3089200749168 539.5259755943597 -1.3922196728799517e-14
  endloop
endfacet
facet normal -5.166574239141978e-16 -5.622775428166552e-33 1.0
  outer loop
    vertex 124.30892007491693 891.0259755943596 4.999999999999984
    vertex 14.30892007491693 882.0259755943598 4.999999999999927
    vertex 124.30892007491693 882.0259755943597 4.999999999999984
  endloop
endfacet
facet normal -5.166574239141978e-16 -5.622775428166552e-33 1.0
  outer loop
    vertex 14.30892007491693 882.0259755943598 4.999999999999927
    vertex 124.30892007491693 891.0259755943596 4.999999999999984
    vertex 14.30892007491693 891.0259755943598 4.999999999999927
  endloop
endfacet
facet normal -1.6407077716642309e-15 -1.0 -6.433947750116881e-30
  outer loop
    vertex 124.30892007491691 891.0259755943596 8.999999999999984
    vertex 14.30892007491693 891.0259755943598 4.999999999999927
    vertex 124.30892007491693 891.0259755943596 4.999999999999984
  endloop
endfacet
facet normal -1.6407077716642309e-15 -1.0 -6.433947750116881e-30
  outer loop
    vertex 14.30892007491693 891.0259755943598 4.999999999999927
    vertex 124.30892007491691 891.0259755943596 8.999999999999984
    vertex 14.30892007491693 891.0259755943598 8.999999999999924
  endloop
endfacet
facet normal 1.6407077716642313e-15 1.0 6.433947750116881e-30
  outer loop
    vertex 14.30892007491693 882.0259755943598 4.999999999999927
    vertex 124.30892007491691 882.0259755943597 8.999999999999984
    vertex 124.30892007491693 882.0259755943597 4.999999999999984
  endloop
endfacet
facet normal 1.6407077716642313e-15 1.0 6.433947750116881e-30
  outer loop
    vertex 124.30892007491691 882.0259755943597 8.999999999999984
    vertex 14.30892007491693 882.0259755943598 4.999999999999927
    vertex 14.30892007491693 882.0259755943598 8.999999999999924
  endloop
endfacet
facet normal -6.10622663543836e-16 -1.136834798929598e-16 -1.0
  outer loop
    vertex 325.6089200749162 857.0259755943606 -4.511946372076636e-14
    vertex 305.30892007491684 517.0259755943598 -2.255973186038318e-14
    vertex 305.3089200749163 857.0259755943606 -2.255973186038318e-14
  endloop
endfacet
facet normal -6.10622663543836e-16 -1.136834798929598e-16 -1.0
  outer loop
    vertex 305.30892007491684 517.0259755943598 -2.255973186038318e-14
    vertex 325.6089200749162 857.0259755943606 -4.511946372076636e-14
    vertex 325.3089200749168 597.0259755943598 -1.127986593019159e-13
  endloop
endfacet
facet normal -6.10622663543836e-16 -1.136834798929598e-16 -1.0
  outer loop
    vertex 325.3089200749168 597.0259755943598 -1.127986593019159e-13
    vertex 325.6089200749162 857.0259755943606 -4.511946372076636e-14
    vertex 325.8200326805808 600.9082612708977 -1.127986593019159e-13
  endloop
endfacet
facet normal -6.10622663543836e-16 -1.136834798929598e-16 -1.0
  outer loop
    vertex 325.8200326805808 600.9082612708977 -1.127986593019159e-13
    vertex 325.6089200749162 857.0259755943606 -4.511946372076636e-14
    vertex 325.60892007491634 861.0259755943606 -1.5791812302268225e-13
  endloop
endfacet
facet normal -6.10622663543836e-16 -1.136834798929598e-16 -1.0
  outer loop
    vertex 325.8200326805808 600.9082612708977 -1.127986593019159e-13
    vertex 325.60892007491634 861.0259755943606 -1.5791812302268225e-13
    vertex 358.3089200749167 851.0259755943606 -4.511946372076636e-14
  endloop
endfacet
facet normal -6.10622663543836e-16 -1.136834798929598e-16 -1.0
  outer loop
    vertex 358.3089200749167 851.0259755943606 -4.511946372076636e-14
    vertex 325.60892007491634 861.0259755943606 -1.5791812302268225e-13
    vertex 358.37706842233865 851.5436136845656 -4.511946372076636e-14
  endloop
endfacet
facet normal -6.10622663543836e-16 -1.136834798929598e-16 -1.0
  outer loop
    vertex 358.37706842233865 851.5436136845656 -4.511946372076636e-14
    vertex 325.60892007491634 861.0259755943606 -1.5791812302268225e-13
    vertex 358.5768692673479 852.0259755943605 -2.255973186038318e-14
  endloop
endfacet
facet normal -6.10622663543836e-16 -1.136834798929598e-16 -1.0
  outer loop
    vertex 358.5768692673479 852.0259755943605 -2.255973186038318e-14
    vertex 325.60892007491634 861.0259755943606 -1.5791812302268225e-13
    vertex 358.8947065125436 852.4401891567336 -2.255973186038318e-14
  endloop
endfacet
facet normal -6.10622663543836e-16 -1.136834798929598e-16 -1.0
  outer loop
    vertex 358.8947065125436 852.4401891567336 -2.255973186038318e-14
    vertex 325.60892007491634 861.0259755943606 -1.5791812302268225e-13
    vertex 359.3089200749167 852.7580264019296 -2.255973186038318e-14
  endloop
endfacet
facet normal -6.10622663543836e-16 -1.136834798929598e-16 -1.0
  outer loop
    vertex 359.3089200749167 852.7580264019296 -2.255973186038318e-14
    vertex 325.60892007491634 861.0259755943606 -1.5791812302268225e-13
    vertex 359.7912819847117 852.9578272469387 -2.255973186038318e-14
  endloop
endfacet
facet normal -6.10622663543836e-16 -1.136834798929598e-16 -1.0
  outer loop
    vertex 359.7912819847117 852.9578272469387 -2.255973186038318e-14
    vertex 325.60892007491634 861.0259755943606 -1.5791812302268225e-13
    vertex 395.0089200749172 861.0259755943603 -2.255973186038318e-13
  endloop
endfacet
facet normal -6.10622663543836e-16 -1.136834798929598e-16 -1.0
  outer loop
    vertex 325.8200326805808 600.9082612708977 -1.127986593019159e-13
    vertex 358.3089200749167 851.0259755943606 -4.511946372076636e-14
    vertex 327.31853901815026 604.5259755943598 -2.255973186038318e-14
  endloop
endfacet
facet normal -6.10622663543836e-16 -1.136834798929598e-16 -1.0
  outer loop
    vertex 327.31853901815026 604.5259755943598 -2.255973186038318e-14
    vertex 358.3089200749167 851.0259755943606 -4.511946372076636e-14
    vertex 329.7023183571186 607.632577312158 -9.023892744153272e-14
  endloop
endfacet
facet normal -6.10622663543836e-16 -1.136834798929598e-16 -1.0
  outer loop
    vertex 329.7023183571186 607.632577312158 -9.023892744153272e-14
    vertex 358.3089200749167 851.0259755943606 -4.511946372076636e-14
    vertex 332.80892007491684 610.0163566511264 -2.0303758674344862e-13
  endloop
endfacet
facet normal -6.10622663543836e-16 -1.136834798929598e-16 -1.0
  outer loop
    vertex 332.80892007491684 610.0163566511264 -2.0303758674344862e-13
    vertex 358.3089200749167 851.0259755943606 -4.511946372076636e-14
    vertex 336.42663439837906 611.514862988696 -1.127986593019159e-13
  endloop
endfacet
facet normal -6.10622663543836e-16 -1.136834798929598e-16 -1.0
  outer loop
    vertex 336.42663439837906 611.514862988696 -1.127986593019159e-13
    vertex 358.3089200749167 851.0259755943606 -4.511946372076636e-14
    vertex 340.3089200749169 612.0259755943599 -9.023892744153272e-14
  endloop
endfacet
facet normal -6.10622663543836e-16 -1.136834798929598e-16 -1.0
  outer loop
    vertex 340.3089200749169 612.0259755943599 -9.023892744153272e-14
    vertex 358.3089200749167 851.0259755943606 -4.511946372076636e-14
    vertex 344.19120575145473 611.5148629886959 -1.3535839116229907e-13
  endloop
endfacet
facet normal -6.10622663543836e-16 -1.136834798929598e-16 -1.0
  outer loop
    vertex 344.19120575145473 611.5148629886959 -1.3535839116229907e-13
    vertex 358.3089200749167 851.0259755943606 -4.511946372076636e-14
    vertex 347.8089200749169 610.0163566511264 -1.3535839116229907e-13
  endloop
endfacet
facet normal -6.10622663543836e-16 -1.136834798929598e-16 -1.0
  outer loop
    vertex 347.8089200749169 610.0163566511264 -1.3535839116229907e-13
    vertex 358.3089200749167 851.0259755943606 -4.511946372076636e-14
    vertex 350.9155217927151 607.6325773121581 -6.767919558114953e-14
  endloop
endfacet
facet normal -6.10622663543836e-16 -1.136834798929598e-16 -1.0
  outer loop
    vertex 350.9155217927151 607.6325773121581 -6.767919558114953e-14
    vertex 358.3089200749167 851.0259755943606 -4.511946372076636e-14
    vertex 353.2993011316834 604.5259755943598 -4.511946372076636e-14
  endloop
endfacet
facet normal -6.10622663543836e-16 -1.136834798929598e-16 -1.0
  outer loop
    vertex 353.2993011316834 604.5259755943598 -4.511946372076636e-14
    vertex 358.3089200749167 851.0259755943606 -4.511946372076636e-14
    vertex 354.7978074692529 600.9082612708977 -9.023892744153272e-14
  endloop
endfacet
facet normal -6.10622663543836e-16 -1.136834798929598e-16 -1.0
  outer loop
    vertex 354.7978074692529 600.9082612708977 -9.023892744153272e-14
    vertex 358.3089200749167 851.0259755943606 -4.511946372076636e-14
    vertex 355.30892007491695 597.0259755943598 0.0
  endloop
endfacet
facet normal -6.10622663543836e-16 -1.136834798929598e-16 -1.0
  outer loop
    vertex 355.30892007491695 597.0259755943598 0.0
    vertex 358.3089200749167 851.0259755943606 -4.511946372076636e-14
    vertex 355.30892007491695 557.0259755943598 -6.767919558114953e-14
  endloop
endfacet
facet normal -6.10622663543836e-16 -1.136834798929598e-16 -1.0
  outer loop
    vertex 359.7912819847117 852.9578272469387 -2.255973186038318e-14
    vertex 395.0089200749172 861.0259755943603 -2.255973186038318e-13
    vertex 360.3089200749167 853.0259755943606 -2.255973186038318e-14
  endloop
endfacet
facet normal -6.10622663543836e-16 -1.136834798929598e-16 -1.0
  outer loop
    vertex 360.3089200749167 853.0259755943606 -2.255973186038318e-14
    vertex 395.0089200749172 861.0259755943603 -2.255973186038318e-13
    vertex 360.82655816512175 852.9578272469387 -2.255973186038318e-14
  endloop
endfacet
facet normal -6.10622663543836e-16 -1.136834798929598e-16 -1.0
  outer loop
    vertex 360.82655816512175 852.9578272469387 -2.255973186038318e-14
    vertex 395.0089200749172 861.0259755943603 -2.255973186038318e-13
    vertex 361.3089200749167 852.7580264019296 -2.255973186038318e-14
  endloop
endfacet
facet normal -6.10622663543836e-16 -1.136834798929598e-16 -1.0
  outer loop
    vertex 361.3089200749167 852.7580264019296 -2.255973186038318e-14
    vertex 395.0089200749172 861.0259755943603 -2.255973186038318e-13
    vertex 361.72313363728983 852.4401891567336 -4.511946372076636e-14
  endloop
endfacet
facet normal -6.10622663543836e-16 -1.136834798929598e-16 -1.0
  outer loop
    vertex 361.72313363728983 852.4401891567336 -4.511946372076636e-14
    vertex 395.0089200749172 861.0259755943603 -2.255973186038318e-13
    vertex 362.0409708824856 852.0259755943605 -2.255973186038318e-14
  endloop
endfacet
facet normal -6.10622663543836e-16 -1.136834798929598e-16 -1.0
  outer loop
    vertex 362.0409708824856 852.0259755943605 -2.255973186038318e-14
    vertex 395.0089200749172 861.0259755943603 -2.255973186038318e-13
    vertex 362.24077172749486 851.5436136845656 -4.511946372076636e-14
  endloop
endfacet
facet normal -6.10622663543836e-16 -1.136834798929598e-16 -1.0
  outer loop
    vertex 362.24077172749486 851.5436136845656 -4.511946372076636e-14
    vertex 395.0089200749172 861.0259755943603 -2.255973186038318e-13
    vertex 362.3089200749167 851.0259755943606 -2.255973186038318e-14
  endloop
endfacet
facet normal -6.10622663543836e-16 -1.136834798929598e-16 -1.0
  outer loop
    vertex 362.3089200749167 851.0259755943606 -2.255973186038318e-14
    vertex 395.0089200749172 861.0259755943603 -2.255973186038318e-13
    vertex 362.3089200749169 523.0259755943599 -6.767919558114953e-14
  endloop
endfacet
facet normal -6.10622663543836e-16 -1.136834798929598e-16 -1.0
  outer loop
    vertex 362.3089200749169 523.0259755943599 -6.767919558114953e-14
    vertex 395.0089200749172 861.0259755943603 -2.255973186038318e-13
    vertex 395.00892007491694 517.0259755943599 -6.767919558114953e-14
  endloop
endfacet
facet normal -6.10622663543836e-16 -1.136834798929598e-16 -1.0
  outer loop
    vertex 395.00892007491694 517.0259755943599 -6.767919558114953e-14
    vertex 395.0089200749172 861.0259755943603 -2.255973186038318e-13
    vertex 395.0089200749172 857.0259755943605 -9.023892744153272e-14
  endloop
endfacet
facet normal -6.10622663543836e-16 -1.136834798929598e-16 -1.0
  outer loop
    vertex 395.00892007491694 517.0259755943599 -6.767919558114953e-14
    vertex 395.0089200749172 857.0259755943605 -9.023892744153272e-14
    vertex 415.30892007491695 517.0259755943599 -4.511946372076636e-14
  endloop
endfacet
facet normal -6.10622663543836e-16 -1.136834798929598e-16 -1.0
  outer loop
    vertex 415.30892007491695 517.0259755943599 -4.511946372076636e-14
    vertex 395.0089200749172 857.0259755943605 -9.023892744153272e-14
    vertex 415.3089200749171 857.0259755943605 -6.767919558114953e-14
  endloop
endfacet
facet normal -6.10622663543836e-16 -1.136834798929598e-16 -1.0
  outer loop
    vertex 305.30892007491684 517.0259755943598 -2.255973186038318e-14
    vertex 325.30892007491684 557.0259755943598 -1.5791812302268225e-13
    vertex 325.60892007491685 517.0259755943598 -2.255973186038318e-14
  endloop
endfacet
facet normal -6.10622663543836e-16 -1.136834798929598e-16 -1.0
  outer loop
    vertex 325.30892007491684 557.0259755943598 -1.5791812302268225e-13
    vertex 305.30892007491684 517.0259755943598 -2.255973186038318e-14
    vertex 325.3089200749168 597.0259755943598 -1.127986593019159e-13
  endloop
endfacet
facet normal -6.10622663543836e-16 -1.136834798929598e-16 -1.0
  outer loop
    vertex 325.60892007491685 517.0259755943598 -2.255973186038318e-14
    vertex 325.30892007491684 557.0259755943598 -1.5791812302268225e-13
    vertex 325.8200326805808 553.143689917822 -9.023892744153272e-14
  endloop
endfacet
facet normal -6.10622663543836e-16 -1.136834798929598e-16 -1.0
  outer loop
    vertex 325.60892007491685 517.0259755943598 -2.255973186038318e-14
    vertex 325.8200326805808 553.143689917822 -9.023892744153272e-14
    vertex 325.60892007491685 513.0259755943598 -2.255973186038318e-14
  endloop
endfacet
facet normal -6.10622663543836e-16 -1.136834798929598e-16 -1.0
  outer loop
    vertex 325.60892007491685 513.0259755943598 -2.255973186038318e-14
    vertex 325.8200326805808 553.143689917822 -9.023892744153272e-14
    vertex 327.31853901815026 549.5259755943598 -6.767919558114953e-14
  endloop
endfacet
facet normal -6.10622663543836e-16 -1.136834798929598e-16 -1.0
  outer loop
    vertex 325.60892007491685 513.0259755943598 -2.255973186038318e-14
    vertex 327.31853901815026 549.5259755943598 -6.767919558114953e-14
    vertex 329.70231835711866 546.4193738765615 -6.767919558114953e-14
  endloop
endfacet
facet normal -6.10622663543836e-16 -1.136834798929598e-16 -1.0
  outer loop
    vertex 325.60892007491685 513.0259755943598 -2.255973186038318e-14
    vertex 329.70231835711866 546.4193738765615 -6.767919558114953e-14
    vertex 358.8947065125438 521.6117620319868 -6.767919558114953e-14
  endloop
endfacet
facet normal -6.10622663543836e-16 -1.136834798929598e-16 -1.0
  outer loop
    vertex 325.60892007491685 513.0259755943598 -2.255973186038318e-14
    vertex 358.8947065125438 521.6117620319868 -6.767919558114953e-14
    vertex 359.3089200749169 521.293924786791 -9.023892744153272e-14
  endloop
endfacet
facet normal -6.10622663543836e-16 -1.136834798929598e-16 -1.0
  outer loop
    vertex 325.60892007491685 513.0259755943598 -2.255973186038318e-14
    vertex 359.3089200749169 521.293924786791 -9.023892744153272e-14
    vertex 359.7912819847119 521.0941239417817 -6.767919558114953e-14
  endloop
endfacet
facet normal -6.10622663543836e-16 -1.136834798929598e-16 -1.0
  outer loop
    vertex 325.60892007491685 513.0259755943598 -2.255973186038318e-14
    vertex 359.7912819847119 521.0941239417817 -6.767919558114953e-14
    vertex 395.00892007491694 513.0259755943599 -4.511946372076636e-14
  endloop
endfacet
facet normal -6.10622663543836e-16 -1.136834798929598e-16 -1.0
  outer loop
    vertex 358.8947065125438 521.6117620319868 -6.767919558114953e-14
    vertex 329.70231835711866 546.4193738765615 -6.767919558114953e-14
    vertex 332.80892007491684 544.0355945375932 -1.127986593019159e-13
  endloop
endfacet
facet normal -6.10622663543836e-16 -1.136834798929598e-16 -1.0
  outer loop
    vertex 358.8947065125438 521.6117620319868 -6.767919558114953e-14
    vertex 332.80892007491684 544.0355945375932 -1.127986593019159e-13
    vertex 336.42663439837906 542.5370882000238 -1.127986593019159e-13
  endloop
endfacet
facet normal -6.10622663543836e-16 -1.136834798929598e-16 -1.0
  outer loop
    vertex 358.8947065125438 521.6117620319868 -6.767919558114953e-14
    vertex 336.42663439837906 542.5370882000238 -1.127986593019159e-13
    vertex 340.3089200749169 542.0259755943598 -6.767919558114953e-14
  endloop
endfacet
facet normal -6.10622663543836e-16 -1.136834798929598e-16 -1.0
  outer loop
    vertex 358.8947065125438 521.6117620319868 -6.767919558114953e-14
    vertex 340.3089200749169 542.0259755943598 -6.767919558114953e-14
    vertex 358.576869267348 522.0259755943598 -6.767919558114953e-14
  endloop
endfacet
facet normal -6.10622663543836e-16 -1.136834798929598e-16 -1.0
  outer loop
    vertex 358.576869267348 522.0259755943598 -6.767919558114953e-14
    vertex 340.3089200749169 542.0259755943598 -6.767919558114953e-14
    vertex 344.19120575145473 542.5370882000237 -1.8047785488306544e-13
  endloop
endfacet
facet normal -6.10622663543836e-16 -1.136834798929598e-16 -1.0
  outer loop
    vertex 358.576869267348 522.0259755943598 -6.767919558114953e-14
    vertex 344.19120575145473 542.5370882000237 -1.8047785488306544e-13
    vertex 347.8089200749169 544.0355945375932 -1.127986593019159e-13
  endloop
endfacet
facet normal -6.10622663543836e-16 -1.136834798929598e-16 -1.0
  outer loop
    vertex 358.576869267348 522.0259755943598 -6.767919558114953e-14
    vertex 347.8089200749169 544.0355945375932 -1.127986593019159e-13
    vertex 358.37706842233877 522.5083375041548 -6.767919558114953e-14
  endloop
endfacet
facet normal -6.10622663543836e-16 -1.136834798929598e-16 -1.0
  outer loop
    vertex 358.37706842233877 522.5083375041548 -6.767919558114953e-14
    vertex 347.8089200749169 544.0355945375932 -1.127986593019159e-13
    vertex 350.9155217927152 546.4193738765615 -9.023892744153272e-14
  endloop
endfacet
facet normal -6.10622663543836e-16 -1.136834798929598e-16 -1.0
  outer loop
    vertex 358.37706842233877 522.5083375041548 -6.767919558114953e-14
    vertex 350.9155217927152 546.4193738765615 -9.023892744153272e-14
    vertex 353.29930113168354 549.5259755943598 -4.511946372076636e-14
  endloop
endfacet
facet normal -6.10622663543836e-16 -1.136834798929598e-16 -1.0
  outer loop
    vertex 358.37706842233877 522.5083375041548 -6.767919558114953e-14
    vertex 353.29930113168354 549.5259755943598 -4.511946372076636e-14
    vertex 358.3089200749169 523.0259755943599 -6.767919558114953e-14
  endloop
endfacet
facet normal -6.10622663543836e-16 -1.136834798929598e-16 -1.0
  outer loop
    vertex 358.3089200749169 523.0259755943599 -6.767919558114953e-14
    vertex 353.29930113168354 549.5259755943598 -4.511946372076636e-14
    vertex 354.7978074692529 553.143689917822 0.0
  endloop
endfacet
facet normal -6.10622663543836e-16 -1.136834798929598e-16 -1.0
  outer loop
    vertex 358.3089200749169 523.0259755943599 -6.767919558114953e-14
    vertex 354.7978074692529 553.143689917822 0.0
    vertex 355.30892007491695 557.0259755943598 -6.767919558114953e-14
  endloop
endfacet
facet normal -6.10622663543836e-16 -1.136834798929598e-16 -1.0
  outer loop
    vertex 358.3089200749169 523.0259755943599 -6.767919558114953e-14
    vertex 355.30892007491695 557.0259755943598 -6.767919558114953e-14
    vertex 358.3089200749167 851.0259755943606 -4.511946372076636e-14
  endloop
endfacet
facet normal -6.10622663543836e-16 -1.136834798929598e-16 -1.0
  outer loop
    vertex 395.00892007491694 513.0259755943599 -4.511946372076636e-14
    vertex 359.7912819847119 521.0941239417817 -6.767919558114953e-14
    vertex 360.3089200749169 521.0259755943599 -6.767919558114953e-14
  endloop
endfacet
facet normal -6.10622663543836e-16 -1.136834798929598e-16 -1.0
  outer loop
    vertex 395.00892007491694 513.0259755943599 -4.511946372076636e-14
    vertex 360.3089200749169 521.0259755943599 -6.767919558114953e-14
    vertex 360.8265581651219 521.0941239417817 -4.511946372076636e-14
  endloop
endfacet
facet normal -6.10622663543836e-16 -1.136834798929598e-16 -1.0
  outer loop
    vertex 395.00892007491694 513.0259755943599 -4.511946372076636e-14
    vertex 360.8265581651219 521.0941239417817 -4.511946372076636e-14
    vertex 361.3089200749169 521.293924786791 -6.767919558114953e-14
  endloop
endfacet
facet normal -6.10622663543836e-16 -1.136834798929598e-16 -1.0
  outer loop
    vertex 395.00892007491694 513.0259755943599 -4.511946372076636e-14
    vertex 361.3089200749169 521.293924786791 -6.767919558114953e-14
    vertex 361.72313363729 521.6117620319868 -6.767919558114953e-14
  endloop
endfacet
facet normal -6.10622663543836e-16 -1.136834798929598e-16 -1.0
  outer loop
    vertex 395.00892007491694 513.0259755943599 -4.511946372076636e-14
    vertex 361.72313363729 521.6117620319868 -6.767919558114953e-14
    vertex 362.04097088248574 522.0259755943599 -6.767919558114953e-14
  endloop
endfacet
facet normal -6.10622663543836e-16 -1.136834798929598e-16 -1.0
  outer loop
    vertex 395.00892007491694 513.0259755943599 -4.511946372076636e-14
    vertex 362.04097088248574 522.0259755943599 -6.767919558114953e-14
    vertex 362.24077172749503 522.5083375041548 -6.767919558114953e-14
  endloop
endfacet
facet normal -6.10622663543836e-16 -1.136834798929598e-16 -1.0
  outer loop
    vertex 395.00892007491694 513.0259755943599 -4.511946372076636e-14
    vertex 362.24077172749503 522.5083375041548 -6.767919558114953e-14
    vertex 362.3089200749169 523.0259755943599 -6.767919558114953e-14
  endloop
endfacet
facet normal -6.10622663543836e-16 -1.136834798929598e-16 -1.0
  outer loop
    vertex 395.00892007491694 513.0259755943599 -4.511946372076636e-14
    vertex 362.3089200749169 523.0259755943599 -6.767919558114953e-14
    vertex 395.00892007491694 517.0259755943599 -6.767919558114953e-14
  endloop
endfacet
facet normal -6.10622663543836e-16 -1.136834798929598e-16 -1.0
  outer loop
    vertex 358.37706842233865 850.5083375041555 -4.511946372076636e-14
    vertex 358.3089200749169 523.0259755943599 -6.767919558114953e-14
    vertex 358.3089200749167 851.0259755943606 -4.511946372076636e-14
  endloop
endfacet
facet normal -6.10622663543836e-16 -1.136834798929598e-16 -1.0
  outer loop
    vertex 358.3089200749169 523.0259755943599 -6.767919558114953e-14
    vertex 358.37706842233865 850.5083375041555 -4.511946372076636e-14
    vertex 358.37706842233877 523.543613684565 -6.767919558114953e-14
  endloop
endfacet
facet normal -6.10622663543836e-16 -1.136834798929598e-16 -1.0
  outer loop
    vertex 358.37706842233877 523.543613684565 -6.767919558114953e-14
    vertex 358.37706842233865 850.5083375041555 -4.511946372076636e-14
    vertex 358.5768692673479 850.0259755943606 -2.255973186038318e-14
  endloop
endfacet
facet normal -6.10622663543836e-16 -1.136834798929598e-16 -1.0
  outer loop
    vertex 358.37706842233877 523.543613684565 -6.767919558114953e-14
    vertex 358.5768692673479 850.0259755943606 -2.255973186038318e-14
    vertex 358.576869267348 524.0259755943598 -6.767919558114953e-14
  endloop
endfacet
facet normal -6.10622663543836e-16 -1.136834798929598e-16 -1.0
  outer loop
    vertex 358.576869267348 524.0259755943598 -6.767919558114953e-14
    vertex 358.5768692673479 850.0259755943606 -2.255973186038318e-14
    vertex 358.8947065125436 849.6117620319875 -2.255973186038318e-14
  endloop
endfacet
facet normal -6.10622663543836e-16 -1.136834798929598e-16 -1.0
  outer loop
    vertex 358.576869267348 524.0259755943598 -6.767919558114953e-14
    vertex 358.8947065125436 849.6117620319875 -2.255973186038318e-14
    vertex 358.8947065125438 524.440189156733 -6.767919558114953e-14
  endloop
endfacet
facet normal -6.10622663543836e-16 -1.136834798929598e-16 -1.0
  outer loop
    vertex 358.8947065125438 524.440189156733 -6.767919558114953e-14
    vertex 358.8947065125436 849.6117620319875 -2.255973186038318e-14
    vertex 359.3089200749167 849.2939247867916 -2.255973186038318e-14
  endloop
endfacet
facet normal -6.10622663543836e-16 -1.136834798929598e-16 -1.0
  outer loop
    vertex 358.8947065125438 524.440189156733 -6.767919558114953e-14
    vertex 359.3089200749167 849.2939247867916 -2.255973186038318e-14
    vertex 359.3089200749169 524.7580264019288 -9.023892744153272e-14
  endloop
endfacet
facet normal -6.10622663543836e-16 -1.136834798929598e-16 -1.0
  outer loop
    vertex 359.3089200749169 524.7580264019288 -9.023892744153272e-14
    vertex 359.3089200749167 849.2939247867916 -2.255973186038318e-14
    vertex 359.7912819847117 849.0941239417825 -2.255973186038318e-14
  endloop
endfacet
facet normal -6.10622663543836e-16 -1.136834798929598e-16 -1.0
  outer loop
    vertex 359.3089200749169 524.7580264019288 -9.023892744153272e-14
    vertex 359.7912819847117 849.0941239417825 -2.255973186038318e-14
    vertex 359.7912819847119 524.9578272469381 -6.767919558114953e-14
  endloop
endfacet
facet normal -6.10622663543836e-16 -1.136834798929598e-16 -1.0
  outer loop
    vertex 359.7912819847119 524.9578272469381 -6.767919558114953e-14
    vertex 359.7912819847117 849.0941239417825 -2.255973186038318e-14
    vertex 360.3089200749167 849.0259755943605 -2.255973186038318e-14
  endloop
endfacet
facet normal -6.10622663543836e-16 -1.136834798929598e-16 -1.0
  outer loop
    vertex 359.7912819847119 524.9578272469381 -6.767919558114953e-14
    vertex 360.3089200749167 849.0259755943605 -2.255973186038318e-14
    vertex 360.3089200749169 525.0259755943599 -6.767919558114953e-14
  endloop
endfacet
facet normal -6.10622663543836e-16 -1.136834798929598e-16 -1.0
  outer loop
    vertex 360.3089200749169 525.0259755943599 -6.767919558114953e-14
    vertex 360.3089200749167 849.0259755943605 -2.255973186038318e-14
    vertex 360.82655816512175 849.0941239417825 -2.255973186038318e-14
  endloop
endfacet
facet normal -6.10622663543836e-16 -1.136834798929598e-16 -1.0
  outer loop
    vertex 360.3089200749169 525.0259755943599 -6.767919558114953e-14
    vertex 360.82655816512175 849.0941239417825 -2.255973186038318e-14
    vertex 360.8265581651219 524.9578272469381 -4.511946372076636e-14
  endloop
endfacet
facet normal -6.10622663543836e-16 -1.136834798929598e-16 -1.0
  outer loop
    vertex 360.8265581651219 524.9578272469381 -4.511946372076636e-14
    vertex 360.82655816512175 849.0941239417825 -2.255973186038318e-14
    vertex 361.3089200749167 849.2939247867916 -2.255973186038318e-14
  endloop
endfacet
facet normal -6.10622663543836e-16 -1.136834798929598e-16 -1.0
  outer loop
    vertex 360.8265581651219 524.9578272469381 -4.511946372076636e-14
    vertex 361.3089200749167 849.2939247867916 -2.255973186038318e-14
    vertex 361.3089200749169 524.7580264019288 -6.767919558114953e-14
  endloop
endfacet
facet normal -6.10622663543836e-16 -1.136834798929598e-16 -1.0
  outer loop
    vertex 361.3089200749169 524.7580264019288 -6.767919558114953e-14
    vertex 361.3089200749167 849.2939247867916 -2.255973186038318e-14
    vertex 361.72313363728983 849.6117620319875 -4.511946372076636e-14
  endloop
endfacet
facet normal -6.10622663543836e-16 -1.136834798929598e-16 -1.0
  outer loop
    vertex 361.3089200749169 524.7580264019288 -6.767919558114953e-14
    vertex 361.72313363728983 849.6117620319875 -4.511946372076636e-14
    vertex 361.72313363729 524.440189156733 -6.767919558114953e-14
  endloop
endfacet
facet normal -6.10622663543836e-16 -1.136834798929598e-16 -1.0
  outer loop
    vertex 361.72313363729 524.440189156733 -6.767919558114953e-14
    vertex 361.72313363728983 849.6117620319875 -4.511946372076636e-14
    vertex 362.0409708824856 850.0259755943606 -2.255973186038318e-14
  endloop
endfacet
facet normal -6.10622663543836e-16 -1.136834798929598e-16 -1.0
  outer loop
    vertex 361.72313363729 524.440189156733 -6.767919558114953e-14
    vertex 362.0409708824856 850.0259755943606 -2.255973186038318e-14
    vertex 362.04097088248574 524.0259755943599 -6.767919558114953e-14
  endloop
endfacet
facet normal -6.10622663543836e-16 -1.136834798929598e-16 -1.0
  outer loop
    vertex 362.04097088248574 524.0259755943599 -6.767919558114953e-14
    vertex 362.0409708824856 850.0259755943606 -2.255973186038318e-14
    vertex 362.24077172749486 850.5083375041555 -4.511946372076636e-14
  endloop
endfacet
facet normal -6.10622663543836e-16 -1.136834798929598e-16 -1.0
  outer loop
    vertex 362.04097088248574 524.0259755943599 -6.767919558114953e-14
    vertex 362.24077172749486 850.5083375041555 -4.511946372076636e-14
    vertex 362.24077172749503 523.543613684565 -6.767919558114953e-14
  endloop
endfacet
facet normal -6.10622663543836e-16 -1.136834798929598e-16 -1.0
  outer loop
    vertex 362.24077172749503 523.543613684565 -6.767919558114953e-14
    vertex 362.24077172749486 850.5083375041555 -4.511946372076636e-14
    vertex 362.3089200749167 851.0259755943606 -2.255973186038318e-14
  endloop
endfacet
facet normal -6.10622663543836e-16 -1.136834798929598e-16 -1.0
  outer loop
    vertex 362.24077172749503 523.543613684565 -6.767919558114953e-14
    vertex 362.3089200749167 851.0259755943606 -2.255973186038318e-14
    vertex 362.3089200749169 523.0259755943599 -6.767919558114953e-14
  endloop
endfacet
facet normal -1.1102230246251563e-16 4.5569947188043886e-17 1.0
  outer loop
    vertex 358.3089200749169 523.0259755943599 8.999999999999984
    vertex 358.37706842233865 850.5083375041555 8.999999999999849
    vertex 358.3089200749167 851.0259755943606 8.999999999999826
  endloop
endfacet
facet normal -1.1102230246251563e-16 4.5569947188043886e-17 1.0
  outer loop
    vertex 358.37706842233865 850.5083375041555 8.999999999999849
    vertex 358.3089200749169 523.0259755943599 8.999999999999984
    vertex 358.37706842233877 523.543613684565 8.999999999999961
  endloop
endfacet
facet normal -1.1102230246251563e-16 4.5569947188043886e-17 1.0
  outer loop
    vertex 358.37706842233865 850.5083375041555 8.999999999999849
    vertex 358.37706842233877 523.543613684565 8.999999999999961
    vertex 358.5768692673479 850.0259755943606 8.999999999999803
  endloop
endfacet
facet normal -1.1102230246251563e-16 4.5569947188043886e-17 1.0
  outer loop
    vertex 358.5768692673479 850.0259755943606 8.999999999999803
    vertex 358.37706842233877 523.543613684565 8.999999999999961
    vertex 358.576869267348 524.0259755943598 8.999999999999961
  endloop
endfacet
facet normal -1.1102230246251563e-16 4.5569947188043886e-17 1.0
  outer loop
    vertex 358.5768692673479 850.0259755943606 8.999999999999803
    vertex 358.576869267348 524.0259755943598 8.999999999999961
    vertex 358.8947065125436 849.6117620319875 8.999999999999826
  endloop
endfacet
facet normal -1.1102230246251563e-16 4.5569947188043886e-17 1.0
  outer loop
    vertex 358.8947065125436 849.6117620319875 8.999999999999826
    vertex 358.576869267348 524.0259755943598 8.999999999999961
    vertex 358.8947065125438 524.440189156733 8.999999999999938
  endloop
endfacet
facet normal -1.1102230246251563e-16 4.5569947188043886e-17 1.0
  outer loop
    vertex 358.8947065125436 849.6117620319875 8.999999999999826
    vertex 358.8947065125438 524.440189156733 8.999999999999938
    vertex 359.3089200749167 849.2939247867916 8.999999999999826
  endloop
endfacet
facet normal -1.1102230246251563e-16 4.5569947188043886e-17 1.0
  outer loop
    vertex 359.3089200749167 849.2939247867916 8.999999999999826
    vertex 358.8947065125438 524.440189156733 8.999999999999938
    vertex 359.3089200749169 524.7580264019288 8.999999999999961
  endloop
endfacet
facet normal -1.1102230246251563e-16 4.5569947188043886e-17 1.0
  outer loop
    vertex 359.3089200749167 849.2939247867916 8.999999999999826
    vertex 359.3089200749169 524.7580264019288 8.999999999999961
    vertex 359.7912819847117 849.0941239417825 8.999999999999849
  endloop
endfacet
facet normal -1.1102230246251563e-16 4.5569947188043886e-17 1.0
  outer loop
    vertex 359.7912819847117 849.0941239417825 8.999999999999849
    vertex 359.3089200749169 524.7580264019288 8.999999999999961
    vertex 359.7912819847119 524.9578272469381 8.999999999999961
  endloop
endfacet
facet normal -1.1102230246251563e-16 4.5569947188043886e-17 1.0
  outer loop
    vertex 359.7912819847117 849.0941239417825 8.999999999999849
    vertex 359.7912819847119 524.9578272469381 8.999999999999961
    vertex 360.3089200749167 849.0259755943605 8.999999999999826
  endloop
endfacet
facet normal -1.1102230246251563e-16 4.5569947188043886e-17 1.0
  outer loop
    vertex 360.3089200749167 849.0259755943605 8.999999999999826
    vertex 359.7912819847119 524.9578272469381 8.999999999999961
    vertex 360.3089200749169 525.0259755943599 8.999999999999984
  endloop
endfacet
facet normal -1.1102230246251563e-16 4.5569947188043886e-17 1.0
  outer loop
    vertex 360.3089200749167 849.0259755943605 8.999999999999826
    vertex 360.3089200749169 525.0259755943599 8.999999999999984
    vertex 360.82655816512175 849.0941239417825 8.999999999999849
  endloop
endfacet
facet normal -1.1102230246251563e-16 4.5569947188043886e-17 1.0
  outer loop
    vertex 360.82655816512175 849.0941239417825 8.999999999999849
    vertex 360.3089200749169 525.0259755943599 8.999999999999984
    vertex 360.8265581651219 524.9578272469381 8.999999999999961
  endloop
endfacet
facet normal -1.1102230246251563e-16 4.5569947188043886e-17 1.0
  outer loop
    vertex 360.82655816512175 849.0941239417825 8.999999999999849
    vertex 360.8265581651219 524.9578272469381 8.999999999999961
    vertex 361.3089200749167 849.2939247867916 8.999999999999849
  endloop
endfacet
facet normal -1.1102230246251563e-16 4.5569947188043886e-17 1.0
  outer loop
    vertex 361.3089200749167 849.2939247867916 8.999999999999849
    vertex 360.8265581651219 524.9578272469381 8.999999999999961
    vertex 361.3089200749169 524.7580264019288 8.999999999999961
  endloop
endfacet
facet normal -1.1102230246251563e-16 4.5569947188043886e-17 1.0
  outer loop
    vertex 361.3089200749167 849.2939247867916 8.999999999999849
    vertex 361.3089200749169 524.7580264019288 8.999999999999961
    vertex 361.72313363728983 849.6117620319875 8.999999999999849
  endloop
endfacet
facet normal -1.1102230246251563e-16 4.5569947188043886e-17 1.0
  outer loop
    vertex 361.72313363728983 849.6117620319875 8.999999999999849
    vertex 361.3089200749169 524.7580264019288 8.999999999999961
    vertex 361.72313363729 524.440189156733 8.999999999999984
  endloop
endfacet
facet normal -1.1102230246251563e-16 4.5569947188043886e-17 1.0
  outer loop
    vertex 361.72313363728983 849.6117620319875 8.999999999999849
    vertex 361.72313363729 524.440189156733 8.999999999999984
    vertex 362.0409708824856 850.0259755943606 8.999999999999826
  endloop
endfacet
facet normal -1.1102230246251563e-16 4.5569947188043886e-17 1.0
  outer loop
    vertex 362.0409708824856 850.0259755943606 8.999999999999826
    vertex 361.72313363729 524.440189156733 8.999999999999984
    vertex 362.04097088248574 524.0259755943599 8.999999999999984
  endloop
endfacet
facet normal -1.1102230246251563e-16 4.5569947188043886e-17 1.0
  outer loop
    vertex 362.0409708824856 850.0259755943606 8.999999999999826
    vertex 362.04097088248574 524.0259755943599 8.999999999999984
    vertex 362.24077172749486 850.5083375041555 8.999999999999849
  endloop
endfacet
facet normal -1.1102230246251563e-16 4.5569947188043886e-17 1.0
  outer loop
    vertex 362.24077172749486 850.5083375041555 8.999999999999849
    vertex 362.04097088248574 524.0259755943599 8.999999999999984
    vertex 362.24077172749503 523.543613684565 8.999999999999961
  endloop
endfacet
facet normal -1.1102230246251563e-16 4.5569947188043886e-17 1.0
  outer loop
    vertex 362.24077172749486 850.5083375041555 8.999999999999849
    vertex 362.24077172749503 523.543613684565 8.999999999999961
    vertex 362.3089200749167 851.0259755943606 8.999999999999826
  endloop
endfacet
facet normal -1.1102230246251563e-16 4.5569947188043886e-17 1.0
  outer loop
    vertex 362.3089200749167 851.0259755943606 8.999999999999826
    vertex 362.24077172749503 523.543613684565 8.999999999999961
    vertex 362.3089200749169 523.0259755943599 8.999999999999961
  endloop
endfacet
facet normal -1.1102230246251563e-16 4.5569947188043886e-17 1.0
  outer loop
    vertex 395.00892007491694 513.02597559436 8.999999999999984
    vertex 325.60892007491685 517.0259755943598 8.999999999999938
    vertex 325.60892007491685 513.0259755943598 8.999999999999961
  endloop
endfacet
facet normal -1.1102230246251563e-16 4.5569947188043886e-17 1.0
  outer loop
    vertex 325.60892007491685 517.0259755943598 8.999999999999938
    vertex 395.00892007491694 513.02597559436 8.999999999999984
    vertex 359.7912819847119 521.0941239417817 8.999999999999961
  endloop
endfacet
facet normal -1.1102230246251563e-16 4.5569947188043886e-17 1.0
  outer loop
    vertex 325.60892007491685 517.0259755943598 8.999999999999938
    vertex 359.7912819847119 521.0941239417817 8.999999999999961
    vertex 359.3089200749169 521.293924786791 8.999999999999961
  endloop
endfacet
facet normal -1.1102230246251563e-16 4.5569947188043886e-17 1.0
  outer loop
    vertex 325.60892007491685 517.0259755943598 8.999999999999938
    vertex 359.3089200749169 521.293924786791 8.999999999999961
    vertex 358.8947065125438 521.6117620319868 8.999999999999938
  endloop
endfacet
facet normal -1.1102230246251563e-16 4.5569947188043886e-17 1.0
  outer loop
    vertex 325.60892007491685 517.0259755943598 8.999999999999938
    vertex 358.8947065125438 521.6117620319868 8.999999999999938
    vertex 329.70231835711866 546.4193738765615 8.999999999999893
  endloop
endfacet
facet normal -1.1102230246251563e-16 4.5569947188043886e-17 1.0
  outer loop
    vertex 325.60892007491685 517.0259755943598 8.999999999999938
    vertex 329.70231835711866 546.4193738765615 8.999999999999893
    vertex 327.31853901815026 549.5259755943598 8.999999999999961
  endloop
endfacet
facet normal -1.1102230246251563e-16 4.5569947188043886e-17 1.0
  outer loop
    vertex 325.60892007491685 517.0259755943598 8.999999999999938
    vertex 327.31853901815026 549.5259755943598 8.999999999999961
    vertex 325.8200326805808 553.143689917822 8.999999999999961
  endloop
endfacet
facet normal -1.1102230246251563e-16 4.5569947188043886e-17 1.0
  outer loop
    vertex 329.70231835711866 546.4193738765615 8.999999999999893
    vertex 358.8947065125438 521.6117620319868 8.999999999999938
    vertex 332.80892007491684 544.0355945375933 8.999999999999961
  endloop
endfacet
facet normal -1.1102230246251563e-16 4.5569947188043886e-17 1.0
  outer loop
    vertex 332.80892007491684 544.0355945375933 8.999999999999961
    vertex 358.8947065125438 521.6117620319868 8.999999999999938
    vertex 336.42663439837906 542.5370882000238 9.000000000000005
  endloop
endfacet
facet normal -1.1102230246251563e-16 4.5569947188043886e-17 1.0
  outer loop
    vertex 336.42663439837906 542.5370882000238 9.000000000000005
    vertex 358.8947065125438 521.6117620319868 8.999999999999938
    vertex 340.3089200749169 542.0259755943598 8.999999999999938
  endloop
endfacet
facet normal -1.1102230246251563e-16 4.5569947188043886e-17 1.0
  outer loop
    vertex 340.3089200749169 542.0259755943598 8.999999999999938
    vertex 358.8947065125438 521.6117620319868 8.999999999999938
    vertex 358.576869267348 522.0259755943598 8.999999999999961
  endloop
endfacet
facet normal -1.1102230246251563e-16 4.5569947188043886e-17 1.0
  outer loop
    vertex 340.3089200749169 542.0259755943598 8.999999999999938
    vertex 358.576869267348 522.0259755943598 8.999999999999961
    vertex 344.19120575145473 542.5370882000238 8.999999999999917
  endloop
endfacet
facet normal -1.1102230246251563e-16 4.5569947188043886e-17 1.0
  outer loop
    vertex 344.19120575145473 542.5370882000238 8.999999999999917
    vertex 358.576869267348 522.0259755943598 8.999999999999961
    vertex 347.80892007491695 544.0355945375933 8.999999999999984
  endloop
endfacet
facet normal -1.1102230246251563e-16 4.5569947188043886e-17 1.0
  outer loop
    vertex 347.80892007491695 544.0355945375933 8.999999999999984
    vertex 358.576869267348 522.0259755943598 8.999999999999961
    vertex 358.37706842233877 522.5083375041548 8.999999999999961
  endloop
endfacet
facet normal -1.1102230246251563e-16 4.5569947188043886e-17 1.0
  outer loop
    vertex 347.80892007491695 544.0355945375933 8.999999999999984
    vertex 358.37706842233877 522.5083375041548 8.999999999999961
    vertex 350.9155217927151 546.4193738765615 9.000000000000005
  endloop
endfacet
facet normal -1.1102230246251563e-16 4.5569947188043886e-17 1.0
  outer loop
    vertex 350.9155217927151 546.4193738765615 9.000000000000005
    vertex 358.37706842233877 522.5083375041548 8.999999999999961
    vertex 353.2993011316834 549.5259755943598 8.999999999999984
  endloop
endfacet
facet normal -1.1102230246251563e-16 4.5569947188043886e-17 1.0
  outer loop
    vertex 353.2993011316834 549.5259755943598 8.999999999999984
    vertex 358.37706842233877 522.5083375041548 8.999999999999961
    vertex 358.3089200749169 523.0259755943599 8.999999999999984
  endloop
endfacet
facet normal -1.1102230246251563e-16 4.5569947188043886e-17 1.0
  outer loop
    vertex 353.2993011316834 549.5259755943598 8.999999999999984
    vertex 358.3089200749169 523.0259755943599 8.999999999999984
    vertex 354.7978074692529 553.143689917822 8.999999999999984
  endloop
endfacet
facet normal -1.1102230246251563e-16 4.5569947188043886e-17 1.0
  outer loop
    vertex 354.7978074692529 553.143689917822 8.999999999999984
    vertex 358.3089200749169 523.0259755943599 8.999999999999984
    vertex 355.3089200749169 557.0259755943598 8.999999999999917
  endloop
endfacet
facet normal -1.1102230246251563e-16 4.5569947188043886e-17 1.0
  outer loop
    vertex 355.3089200749169 557.0259755943598 8.999999999999917
    vertex 358.3089200749169 523.0259755943599 8.999999999999984
    vertex 355.30892007491695 597.0259755943599 8.999999999999961
  endloop
endfacet
facet normal -1.1102230246251563e-16 4.5569947188043886e-17 1.0
  outer loop
    vertex 355.30892007491695 597.0259755943599 8.999999999999961
    vertex 358.3089200749169 523.0259755943599 8.999999999999984
    vertex 358.3089200749167 851.0259755943606 8.999999999999826
  endloop
endfacet
facet normal -1.1102230246251563e-16 4.5569947188043886e-17 1.0
  outer loop
    vertex 359.7912819847119 521.0941239417817 8.999999999999961
    vertex 395.00892007491694 513.02597559436 8.999999999999984
    vertex 360.3089200749169 521.0259755943599 8.999999999999961
  endloop
endfacet
facet normal -1.1102230246251563e-16 4.5569947188043886e-17 1.0
  outer loop
    vertex 360.3089200749169 521.0259755943599 8.999999999999961
    vertex 395.00892007491694 513.02597559436 8.999999999999984
    vertex 360.8265581651219 521.0941239417817 8.999999999999961
  endloop
endfacet
facet normal -1.1102230246251563e-16 4.5569947188043886e-17 1.0
  outer loop
    vertex 360.8265581651219 521.0941239417817 8.999999999999961
    vertex 395.00892007491694 513.02597559436 8.999999999999984
    vertex 361.3089200749169 521.293924786791 8.999999999999961
  endloop
endfacet
facet normal -1.1102230246251563e-16 4.5569947188043886e-17 1.0
  outer loop
    vertex 361.3089200749169 521.293924786791 8.999999999999961
    vertex 395.00892007491694 513.02597559436 8.999999999999984
    vertex 361.72313363729 521.6117620319868 8.999999999999984
  endloop
endfacet
facet normal -1.1102230246251563e-16 4.5569947188043886e-17 1.0
  outer loop
    vertex 361.72313363729 521.6117620319868 8.999999999999984
    vertex 395.00892007491694 513.02597559436 8.999999999999984
    vertex 362.04097088248574 522.0259755943599 8.999999999999984
  endloop
endfacet
facet normal -1.1102230246251563e-16 4.5569947188043886e-17 1.0
  outer loop
    vertex 362.04097088248574 522.0259755943599 8.999999999999984
    vertex 395.00892007491694 513.02597559436 8.999999999999984
    vertex 362.24077172749503 522.5083375041548 8.999999999999961
  endloop
endfacet
facet normal -1.1102230246251563e-16 4.5569947188043886e-17 1.0
  outer loop
    vertex 362.24077172749503 522.5083375041548 8.999999999999961
    vertex 395.00892007491694 513.02597559436 8.999999999999984
    vertex 362.3089200749169 523.0259755943599 8.999999999999961
  endloop
endfacet
facet normal -1.1102230246251563e-16 4.5569947188043886e-17 1.0
  outer loop
    vertex 415.30892007491695 517.02597559436 8.999999999999984
    vertex 395.0089200749172 857.0259755943605 8.999999999999984
    vertex 395.00892007491694 517.02597559436 8.999999999999938
  endloop
endfacet
facet normal -1.1102230246251563e-16 4.5569947188043886e-17 1.0
  outer loop
    vertex 395.0089200749172 857.0259755943605 8.999999999999984
    vertex 415.30892007491695 517.02597559436 8.999999999999984
    vertex 415.3089200749171 857.0259755943605 8.999999999999984
  endloop
endfacet
facet normal -1.1102230246251563e-16 4.5569947188043886e-17 1.0
  outer loop
    vertex 305.30892007491684 517.0259755943598 8.999999999999984
    vertex 325.6089200749162 857.0259755943612 8.999999999999961
    vertex 305.3089200749163 857.0259755943612 8.999999999999961
  endloop
endfacet
facet normal -1.1102230246251563e-16 4.5569947188043886e-17 1.0
  outer loop
    vertex 325.6089200749162 857.0259755943612 8.999999999999961
    vertex 305.30892007491684 517.0259755943598 8.999999999999984
    vertex 325.3089200749168 597.0259755943598 8.999999999999984
  endloop
endfacet
facet normal -1.1102230246251563e-16 4.5569947188043886e-17 1.0
  outer loop
    vertex 325.6089200749162 857.0259755943612 8.999999999999961
    vertex 325.3089200749168 597.0259755943598 8.999999999999984
    vertex 325.8200326805808 600.9082612708977 8.999999999999917
  endloop
endfacet
facet normal -1.1102230246251563e-16 4.5569947188043886e-17 1.0
  outer loop
    vertex 325.6089200749162 857.0259755943612 8.999999999999961
    vertex 325.8200326805808 600.9082612708977 8.999999999999917
    vertex 325.60892007491634 861.025975594361 8.999999999999826
  endloop
endfacet
facet normal -1.1102230246251563e-16 4.5569947188043886e-17 1.0
  outer loop
    vertex 325.60892007491634 861.025975594361 8.999999999999826
    vertex 325.8200326805808 600.9082612708977 8.999999999999917
    vertex 358.3089200749167 851.0259755943606 8.999999999999826
  endloop
endfacet
facet normal -1.1102230246251563e-16 4.5569947188043886e-17 1.0
  outer loop
    vertex 325.60892007491634 861.025975594361 8.999999999999826
    vertex 358.3089200749167 851.0259755943606 8.999999999999826
    vertex 358.37706842233865 851.5436136845656 8.999999999999849
  endloop
endfacet
facet normal -1.1102230246251563e-16 4.5569947188043886e-17 1.0
  outer loop
    vertex 325.60892007491634 861.025975594361 8.999999999999826
    vertex 358.37706842233865 851.5436136845656 8.999999999999849
    vertex 358.5768692673479 852.0259755943605 8.999999999999803
  endloop
endfacet
facet normal -1.1102230246251563e-16 4.5569947188043886e-17 1.0
  outer loop
    vertex 325.60892007491634 861.025975594361 8.999999999999826
    vertex 358.5768692673479 852.0259755943605 8.999999999999803
    vertex 358.8947065125436 852.4401891567336 8.999999999999826
  endloop
endfacet
facet normal -1.1102230246251563e-16 4.5569947188043886e-17 1.0
  outer loop
    vertex 325.60892007491634 861.025975594361 8.999999999999826
    vertex 358.8947065125436 852.4401891567336 8.999999999999826
    vertex 359.3089200749167 852.7580264019296 8.999999999999826
  endloop
endfacet
facet normal -1.1102230246251563e-16 4.5569947188043886e-17 1.0
  outer loop
    vertex 325.60892007491634 861.025975594361 8.999999999999826
    vertex 359.3089200749167 852.7580264019296 8.999999999999826
    vertex 359.7912819847117 852.9578272469387 8.999999999999849
  endloop
endfacet
facet normal -1.1102230246251563e-16 4.5569947188043886e-17 1.0
  outer loop
    vertex 325.60892007491634 861.025975594361 8.999999999999826
    vertex 359.7912819847117 852.9578272469387 8.999999999999849
    vertex 395.0089200749172 861.0259755943603 8.99999999999987
  endloop
endfacet
facet normal -1.1102230246251563e-16 4.5569947188043886e-17 1.0
  outer loop
    vertex 358.3089200749167 851.0259755943606 8.999999999999826
    vertex 325.8200326805808 600.9082612708977 8.999999999999917
    vertex 327.31853901815026 604.5259755943598 8.999999999999984
  endloop
endfacet
facet normal -1.1102230246251563e-16 4.5569947188043886e-17 1.0
  outer loop
    vertex 358.3089200749167 851.0259755943606 8.999999999999826
    vertex 327.31853901815026 604.5259755943598 8.999999999999984
    vertex 329.70231835711866 607.632577312158 8.999999999999849
  endloop
endfacet
facet normal -1.1102230246251563e-16 4.5569947188043886e-17 1.0
  outer loop
    vertex 358.3089200749167 851.0259755943606 8.999999999999826
    vertex 329.70231835711866 607.632577312158 8.999999999999849
    vertex 332.80892007491684 610.0163566511264 8.99999999999987
  endloop
endfacet
facet normal -1.1102230246251563e-16 4.5569947188043886e-17 1.0
  outer loop
    vertex 358.3089200749167 851.0259755943606 8.999999999999826
    vertex 332.80892007491684 610.0163566511264 8.99999999999987
    vertex 336.426634398379 611.514862988696 9.000000000000005
  endloop
endfacet
facet normal -1.1102230246251563e-16 4.5569947188043886e-17 1.0
  outer loop
    vertex 358.3089200749167 851.0259755943606 8.999999999999826
    vertex 336.426634398379 611.514862988696 9.000000000000005
    vertex 340.3089200749169 612.0259755943599 8.99999999999987
  endloop
endfacet
facet normal -1.1102230246251563e-16 4.5569947188043886e-17 1.0
  outer loop
    vertex 358.3089200749167 851.0259755943606 8.999999999999826
    vertex 340.3089200749169 612.0259755943599 8.99999999999987
    vertex 344.19120575145473 611.514862988696 8.999999999999893
  endloop
endfacet
facet normal -1.1102230246251563e-16 4.5569947188043886e-17 1.0
  outer loop
    vertex 358.3089200749167 851.0259755943606 8.999999999999826
    vertex 344.19120575145473 611.514862988696 8.999999999999893
    vertex 347.80892007491695 610.0163566511264 8.999999999999917
  endloop
endfacet
facet normal -1.1102230246251563e-16 4.5569947188043886e-17 1.0
  outer loop
    vertex 358.3089200749167 851.0259755943606 8.999999999999826
    vertex 347.80892007491695 610.0163566511264 8.999999999999917
    vertex 350.9155217927151 607.6325773121581 8.999999999999984
  endloop
endfacet
facet normal -1.1102230246251563e-16 4.5569947188043886e-17 1.0
  outer loop
    vertex 358.3089200749167 851.0259755943606 8.999999999999826
    vertex 350.9155217927151 607.6325773121581 8.999999999999984
    vertex 353.2993011316834 604.5259755943599 8.999999999999961
  endloop
endfacet
facet normal -1.1102230246251563e-16 4.5569947188043886e-17 1.0
  outer loop
    vertex 358.3089200749167 851.0259755943606 8.999999999999826
    vertex 353.2993011316834 604.5259755943599 8.999999999999961
    vertex 354.7978074692529 600.9082612708978 8.999999999999938
  endloop
endfacet
facet normal -1.1102230246251563e-16 4.5569947188043886e-17 1.0
  outer loop
    vertex 358.3089200749167 851.0259755943606 8.999999999999826
    vertex 354.7978074692529 600.9082612708978 8.999999999999938
    vertex 355.30892007491695 597.0259755943599 8.999999999999961
  endloop
endfacet
facet normal -1.1102230246251563e-16 4.5569947188043886e-17 1.0
  outer loop
    vertex 395.0089200749172 861.0259755943603 8.99999999999987
    vertex 359.7912819847117 852.9578272469387 8.999999999999849
    vertex 360.3089200749167 853.0259755943606 8.999999999999826
  endloop
endfacet
facet normal -1.1102230246251563e-16 4.5569947188043886e-17 1.0
  outer loop
    vertex 395.0089200749172 861.0259755943603 8.99999999999987
    vertex 360.3089200749167 853.0259755943606 8.999999999999826
    vertex 360.82655816512175 852.9578272469387 8.999999999999849
  endloop
endfacet
facet normal -1.1102230246251563e-16 4.5569947188043886e-17 1.0
  outer loop
    vertex 395.0089200749172 861.0259755943603 8.99999999999987
    vertex 360.82655816512175 852.9578272469387 8.999999999999849
    vertex 361.3089200749167 852.7580264019296 8.999999999999849
  endloop
endfacet
facet normal -1.1102230246251563e-16 4.5569947188043886e-17 1.0
  outer loop
    vertex 395.0089200749172 861.0259755943603 8.99999999999987
    vertex 361.3089200749167 852.7580264019296 8.999999999999849
    vertex 361.72313363728983 852.4401891567336 8.999999999999849
  endloop
endfacet
facet normal -1.1102230246251563e-16 4.5569947188043886e-17 1.0
  outer loop
    vertex 395.0089200749172 861.0259755943603 8.99999999999987
    vertex 361.72313363728983 852.4401891567336 8.999999999999849
    vertex 362.0409708824856 852.0259755943605 8.999999999999826
  endloop
endfacet
facet normal -1.1102230246251563e-16 4.5569947188043886e-17 1.0
  outer loop
    vertex 395.0089200749172 861.0259755943603 8.99999999999987
    vertex 362.0409708824856 852.0259755943605 8.999999999999826
    vertex 362.24077172749486 851.5436136845656 8.999999999999849
  endloop
endfacet
facet normal -1.1102230246251563e-16 4.5569947188043886e-17 1.0
  outer loop
    vertex 395.0089200749172 861.0259755943603 8.99999999999987
    vertex 362.24077172749486 851.5436136845656 8.999999999999849
    vertex 362.3089200749167 851.0259755943606 8.999999999999826
  endloop
endfacet
facet normal -1.1102230246251563e-16 4.5569947188043886e-17 1.0
  outer loop
    vertex 395.0089200749172 861.0259755943603 8.99999999999987
    vertex 362.3089200749167 851.0259755943606 8.999999999999826
    vertex 362.3089200749169 523.0259755943599 8.999999999999961
  endloop
endfacet
facet normal -1.1102230246251563e-16 4.5569947188043886e-17 1.0
  outer loop
    vertex 395.0089200749172 861.0259755943603 8.99999999999987
    vertex 362.3089200749169 523.0259755943599 8.999999999999961
    vertex 395.00892007491694 517.02597559436 8.999999999999938
  endloop
endfacet
facet normal -1.1102230246251563e-16 4.5569947188043886e-17 1.0
  outer loop
    vertex 395.00892007491694 517.02597559436 8.999999999999938
    vertex 362.3089200749169 523.0259755943599 8.999999999999961
    vertex 395.00892007491694 513.02597559436 8.999999999999984
  endloop
endfacet
facet normal -1.1102230246251563e-16 4.5569947188043886e-17 1.0
  outer loop
    vertex 395.0089200749172 861.0259755943603 8.99999999999987
    vertex 395.00892007491694 517.02597559436 8.999999999999938
    vertex 395.0089200749172 857.0259755943605 8.999999999999984
  endloop
endfacet
facet normal -1.1102230246251563e-16 4.5569947188043886e-17 1.0
  outer loop
    vertex 305.30892007491684 517.0259755943598 8.999999999999984
    vertex 325.30892007491684 557.0259755943598 8.999999999999917
    vertex 325.3089200749168 597.0259755943598 8.999999999999984
  endloop
endfacet
facet normal -1.1102230246251563e-16 4.5569947188043886e-17 1.0
  outer loop
    vertex 325.30892007491684 557.0259755943598 8.999999999999917
    vertex 305.30892007491684 517.0259755943598 8.999999999999984
    vertex 325.60892007491685 517.0259755943598 8.999999999999938
  endloop
endfacet
facet normal -1.1102230246251563e-16 4.5569947188043886e-17 1.0
  outer loop
    vertex 325.30892007491684 557.0259755943598 8.999999999999917
    vertex 325.60892007491685 517.0259755943598 8.999999999999938
    vertex 325.8200326805808 553.143689917822 8.999999999999961
  endloop
endfacet
facet normal 7.740697632481178e-30 -1.0 1.9721522630525295e-31
  outer loop
    vertex 325.60892007491685 517.0259755943598 8.999999999999938
    vertex 305.30892007491684 517.0259755943598 -2.255973186038318e-14
    vertex 325.60892007491685 517.0259755943598 -2.255973186038318e-14
  endloop
endfacet
facet normal 7.740697632481178e-30 -1.0 1.9721522630525295e-31
  outer loop
    vertex 305.30892007491684 517.0259755943598 -2.255973186038318e-14
    vertex 325.60892007491685 517.0259755943598 8.999999999999938
    vertex 305.30892007491684 517.0259755943598 8.999999999999984
  endloop
endfacet
facet normal 1.0 3.885780586188034e-16 0.0
  outer loop
    vertex 415.3089200749171 857.0259755943605 -6.767919558114953e-14
    vertex 415.30892007491695 517.02597559436 8.999999999999984
    vertex 415.30892007491695 517.0259755943599 -4.511946372076636e-14
  endloop
endfacet
facet normal 1.0 3.885780586188034e-16 0.0
  outer loop
    vertex 415.30892007491695 517.02597559436 8.999999999999984
    vertex 415.3089200749171 857.0259755943605 -6.767919558114953e-14
    vertex 415.3089200749171 857.0259755943605 8.999999999999984
  endloop
endfacet
facet normal -1.0 -1.592457401405741e-15 3.1086244689504375e-15
  outer loop
    vertex 305.3089200749163 857.0259755943612 8.999999999999961
    vertex 305.30892007491684 517.0259755943598 -2.255973186038318e-14
    vertex 305.30892007491684 517.0259755943598 8.999999999999984
  endloop
endfacet
facet normal -1.0 -1.592457401405741e-15 3.1086244689504375e-15
  outer loop
    vertex 305.30892007491684 517.0259755943598 -2.255973186038318e-14
    vertex 305.3089200749163 857.0259755943612 8.999999999999961
    vertex 305.3089200749163 857.0259755943606 -2.255973186038318e-14
  endloop
endfacet
facet normal -1.6953151122202602e-16 1.0 -8.880930113586227e-16
  outer loop
    vertex 395.0089200749172 857.0259755943605 8.999999999999984
    vertex 415.3089200749171 857.0259755943605 -6.767919558114953e-14
    vertex 395.0089200749172 857.0259755943605 -9.023892744153272e-14
  endloop
endfacet
facet normal -1.6953151122202602e-16 1.0 -8.880930113586227e-16
  outer loop
    vertex 415.3089200749171 857.0259755943605 -6.767919558114953e-14
    vertex 395.0089200749172 857.0259755943605 8.999999999999984
    vertex 415.3089200749171 857.0259755943605 8.999999999999984
  endloop
endfacet
facet normal -0.6087614290087091 0.7933533402912439 -7.022160630754115e-15
  outer loop
    vertex 347.80892007491695 544.0355945375933 8.999999999999984
    vertex 350.9155217927152 546.4193738765615 -9.023892744153272e-14
    vertex 347.8089200749169 544.0355945375932 -1.127986593019159e-13
  endloop
endfacet
facet normal -0.6087614290087091 0.7933533402912439 -7.022160630754115e-15
  outer loop
    vertex 350.9155217927152 546.4193738765615 -9.023892744153272e-14
    vertex 347.80892007491695 544.0355945375933 8.999999999999984
    vertex 350.9155217927151 546.4193738765615 9.000000000000005
  endloop
endfacet
facet normal 0.9238795325112877 0.38268343236508745 0.0
  outer loop
    vertex 325.8200326805808 553.143689917822 -9.023892744153272e-14
    vertex 327.31853901815026 549.5259755943598 8.999999999999961
    vertex 327.31853901815026 549.5259755943598 -6.767919558114953e-14
  endloop
endfacet
facet normal 0.9238795325112877 0.38268343236508745 0.0
  outer loop
    vertex 327.31853901815026 549.5259755943598 8.999999999999961
    vertex 325.8200326805808 553.143689917822 -9.023892744153272e-14
    vertex 325.8200326805808 553.143689917822 8.999999999999961
  endloop
endfacet
facet normal 0.6087614290087093 0.7933533402912438 -3.969047313034935e-15
  outer loop
    vertex 329.70231835711866 546.4193738765615 -6.767919558114953e-14
    vertex 332.80892007491684 544.0355945375933 8.999999999999961
    vertex 332.80892007491684 544.0355945375932 -1.127986593019159e-13
  endloop
endfacet
facet normal 0.6087614290087093 0.7933533402912438 -3.969047313034935e-15
  outer loop
    vertex 332.80892007491684 544.0355945375933 8.999999999999961
    vertex 329.70231835711866 546.4193738765615 -6.767919558114953e-14
    vertex 329.70231835711866 546.4193738765615 8.999999999999893
  endloop
endfacet
facet normal -0.3826834323650977 0.9238795325112836 -9.256484467812243e-15
  outer loop
    vertex 344.19120575145473 542.5370882000238 8.999999999999917
    vertex 347.8089200749169 544.0355945375932 -1.127986593019159e-13
    vertex 344.19120575145473 542.5370882000237 -1.8047785488306544e-13
  endloop
endfacet
facet normal -0.3826834323650977 0.9238795325112836 -9.256484467812243e-15
  outer loop
    vertex 347.8089200749169 544.0355945375932 -1.127986593019159e-13
    vertex 344.19120575145473 542.5370882000238 8.999999999999917
    vertex 347.80892007491695 544.0355945375933 8.999999999999984
  endloop
endfacet
facet normal 0.99144486137381 0.13052619222005535 -1.1102230246251565e-16
  outer loop
    vertex 325.30892007491684 557.0259755943598 -1.5791812302268225e-13
    vertex 325.8200326805808 553.143689917822 8.999999999999961
    vertex 325.8200326805808 553.143689917822 -9.023892744153272e-14
  endloop
endfacet
facet normal 0.99144486137381 0.13052619222005535 -1.1102230246251565e-16
  outer loop
    vertex 325.8200326805808 553.143689917822 8.999999999999961
    vertex 325.30892007491684 557.0259755943598 -1.5791812302268225e-13
    vertex 325.30892007491684 557.0259755943598 8.999999999999917
  endloop
endfacet
facet normal -0.1305261922200448 0.9914448613738114 -5.3013149425851225e-15
  outer loop
    vertex 340.3089200749169 542.0259755943598 -6.767919558114953e-14
    vertex 344.19120575145473 542.5370882000238 8.999999999999917
    vertex 344.19120575145473 542.5370882000237 -1.8047785488306544e-13
  endloop
endfacet
facet normal -0.1305261922200448 0.9914448613738114 -5.3013149425851225e-15
  outer loop
    vertex 344.19120575145473 542.5370882000238 8.999999999999917
    vertex 340.3089200749169 542.0259755943598 -6.767919558114953e-14
    vertex 340.3089200749169 542.0259755943598 8.999999999999938
  endloop
endfacet
facet normal 0.13052619222005538 0.99144486137381 6.453171330633723e-16
  outer loop
    vertex 336.42663439837906 542.5370882000238 9.000000000000005
    vertex 340.3089200749169 542.0259755943598 -6.767919558114953e-14
    vertex 336.42663439837906 542.5370882000238 -1.127986593019159e-13
  endloop
endfacet
facet normal 0.13052619222005538 0.99144486137381 6.453171330633723e-16
  outer loop
    vertex 340.3089200749169 542.0259755943598 -6.767919558114953e-14
    vertex 336.42663439837906 542.5370882000238 9.000000000000005
    vertex 340.3089200749169 542.0259755943598 8.999999999999938
  endloop
endfacet
facet normal 0.38268343236508606 0.9238795325112883 -3.649858193455202e-15
  outer loop
    vertex 332.80892007491684 544.0355945375933 8.999999999999961
    vertex 336.42663439837906 542.5370882000238 -1.127986593019159e-13
    vertex 332.80892007491684 544.0355945375932 -1.127986593019159e-13
  endloop
endfacet
facet normal 0.38268343236508606 0.9238795325112883 -3.649858193455202e-15
  outer loop
    vertex 336.42663439837906 542.5370882000238 -1.127986593019159e-13
    vertex 332.80892007491684 544.0355945375933 8.999999999999961
    vertex 336.42663439837906 542.5370882000238 9.000000000000005
  endloop
endfacet
facet normal -0.7933533402912427 0.6087614290087108 -7.88258347483861e-15
  outer loop
    vertex 353.2993011316834 549.5259755943598 8.999999999999984
    vertex 350.9155217927152 546.4193738765615 -9.023892744153272e-14
    vertex 350.9155217927151 546.4193738765615 9.000000000000005
  endloop
endfacet
facet normal -0.7933533402912427 0.6087614290087108 -7.88258347483861e-15
  outer loop
    vertex 350.9155217927152 546.4193738765615 -9.023892744153272e-14
    vertex 353.2993011316834 549.5259755943598 8.999999999999984
    vertex 353.29930113168354 549.5259755943598 -4.511946372076636e-14
  endloop
endfacet
facet normal -0.9238795325112877 0.3826834323650877 -4.6351811278100286e-15
  outer loop
    vertex 354.7978074692529 553.143689917822 8.999999999999984
    vertex 353.29930113168354 549.5259755943598 -4.511946372076636e-14
    vertex 353.2993011316834 549.5259755943598 8.999999999999984
  endloop
endfacet
facet normal -0.9238795325112877 0.3826834323650877 -4.6351811278100286e-15
  outer loop
    vertex 353.29930113168354 549.5259755943598 -4.511946372076636e-14
    vertex 354.7978074692529 553.143689917822 8.999999999999984
    vertex 354.7978074692529 553.143689917822 0.0
  endloop
endfacet
facet normal 0.7933533402912429 0.6087614290087108 0.0
  outer loop
    vertex 327.31853901815026 549.5259755943598 -6.767919558114953e-14
    vertex 329.70231835711866 546.4193738765615 8.999999999999893
    vertex 329.70231835711866 546.4193738765615 -6.767919558114953e-14
  endloop
endfacet
facet normal 0.7933533402912429 0.6087614290087108 0.0
  outer loop
    vertex 329.70231835711866 546.4193738765615 8.999999999999893
    vertex 327.31853901815026 549.5259755943598 -6.767919558114953e-14
    vertex 327.31853901815026 549.5259755943598 8.999999999999961
  endloop
endfacet
facet normal -0.3826834323650979 -0.9238795325112834 9.242606680004428e-15
  outer loop
    vertex 347.80892007491695 610.0163566511264 8.999999999999917
    vertex 344.19120575145473 611.5148629886959 -1.3535839116229907e-13
    vertex 347.8089200749169 610.0163566511264 -1.3535839116229907e-13
  endloop
endfacet
facet normal -0.3826834323650979 -0.9238795325112834 9.242606680004428e-15
  outer loop
    vertex 344.19120575145473 611.5148629886959 -1.3535839116229907e-13
    vertex 347.80892007491695 610.0163566511264 8.999999999999917
    vertex 344.19120575145473 611.514862988696 8.999999999999893
  endloop
endfacet
facet normal -0.99144486137381 0.13052619222005526 5.551115123125783e-17
  outer loop
    vertex 355.3089200749169 557.0259755943598 8.999999999999917
    vertex 354.7978074692529 553.143689917822 0.0
    vertex 354.7978074692529 553.143689917822 8.999999999999984
  endloop
endfacet
facet normal -0.99144486137381 0.13052619222005526 5.551115123125783e-17
  outer loop
    vertex 354.7978074692529 553.143689917822 0.0
    vertex 355.3089200749169 557.0259755943598 8.999999999999917
    vertex 355.30892007491695 557.0259755943598 -6.767919558114953e-14
  endloop
endfacet
facet normal 0.9238795325112877 -0.38268343236508784 8.326672684688673e-17
  outer loop
    vertex 327.31853901815026 604.5259755943598 -2.255973186038318e-14
    vertex 325.8200326805808 600.9082612708977 8.999999999999917
    vertex 325.8200326805808 600.9082612708977 -1.127986593019159e-13
  endloop
endfacet
facet normal 0.9238795325112877 -0.38268343236508784 8.326672684688673e-17
  outer loop
    vertex 325.8200326805808 600.9082612708977 8.999999999999917
    vertex 327.31853901815026 604.5259755943598 -2.255973186038318e-14
    vertex 327.31853901815026 604.5259755943598 8.999999999999984
  endloop
endfacet
facet normal 0.13052619222005468 -0.99144486137381 3.3306690738754696e-16
  outer loop
    vertex 340.3089200749169 612.0259755943599 -9.023892744153272e-14
    vertex 336.426634398379 611.514862988696 9.000000000000005
    vertex 336.42663439837906 611.514862988696 -1.127986593019159e-13
  endloop
endfacet
facet normal 0.13052619222005468 -0.99144486137381 3.3306690738754696e-16
  outer loop
    vertex 336.426634398379 611.514862988696 9.000000000000005
    vertex 340.3089200749169 612.0259755943599 -9.023892744153272e-14
    vertex 340.3089200749169 612.0259755943599 8.99999999999987
  endloop
endfacet
facet normal -0.7933533402912386 -0.6087614290087163 2.9698465908722937e-15
  outer loop
    vertex 353.2993011316834 604.5259755943599 8.999999999999961
    vertex 350.9155217927151 607.6325773121581 -6.767919558114953e-14
    vertex 353.2993011316834 604.5259755943598 -4.511946372076636e-14
  endloop
endfacet
facet normal -0.7933533402912386 -0.6087614290087163 2.9698465908722937e-15
  outer loop
    vertex 350.9155217927151 607.6325773121581 -6.767919558114953e-14
    vertex 353.2993011316834 604.5259755943599 8.999999999999961
    vertex 350.9155217927151 607.6325773121581 8.999999999999984
  endloop
endfacet
facet normal 0.99144486137381 -0.1305261922200553 -5.551115123125783e-17
  outer loop
    vertex 325.8200326805808 600.9082612708977 -1.127986593019159e-13
    vertex 325.3089200749168 597.0259755943598 8.999999999999984
    vertex 325.3089200749168 597.0259755943598 -1.127986593019159e-13
  endloop
endfacet
facet normal 0.99144486137381 -0.1305261922200553 -5.551115123125783e-17
  outer loop
    vertex 325.3089200749168 597.0259755943598 8.999999999999984
    vertex 325.8200326805808 600.9082612708977 -1.127986593019159e-13
    vertex 325.8200326805808 600.9082612708977 8.999999999999917
  endloop
endfacet
facet normal 0.6087614290087281 -0.7933533402912294 -1.6098233857064766e-15
  outer loop
    vertex 332.80892007491684 610.0163566511264 8.99999999999987
    vertex 329.7023183571186 607.632577312158 -9.023892744153272e-14
    vertex 332.80892007491684 610.0163566511264 -2.0303758674344862e-13
  endloop
endfacet
facet normal 0.6087614290087281 -0.7933533402912294 -1.6098233857064766e-15
  outer loop
    vertex 329.7023183571186 607.632577312158 -9.023892744153272e-14
    vertex 332.80892007491684 610.0163566511264 8.99999999999987
    vertex 329.70231835711866 607.632577312158 8.999999999999849
  endloop
endfacet
facet normal 0.7933533402912315 -0.6087614290087255 -1.942890293094024e-15
  outer loop
    vertex 329.7023183571186 607.632577312158 -9.023892744153272e-14
    vertex 327.31853901815026 604.5259755943598 8.999999999999984
    vertex 327.31853901815026 604.5259755943598 -2.255973186038318e-14
  endloop
endfacet
facet normal 0.7933533402912315 -0.6087614290087255 -1.942890293094024e-15
  outer loop
    vertex 327.31853901815026 604.5259755943598 8.999999999999984
    vertex 329.7023183571186 607.632577312158 -9.023892744153272e-14
    vertex 329.70231835711866 607.632577312158 8.999999999999849
  endloop
endfacet
facet normal -0.9914448613738099 -0.1305261922200553 1.3322676295501878e-15
  outer loop
    vertex 355.30892007491695 597.0259755943599 8.999999999999961
    vertex 354.7978074692529 600.9082612708977 -9.023892744153272e-14
    vertex 355.30892007491695 597.0259755943598 0.0
  endloop
endfacet
facet normal -0.9914448613738099 -0.1305261922200553 1.3322676295501878e-15
  outer loop
    vertex 354.7978074692529 600.9082612708977 -9.023892744153272e-14
    vertex 355.30892007491695 597.0259755943599 8.999999999999961
    vertex 354.7978074692529 600.9082612708978 8.999999999999938
  endloop
endfacet
facet normal 0.38268343236509966 -0.9238795325112826 9.853229343548262e-16
  outer loop
    vertex 336.42663439837906 611.514862988696 -1.127986593019159e-13
    vertex 332.80892007491684 610.0163566511264 8.99999999999987
    vertex 332.80892007491684 610.0163566511264 -2.0303758674344862e-13
  endloop
endfacet
facet normal 0.38268343236509966 -0.9238795325112826 9.853229343548262e-16
  outer loop
    vertex 332.80892007491684 610.0163566511264 8.99999999999987
    vertex 336.42663439837906 611.514862988696 -1.127986593019159e-13
    vertex 336.426634398379 611.514862988696 9.000000000000005
  endloop
endfacet
facet normal -0.13052619222006664 -0.9914448613738084 4.989064716909297e-15
  outer loop
    vertex 344.19120575145473 611.514862988696 8.999999999999893
    vertex 340.3089200749169 612.0259755943599 -9.023892744153272e-14
    vertex 344.19120575145473 611.5148629886959 -1.3535839116229907e-13
  endloop
endfacet
facet normal -0.13052619222006664 -0.9914448613738084 4.989064716909297e-15
  outer loop
    vertex 340.3089200749169 612.0259755943599 -9.023892744153272e-14
    vertex 344.19120575145473 611.514862988696 8.999999999999893
    vertex 340.3089200749169 612.0259755943599 8.99999999999987
  endloop
endfacet
facet normal -0.9238795325112836 -0.3826834323650973 3.83026943495679e-15
  outer loop
    vertex 354.7978074692529 600.9082612708978 8.999999999999938
    vertex 353.2993011316834 604.5259755943598 -4.511946372076636e-14
    vertex 354.7978074692529 600.9082612708977 -9.023892744153272e-14
  endloop
endfacet
facet normal -0.9238795325112836 -0.3826834323650973 3.83026943495679e-15
  outer loop
    vertex 353.2993011316834 604.5259755943598 -4.511946372076636e-14
    vertex 354.7978074692529 600.9082612708978 8.999999999999938
    vertex 353.2993011316834 604.5259755943599 8.999999999999961
  endloop
endfacet
facet normal -1.0 0.0 0.0
  outer loop
    vertex 355.30892007491695 597.0259755943599 8.999999999999961
    vertex 355.30892007491695 557.0259755943598 -6.767919558114953e-14
    vertex 355.3089200749169 557.0259755943598 8.999999999999917
  endloop
endfacet
facet normal -1.0 0.0 0.0
  outer loop
    vertex 355.30892007491695 557.0259755943598 -6.767919558114953e-14
    vertex 355.30892007491695 597.0259755943599 8.999999999999961
    vertex 355.30892007491695 597.0259755943598 0.0
  endloop
endfacet
facet normal 1.0 1.1279865930191579e-15 0.0
  outer loop
    vertex 325.3089200749168 597.0259755943598 -1.127986593019159e-13
    vertex 325.30892007491684 557.0259755943598 8.999999999999917
    vertex 325.30892007491684 557.0259755943598 -1.5791812302268225e-13
  endloop
endfacet
facet normal 1.0 1.1279865930191579e-15 0.0
  outer loop
    vertex 325.30892007491684 557.0259755943598 8.999999999999917
    vertex 325.3089200749168 597.0259755943598 -1.127986593019159e-13
    vertex 325.3089200749168 597.0259755943598 8.999999999999984
  endloop
endfacet
facet normal -0.6087614290087149 -0.7933533402912396 3.969047313034935e-15
  outer loop
    vertex 350.9155217927151 607.6325773121581 -6.767919558114953e-14
    vertex 347.80892007491695 610.0163566511264 8.999999999999917
    vertex 347.8089200749169 610.0163566511264 -1.3535839116229907e-13
  endloop
endfacet
facet normal -0.6087614290087149 -0.7933533402912396 3.969047313034935e-15
  outer loop
    vertex 347.80892007491695 610.0163566511264 8.999999999999917
    vertex 350.9155217927151 607.6325773121581 -6.767919558114953e-14
    vertex 350.9155217927151 607.6325773121581 8.999999999999984
  endloop
endfacet
facet normal 7.247659566718046e-30 -1.0 -7.457200744667377e-30
  outer loop
    vertex 415.30892007491695 517.0259755943599 -4.511946372076636e-14
    vertex 395.00892007491694 517.02597559436 8.999999999999938
    vertex 395.00892007491694 517.0259755943599 -6.767919558114953e-14
  endloop
endfacet
facet normal 7.247659566718046e-30 -1.0 -7.457200744667377e-30
  outer loop
    vertex 395.00892007491694 517.02597559436 8.999999999999938
    vertex 415.30892007491695 517.0259755943599 -4.511946372076636e-14
    vertex 415.30892007491695 517.02597559436 8.999999999999984
  endloop
endfacet
facet normal 2.5782550697580713e-15 -1.0 -3.1554436208840472e-30
  outer loop
    vertex 395.00892007491694 513.02597559436 8.999999999999984
    vertex 325.60892007491685 513.0259755943598 -2.255973186038318e-14
    vertex 395.00892007491694 513.0259755943599 -4.511946372076636e-14
  endloop
endfacet
facet normal 2.5782550697580713e-15 -1.0 -3.1554436208840472e-30
  outer loop
    vertex 325.60892007491685 513.0259755943598 -2.255973186038318e-14
    vertex 395.00892007491694 513.02597559436 8.999999999999984
    vertex 325.60892007491685 513.0259755943598 8.999999999999961
  endloop
endfacet
facet normal -1.0 -2.5782550697580693e-15 5.5511151231257815e-17
  outer loop
    vertex 325.60892007491685 517.0259755943598 8.999999999999938
    vertex 325.60892007491685 513.0259755943598 -2.255973186038318e-14
    vertex 325.60892007491685 513.0259755943598 8.999999999999961
  endloop
endfacet
facet normal -1.0 -2.5782550697580693e-15 5.5511151231257815e-17
  outer loop
    vertex 325.60892007491685 513.0259755943598 -2.255973186038318e-14
    vertex 325.60892007491685 517.0259755943598 8.999999999999938
    vertex 325.60892007491685 517.0259755943598 -2.255973186038318e-14
  endloop
endfacet
facet normal 1.0 2.5782550697580693e-15 5.5511151231257815e-17
  outer loop
    vertex 395.00892007491694 517.0259755943599 -6.767919558114953e-14
    vertex 395.00892007491694 513.02597559436 8.999999999999984
    vertex 395.00892007491694 513.0259755943599 -4.511946372076636e-14
  endloop
endfacet
facet normal 1.0 2.5782550697580693e-15 5.5511151231257815e-17
  outer loop
    vertex 395.00892007491694 513.02597559436 8.999999999999984
    vertex 395.00892007491694 517.0259755943599 -6.767919558114953e-14
    vertex 395.00892007491694 517.02597559436 8.999999999999938
  endloop
endfacet
facet normal -1.2975181042412114e-15 1.0 -4.851419360550099e-14
  outer loop
    vertex 305.3089200749163 857.0259755943606 -2.255973186038318e-14
    vertex 325.6089200749162 857.0259755943612 8.999999999999961
    vertex 325.6089200749162 857.0259755943606 -4.511946372076636e-14
  endloop
endfacet
facet normal -1.2975181042412114e-15 1.0 -4.851419360550099e-14
  outer loop
    vertex 325.6089200749162 857.0259755943612 8.999999999999961
    vertex 305.3089200749163 857.0259755943606 -2.255973186038318e-14
    vertex 305.3089200749163 857.0259755943612 8.999999999999961
  endloop
endfacet
facet normal 7.565233698052101e-15 1.0 -2.595446174511749e-14
  outer loop
    vertex 325.60892007491634 861.0259755943606 -1.5791812302268225e-13
    vertex 395.0089200749172 861.0259755943603 8.99999999999987
    vertex 395.0089200749172 861.0259755943603 -2.255973186038318e-13
  endloop
endfacet
facet normal 7.565233698052101e-15 1.0 -2.595446174511749e-14
  outer loop
    vertex 395.0089200749172 861.0259755943603 8.99999999999987
    vertex 325.60892007491634 861.0259755943606 -1.5791812302268225e-13
    vertex 325.60892007491634 861.025975594361 8.999999999999826
  endloop
endfacet
facet normal -1.0 7.565233698052086e-15 -5.551115123125782e-16
  outer loop
    vertex 325.6089200749162 857.0259755943612 8.999999999999961
    vertex 325.60892007491634 861.0259755943606 -1.5791812302268225e-13
    vertex 325.6089200749162 857.0259755943606 -4.511946372076636e-14
  endloop
endfacet
facet normal -1.0 7.565233698052086e-15 -5.551115123125782e-16
  outer loop
    vertex 325.60892007491634 861.0259755943606 -1.5791812302268225e-13
    vertex 325.6089200749162 857.0259755943612 8.999999999999961
    vertex 325.60892007491634 861.025975594361 8.999999999999826
  endloop
endfacet
facet normal 1.0 -7.565233698052095e-15 1.1102230246251563e-16
  outer loop
    vertex 395.0089200749172 861.0259755943603 -2.255973186038318e-13
    vertex 395.0089200749172 857.0259755943605 8.999999999999984
    vertex 395.0089200749172 857.0259755943605 -9.023892744153272e-14
  endloop
endfacet
facet normal 1.0 -7.565233698052095e-15 1.1102230246251563e-16
  outer loop
    vertex 395.0089200749172 857.0259755943605 8.999999999999984
    vertex 395.0089200749172 861.0259755943603 -2.255973186038318e-13
    vertex 395.0089200749172 861.0259755943603 8.99999999999987
  endloop
endfacet
facet normal 0.13052619221999262 0.9914448613738182 -6.938893903907228e-18
  outer loop
    vertex 359.7912819847119 521.0941239417817 8.999999999999961
    vertex 360.3089200749169 521.0259755943599 -6.767919558114953e-14
    vertex 359.7912819847119 521.0941239417817 -6.767919558114953e-14
  endloop
endfacet
facet normal 0.13052619221999262 0.9914448613738182 -6.938893903907228e-18
  outer loop
    vertex 360.3089200749169 521.0259755943599 -6.767919558114953e-14
    vertex 359.7912819847119 521.0941239417817 8.999999999999961
    vertex 360.3089200749169 521.0259755943599 8.999999999999961
  endloop
endfacet
facet normal -0.13052619221999262 0.9914448613738182 0.0
  outer loop
    vertex 360.3089200749169 521.0259755943599 8.999999999999961
    vertex 360.8265581651219 521.0941239417817 -4.511946372076636e-14
    vertex 360.3089200749169 521.0259755943599 -6.767919558114953e-14
  endloop
endfacet
facet normal -0.13052619221999262 0.9914448613738182 0.0
  outer loop
    vertex 360.8265581651219 521.0941239417817 -4.511946372076636e-14
    vertex 360.3089200749169 521.0259755943599 8.999999999999961
    vertex 360.8265581651219 521.0941239417817 8.999999999999961
  endloop
endfacet
facet normal -0.3826834323651444 0.9238795325112643 1.3877787807814457e-17
  outer loop
    vertex 360.8265581651219 521.0941239417817 -4.511946372076636e-14
    vertex 361.3089200749169 521.293924786791 8.999999999999961
    vertex 361.3089200749169 521.293924786791 -6.767919558114953e-14
  endloop
endfacet
facet normal -0.3826834323651444 0.9238795325112643 1.3877787807814457e-17
  outer loop
    vertex 361.3089200749169 521.293924786791 8.999999999999961
    vertex 360.8265581651219 521.0941239417817 -4.511946372076636e-14
    vertex 360.8265581651219 521.0941239417817 8.999999999999961
  endloop
endfacet
facet normal -0.6087614290086991 0.7933533402912518 2.7755575615628914e-17
  outer loop
    vertex 361.3089200749169 521.293924786791 8.999999999999961
    vertex 361.72313363729 521.6117620319868 -6.767919558114953e-14
    vertex 361.3089200749169 521.293924786791 -6.767919558114953e-14
  endloop
endfacet
facet normal -0.6087614290086991 0.7933533402912518 2.7755575615628914e-17
  outer loop
    vertex 361.72313363729 521.6117620319868 -6.767919558114953e-14
    vertex 361.3089200749169 521.293924786791 8.999999999999961
    vertex 361.72313363729 521.6117620319868 8.999999999999984
  endloop
endfacet
facet normal -0.7933533402912838 0.6087614290086574 0.0
  outer loop
    vertex 362.04097088248574 522.0259755943599 8.999999999999984
    vertex 361.72313363729 521.6117620319868 -6.767919558114953e-14
    vertex 361.72313363729 521.6117620319868 8.999999999999984
  endloop
endfacet
facet normal -0.7933533402912838 0.6087614290086574 0.0
  outer loop
    vertex 361.72313363729 521.6117620319868 -6.767919558114953e-14
    vertex 362.04097088248574 522.0259755943599 8.999999999999984
    vertex 362.04097088248574 522.0259755943599 -6.767919558114953e-14
  endloop
endfacet
facet normal -0.9238795325112694 0.38268343236513175 0.0
  outer loop
    vertex 362.24077172749503 522.5083375041548 8.999999999999961
    vertex 362.04097088248574 522.0259755943599 -6.767919558114953e-14
    vertex 362.04097088248574 522.0259755943599 8.999999999999984
  endloop
endfacet
facet normal -0.9238795325112694 0.38268343236513175 0.0
  outer loop
    vertex 362.04097088248574 522.0259755943599 -6.767919558114953e-14
    vertex 362.24077172749503 522.5083375041548 8.999999999999961
    vertex 362.24077172749503 522.5083375041548 -6.767919558114953e-14
  endloop
endfacet
facet normal -0.9914448613738085 0.13052619222006637 0.0
  outer loop
    vertex 362.3089200749169 523.0259755943599 8.999999999999961
    vertex 362.24077172749503 522.5083375041548 -6.767919558114953e-14
    vertex 362.24077172749503 522.5083375041548 8.999999999999961
  endloop
endfacet
facet normal -0.9914448613738085 0.13052619222006637 0.0
  outer loop
    vertex 362.24077172749503 522.5083375041548 -6.767919558114953e-14
    vertex 362.3089200749169 523.0259755943599 8.999999999999961
    vertex 362.3089200749169 523.0259755943599 -6.767919558114953e-14
  endloop
endfacet
facet normal -0.9914448613738086 -0.1305261922200664 0.0
  outer loop
    vertex 362.24077172749503 523.543613684565 8.999999999999961
    vertex 362.3089200749169 523.0259755943599 -6.767919558114953e-14
    vertex 362.3089200749169 523.0259755943599 8.999999999999961
  endloop
endfacet
facet normal -0.9914448613738086 -0.1305261922200664 0.0
  outer loop
    vertex 362.3089200749169 523.0259755943599 -6.767919558114953e-14
    vertex 362.24077172749503 523.543613684565 8.999999999999961
    vertex 362.24077172749503 523.543613684565 -6.767919558114953e-14
  endloop
endfacet
facet normal -0.9238795325112947 -0.3826834323650706 5.551115123125783e-17
  outer loop
    vertex 362.04097088248574 524.0259755943599 8.999999999999984
    vertex 362.24077172749503 523.543613684565 -6.767919558114953e-14
    vertex 362.24077172749503 523.543613684565 8.999999999999961
  endloop
endfacet
facet normal -0.9238795325112947 -0.3826834323650706 5.551115123125783e-17
  outer loop
    vertex 362.24077172749503 523.543613684565 -6.767919558114953e-14
    vertex 362.04097088248574 524.0259755943599 8.999999999999984
    vertex 362.04097088248574 524.0259755943599 -6.767919558114953e-14
  endloop
endfacet
facet normal -0.7933533402912197 -0.6087614290087409 -2.7755575615628914e-17
  outer loop
    vertex 361.72313363729 524.440189156733 8.999999999999984
    vertex 362.04097088248574 524.0259755943599 -6.767919558114953e-14
    vertex 362.04097088248574 524.0259755943599 8.999999999999984
  endloop
endfacet
facet normal -0.7933533402912197 -0.6087614290087409 -2.7755575615628914e-17
  outer loop
    vertex 362.04097088248574 524.0259755943599 -6.767919558114953e-14
    vertex 361.72313363729 524.440189156733 8.999999999999984
    vertex 361.72313363729 524.440189156733 -6.767919558114953e-14
  endloop
endfacet
facet normal -0.6087614290086992 -0.7933533402912518 0.0
  outer loop
    vertex 361.72313363729 524.440189156733 8.999999999999984
    vertex 361.3089200749169 524.7580264019288 -6.767919558114953e-14
    vertex 361.72313363729 524.440189156733 -6.767919558114953e-14
  endloop
endfacet
facet normal -0.6087614290086992 -0.7933533402912518 0.0
  outer loop
    vertex 361.3089200749169 524.7580264019288 -6.767919558114953e-14
    vertex 361.72313363729 524.440189156733 8.999999999999984
    vertex 361.3089200749169 524.7580264019288 8.999999999999961
  endloop
endfacet
facet normal -0.38268343236514446 -0.9238795325112641 0.0
  outer loop
    vertex 361.3089200749169 524.7580264019288 8.999999999999961
    vertex 360.8265581651219 524.9578272469381 -4.511946372076636e-14
    vertex 361.3089200749169 524.7580264019288 -6.767919558114953e-14
  endloop
endfacet
facet normal -0.38268343236514446 -0.9238795325112641 0.0
  outer loop
    vertex 360.8265581651219 524.9578272469381 -4.511946372076636e-14
    vertex 361.3089200749169 524.7580264019288 8.999999999999961
    vertex 360.8265581651219 524.9578272469381 8.999999999999961
  endloop
endfacet
facet normal -0.13052619221999262 -0.9914448613738182 6.938893903907228e-18
  outer loop
    vertex 360.8265581651219 524.9578272469381 -4.511946372076636e-14
    vertex 360.3089200749169 525.0259755943599 8.999999999999984
    vertex 360.3089200749169 525.0259755943599 -6.767919558114953e-14
  endloop
endfacet
facet normal -0.13052619221999262 -0.9914448613738182 6.938893903907228e-18
  outer loop
    vertex 360.3089200749169 525.0259755943599 8.999999999999984
    vertex 360.8265581651219 524.9578272469381 -4.511946372076636e-14
    vertex 360.8265581651219 524.9578272469381 8.999999999999961
  endloop
endfacet
facet normal 0.13052619221999262 -0.9914448613738182 0.0
  outer loop
    vertex 360.3089200749169 525.0259755943599 8.999999999999984
    vertex 359.7912819847119 524.9578272469381 -6.767919558114953e-14
    vertex 360.3089200749169 525.0259755943599 -6.767919558114953e-14
  endloop
endfacet
facet normal 0.13052619221999262 -0.9914448613738182 0.0
  outer loop
    vertex 359.7912819847119 524.9578272469381 -6.767919558114953e-14
    vertex 360.3089200749169 525.0259755943599 8.999999999999984
    vertex 359.7912819847119 524.9578272469381 8.999999999999961
  endloop
endfacet
facet normal 0.3826834323651444 -0.9238795325112643 -1.3877787807814457e-17
  outer loop
    vertex 359.7912819847119 524.9578272469381 -6.767919558114953e-14
    vertex 359.3089200749169 524.7580264019288 8.999999999999961
    vertex 359.3089200749169 524.7580264019288 -9.023892744153272e-14
  endloop
endfacet
facet normal 0.3826834323651444 -0.9238795325112643 -1.3877787807814457e-17
  outer loop
    vertex 359.3089200749169 524.7580264019288 8.999999999999961
    vertex 359.7912819847119 524.9578272469381 -6.767919558114953e-14
    vertex 359.7912819847119 524.9578272469381 8.999999999999961
  endloop
endfacet
facet normal 0.6087614290086991 -0.7933533402912518 -2.7755575615628914e-17
  outer loop
    vertex 359.3089200749169 524.7580264019288 8.999999999999961
    vertex 358.8947065125438 524.440189156733 -6.767919558114953e-14
    vertex 359.3089200749169 524.7580264019288 -9.023892744153272e-14
  endloop
endfacet
facet normal 0.6087614290086991 -0.7933533402912518 -2.7755575615628914e-17
  outer loop
    vertex 358.8947065125438 524.440189156733 -6.767919558114953e-14
    vertex 359.3089200749169 524.7580264019288 8.999999999999961
    vertex 358.8947065125438 524.440189156733 8.999999999999938
  endloop
endfacet
facet normal 0.7933533402912838 -0.6087614290086574 0.0
  outer loop
    vertex 358.8947065125438 524.440189156733 -6.767919558114953e-14
    vertex 358.576869267348 524.0259755943598 8.999999999999961
    vertex 358.576869267348 524.0259755943598 -6.767919558114953e-14
  endloop
endfacet
facet normal 0.7933533402912838 -0.6087614290086574 0.0
  outer loop
    vertex 358.576869267348 524.0259755943598 8.999999999999961
    vertex 358.8947065125438 524.440189156733 -6.767919558114953e-14
    vertex 358.8947065125438 524.440189156733 8.999999999999938
  endloop
endfacet
facet normal 0.9238795325112694 -0.38268343236513175 0.0
  outer loop
    vertex 358.576869267348 524.0259755943598 -6.767919558114953e-14
    vertex 358.37706842233877 523.543613684565 8.999999999999961
    vertex 358.37706842233877 523.543613684565 -6.767919558114953e-14
  endloop
endfacet
facet normal 0.9238795325112694 -0.38268343236513175 0.0
  outer loop
    vertex 358.37706842233877 523.543613684565 8.999999999999961
    vertex 358.576869267348 524.0259755943598 -6.767919558114953e-14
    vertex 358.576869267348 524.0259755943598 8.999999999999961
  endloop
endfacet
facet normal 0.9914448613738085 -0.13052619222006637 0.0
  outer loop
    vertex 358.37706842233877 523.543613684565 -6.767919558114953e-14
    vertex 358.3089200749169 523.0259755943599 8.999999999999984
    vertex 358.3089200749169 523.0259755943599 -6.767919558114953e-14
  endloop
endfacet
facet normal 0.9914448613738085 -0.13052619222006637 0.0
  outer loop
    vertex 358.3089200749169 523.0259755943599 8.999999999999984
    vertex 358.37706842233877 523.543613684565 -6.767919558114953e-14
    vertex 358.37706842233877 523.543613684565 8.999999999999961
  endloop
endfacet
facet normal 0.9914448613738086 0.1305261922200664 0.0
  outer loop
    vertex 358.3089200749169 523.0259755943599 -6.767919558114953e-14
    vertex 358.37706842233877 522.5083375041548 8.999999999999961
    vertex 358.37706842233877 522.5083375041548 -6.767919558114953e-14
  endloop
endfacet
facet normal 0.9914448613738086 0.1305261922200664 0.0
  outer loop
    vertex 358.37706842233877 522.5083375041548 8.999999999999961
    vertex 358.3089200749169 523.0259755943599 -6.767919558114953e-14
    vertex 358.3089200749169 523.0259755943599 8.999999999999984
  endloop
endfacet
facet normal 0.9238795325112947 0.3826834323650706 -5.551115123125783e-17
  outer loop
    vertex 358.37706842233877 522.5083375041548 -6.767919558114953e-14
    vertex 358.576869267348 522.0259755943598 8.999999999999961
    vertex 358.576869267348 522.0259755943598 -6.767919558114953e-14
  endloop
endfacet
facet normal 0.9238795325112947 0.3826834323650706 -5.551115123125783e-17
  outer loop
    vertex 358.576869267348 522.0259755943598 8.999999999999961
    vertex 358.37706842233877 522.5083375041548 -6.767919558114953e-14
    vertex 358.37706842233877 522.5083375041548 8.999999999999961
  endloop
endfacet
facet normal 0.7933533402912197 0.6087614290087409 2.7755575615628914e-17
  outer loop
    vertex 358.576869267348 522.0259755943598 -6.767919558114953e-14
    vertex 358.8947065125438 521.6117620319868 8.999999999999938
    vertex 358.8947065125438 521.6117620319868 -6.767919558114953e-14
  endloop
endfacet
facet normal 0.7933533402912197 0.6087614290087409 2.7755575615628914e-17
  outer loop
    vertex 358.8947065125438 521.6117620319868 8.999999999999938
    vertex 358.576869267348 522.0259755943598 -6.767919558114953e-14
    vertex 358.576869267348 522.0259755943598 8.999999999999961
  endloop
endfacet
facet normal 0.6087614290086992 0.7933533402912518 0.0
  outer loop
    vertex 358.8947065125438 521.6117620319868 -6.767919558114953e-14
    vertex 359.3089200749169 521.293924786791 8.999999999999961
    vertex 359.3089200749169 521.293924786791 -9.023892744153272e-14
  endloop
endfacet
facet normal 0.6087614290086992 0.7933533402912518 0.0
  outer loop
    vertex 359.3089200749169 521.293924786791 8.999999999999961
    vertex 358.8947065125438 521.6117620319868 -6.767919558114953e-14
    vertex 358.8947065125438 521.6117620319868 8.999999999999938
  endloop
endfacet
facet normal 0.38268343236514446 0.9238795325112641 0.0
  outer loop
    vertex 359.3089200749169 521.293924786791 8.999999999999961
    vertex 359.7912819847119 521.0941239417817 -6.767919558114953e-14
    vertex 359.3089200749169 521.293924786791 -9.023892744153272e-14
  endloop
endfacet
facet normal 0.38268343236514446 0.9238795325112641 0.0
  outer loop
    vertex 359.7912819847119 521.0941239417817 -6.767919558114953e-14
    vertex 359.3089200749169 521.293924786791 8.999999999999961
    vertex 359.7912819847119 521.0941239417817 8.999999999999961
  endloop
endfacet
facet normal -0.1305261922203324 -0.9914448613737734 0.0
  outer loop
    vertex 360.82655816512175 852.9578272469387 8.999999999999849
    vertex 360.3089200749167 853.0259755943606 -2.255973186038318e-14
    vertex 360.82655816512175 852.9578272469387 -2.255973186038318e-14
  endloop
endfacet
facet normal -0.1305261922203324 -0.9914448613737734 0.0
  outer loop
    vertex 360.3089200749167 853.0259755943606 -2.255973186038318e-14
    vertex 360.82655816512175 852.9578272469387 8.999999999999849
    vertex 360.3089200749167 853.0259755943606 8.999999999999826
  endloop
endfacet
facet normal 0.13052619222033243 -0.9914448613737734 6.938893903907228e-18
  outer loop
    vertex 360.3089200749167 853.0259755943606 8.999999999999826
    vertex 359.7912819847117 852.9578272469387 -2.255973186038318e-14
    vertex 360.3089200749167 853.0259755943606 -2.255973186038318e-14
  endloop
endfacet
facet normal 0.13052619222033243 -0.9914448613737734 6.938893903907228e-18
  outer loop
    vertex 359.7912819847117 852.9578272469387 -2.255973186038318e-14
    vertex 360.3089200749167 853.0259755943606 8.999999999999826
    vertex 359.7912819847117 852.9578272469387 8.999999999999849
  endloop
endfacet
facet normal 0.38268343236484936 -0.9238795325113864 1.3877787807814457e-17
  outer loop
    vertex 359.7912819847117 852.9578272469387 8.999999999999849
    vertex 359.3089200749167 852.7580264019296 -2.255973186038318e-14
    vertex 359.7912819847117 852.9578272469387 -2.255973186038318e-14
  endloop
endfacet
facet normal 0.38268343236484936 -0.9238795325113864 1.3877787807814457e-17
  outer loop
    vertex 359.3089200749167 852.7580264019296 -2.255973186038318e-14
    vertex 359.7912819847117 852.9578272469387 8.999999999999849
    vertex 359.3089200749167 852.7580264019296 8.999999999999826
  endloop
endfacet
facet normal 0.6087614290089167 -0.7933533402910847 -2.7755575615628914e-17
  outer loop
    vertex 359.3089200749167 852.7580264019296 8.999999999999826
    vertex 358.8947065125436 852.4401891567336 -2.255973186038318e-14
    vertex 359.3089200749167 852.7580264019296 -2.255973186038318e-14
  endloop
endfacet
facet normal 0.6087614290089167 -0.7933533402910847 -2.7755575615628914e-17
  outer loop
    vertex 358.8947065125436 852.4401891567336 -2.255973186038318e-14
    vertex 359.3089200749167 852.7580264019296 8.999999999999826
    vertex 358.8947065125436 852.4401891567336 8.999999999999826
  endloop
endfacet
facet normal 0.7933533402912198 -0.6087614290087409 -2.7755575615628914e-17
  outer loop
    vertex 358.8947065125436 852.4401891567336 -2.255973186038318e-14
    vertex 358.5768692673479 852.0259755943605 8.999999999999803
    vertex 358.5768692673479 852.0259755943605 -2.255973186038318e-14
  endloop
endfacet
facet normal 0.7933533402912198 -0.6087614290087409 -2.7755575615628914e-17
  outer loop
    vertex 358.5768692673479 852.0259755943605 8.999999999999803
    vertex 358.8947065125436 852.4401891567336 -2.255973186038318e-14
    vertex 358.8947065125436 852.4401891567336 8.999999999999826
  endloop
endfacet
facet normal 0.9238795325112694 -0.38268343236513175 0.0
  outer loop
    vertex 358.5768692673479 852.0259755943605 -2.255973186038318e-14
    vertex 358.37706842233865 851.5436136845656 8.999999999999849
    vertex 358.37706842233865 851.5436136845656 -4.511946372076636e-14
  endloop
endfacet
facet normal 0.9238795325112694 -0.38268343236513175 0.0
  outer loop
    vertex 358.37706842233865 851.5436136845656 8.999999999999849
    vertex 358.5768692673479 852.0259755943605 -2.255973186038318e-14
    vertex 358.5768692673479 852.0259755943605 8.999999999999803
  endloop
endfacet
facet normal 0.9914448613738085 -0.13052619222006637 0.0
  outer loop
    vertex 358.37706842233865 851.5436136845656 -4.511946372076636e-14
    vertex 358.3089200749167 851.0259755943606 8.999999999999826
    vertex 358.3089200749167 851.0259755943606 -4.511946372076636e-14
  endloop
endfacet
facet normal 0.9914448613738085 -0.13052619222006637 0.0
  outer loop
    vertex 358.3089200749167 851.0259755943606 8.999999999999826
    vertex 358.37706842233865 851.5436136845656 -4.511946372076636e-14
    vertex 358.37706842233865 851.5436136845656 8.999999999999849
  endloop
endfacet
facet normal 0.9914448613738086 0.1305261922200664 0.0
  outer loop
    vertex 358.3089200749167 851.0259755943606 -4.511946372076636e-14
    vertex 358.37706842233865 850.5083375041555 8.999999999999849
    vertex 358.37706842233865 850.5083375041555 -4.511946372076636e-14
  endloop
endfacet
facet normal 0.9914448613738086 0.1305261922200664 0.0
  outer loop
    vertex 358.37706842233865 850.5083375041555 8.999999999999849
    vertex 358.3089200749167 851.0259755943606 -4.511946372076636e-14
    vertex 358.3089200749167 851.0259755943606 8.999999999999826
  endloop
endfacet
facet normal 0.9238795325112694 0.38268343236513164 -2.7755575615628907e-17
  outer loop
    vertex 358.37706842233865 850.5083375041555 -4.511946372076636e-14
    vertex 358.5768692673479 850.0259755943606 8.999999999999803
    vertex 358.5768692673479 850.0259755943606 -2.255973186038318e-14
  endloop
endfacet
facet normal 0.9238795325112694 0.38268343236513164 -2.7755575615628907e-17
  outer loop
    vertex 358.5768692673479 850.0259755943606 8.999999999999803
    vertex 358.37706842233865 850.5083375041555 -4.511946372076636e-14
    vertex 358.37706842233865 850.5083375041555 8.999999999999849
  endloop
endfacet
facet normal 0.7933533402912197 0.6087614290087409 2.7755575615628914e-17
  outer loop
    vertex 358.5768692673479 850.0259755943606 -2.255973186038318e-14
    vertex 358.8947065125436 849.6117620319875 8.999999999999826
    vertex 358.8947065125436 849.6117620319875 -2.255973186038318e-14
  endloop
endfacet
facet normal 0.7933533402912197 0.6087614290087409 2.7755575615628914e-17
  outer loop
    vertex 358.8947065125436 849.6117620319875 8.999999999999826
    vertex 358.5768692673479 850.0259755943606 -2.255973186038318e-14
    vertex 358.5768692673479 850.0259755943606 8.999999999999803
  endloop
endfacet
facet normal 0.6087614290089167 0.7933533402910847 0.0
  outer loop
    vertex 358.8947065125436 849.6117620319875 8.999999999999826
    vertex 359.3089200749167 849.2939247867916 -2.255973186038318e-14
    vertex 358.8947065125436 849.6117620319875 -2.255973186038318e-14
  endloop
endfacet
facet normal 0.6087614290089167 0.7933533402910847 0.0
  outer loop
    vertex 359.3089200749167 849.2939247867916 -2.255973186038318e-14
    vertex 358.8947065125436 849.6117620319875 8.999999999999826
    vertex 359.3089200749167 849.2939247867916 8.999999999999826
  endloop
endfacet
facet normal 0.3826834323648495 0.9238795325113862 2.7755575615628914e-17
  outer loop
    vertex 359.3089200749167 849.2939247867916 8.999999999999826
    vertex 359.7912819847117 849.0941239417825 -2.255973186038318e-14
    vertex 359.3089200749167 849.2939247867916 -2.255973186038318e-14
  endloop
endfacet
facet normal 0.3826834323648495 0.9238795325113862 2.7755575615628914e-17
  outer loop
    vertex 359.7912819847117 849.0941239417825 -2.255973186038318e-14
    vertex 359.3089200749167 849.2939247867916 8.999999999999826
    vertex 359.7912819847117 849.0941239417825 8.999999999999849
  endloop
endfacet
facet normal 0.1305261922203324 0.9914448613737734 0.0
  outer loop
    vertex 359.7912819847117 849.0941239417825 8.999999999999849
    vertex 360.3089200749167 849.0259755943605 -2.255973186038318e-14
    vertex 359.7912819847117 849.0941239417825 -2.255973186038318e-14
  endloop
endfacet
facet normal 0.1305261922203324 0.9914448613737734 0.0
  outer loop
    vertex 360.3089200749167 849.0259755943605 -2.255973186038318e-14
    vertex 359.7912819847117 849.0941239417825 8.999999999999849
    vertex 360.3089200749167 849.0259755943605 8.999999999999826
  endloop
endfacet
facet normal -0.13052619222033243 0.9914448613737734 -6.938893903907228e-18
  outer loop
    vertex 360.3089200749167 849.0259755943605 8.999999999999826
    vertex 360.82655816512175 849.0941239417825 -2.255973186038318e-14
    vertex 360.3089200749167 849.0259755943605 -2.255973186038318e-14
  endloop
endfacet
facet normal -0.13052619222033243 0.9914448613737734 -6.938893903907228e-18
  outer loop
    vertex 360.82655816512175 849.0941239417825 -2.255973186038318e-14
    vertex 360.3089200749167 849.0259755943605 8.999999999999826
    vertex 360.82655816512175 849.0941239417825 8.999999999999849
  endloop
endfacet
facet normal -0.38268343236484936 0.9238795325113864 -1.3877787807814457e-17
  outer loop
    vertex 360.82655816512175 849.0941239417825 8.999999999999849
    vertex 361.3089200749167 849.2939247867916 -2.255973186038318e-14
    vertex 360.82655816512175 849.0941239417825 -2.255973186038318e-14
  endloop
endfacet
facet normal -0.38268343236484936 0.9238795325113864 -1.3877787807814457e-17
  outer loop
    vertex 361.3089200749167 849.2939247867916 -2.255973186038318e-14
    vertex 360.82655816512175 849.0941239417825 8.999999999999849
    vertex 361.3089200749167 849.2939247867916 8.999999999999849
  endloop
endfacet
facet normal -0.6087614290089167 0.7933533402910847 2.7755575615628914e-17
  outer loop
    vertex 361.3089200749167 849.2939247867916 -2.255973186038318e-14
    vertex 361.72313363728983 849.6117620319875 8.999999999999849
    vertex 361.72313363728983 849.6117620319875 -4.511946372076636e-14
  endloop
endfacet
facet normal -0.6087614290089167 0.7933533402910847 2.7755575615628914e-17
  outer loop
    vertex 361.72313363728983 849.6117620319875 8.999999999999849
    vertex 361.3089200749167 849.2939247867916 -2.255973186038318e-14
    vertex 361.3089200749167 849.2939247867916 8.999999999999849
  endloop
endfacet
facet normal -0.7933533402912198 0.6087614290087409 2.7755575615628914e-17
  outer loop
    vertex 362.0409708824856 850.0259755943606 8.999999999999826
    vertex 361.72313363728983 849.6117620319875 -4.511946372076636e-14
    vertex 361.72313363728983 849.6117620319875 8.999999999999849
  endloop
endfacet
facet normal -0.7933533402912198 0.6087614290087409 2.7755575615628914e-17
  outer loop
    vertex 361.72313363728983 849.6117620319875 -4.511946372076636e-14
    vertex 362.0409708824856 850.0259755943606 8.999999999999826
    vertex 362.0409708824856 850.0259755943606 -2.255973186038318e-14
  endloop
endfacet
facet normal -0.9238795325112694 0.38268343236513175 0.0
  outer loop
    vertex 362.24077172749486 850.5083375041555 8.999999999999849
    vertex 362.0409708824856 850.0259755943606 -2.255973186038318e-14
    vertex 362.0409708824856 850.0259755943606 8.999999999999826
  endloop
endfacet
facet normal -0.9238795325112694 0.38268343236513175 0.0
  outer loop
    vertex 362.0409708824856 850.0259755943606 -2.255973186038318e-14
    vertex 362.24077172749486 850.5083375041555 8.999999999999849
    vertex 362.24077172749486 850.5083375041555 -4.511946372076636e-14
  endloop
endfacet
facet normal -0.9914448613738085 0.13052619222006637 0.0
  outer loop
    vertex 362.3089200749167 851.0259755943606 8.999999999999826
    vertex 362.24077172749486 850.5083375041555 -4.511946372076636e-14
    vertex 362.24077172749486 850.5083375041555 8.999999999999849
  endloop
endfacet
facet normal -0.9914448613738085 0.13052619222006637 0.0
  outer loop
    vertex 362.24077172749486 850.5083375041555 -4.511946372076636e-14
    vertex 362.3089200749167 851.0259755943606 8.999999999999826
    vertex 362.3089200749167 851.0259755943606 -2.255973186038318e-14
  endloop
endfacet
facet normal -0.9914448613738086 -0.1305261922200664 0.0
  outer loop
    vertex 362.24077172749486 851.5436136845656 8.999999999999849
    vertex 362.3089200749167 851.0259755943606 -2.255973186038318e-14
    vertex 362.3089200749167 851.0259755943606 8.999999999999826
  endloop
endfacet
facet normal -0.9914448613738086 -0.1305261922200664 0.0
  outer loop
    vertex 362.3089200749167 851.0259755943606 -2.255973186038318e-14
    vertex 362.24077172749486 851.5436136845656 8.999999999999849
    vertex 362.24077172749486 851.5436136845656 -4.511946372076636e-14
  endloop
endfacet
facet normal -0.9238795325112694 -0.38268343236513164 2.7755575615628907e-17
  outer loop
    vertex 362.0409708824856 852.0259755943605 8.999999999999826
    vertex 362.24077172749486 851.5436136845656 -4.511946372076636e-14
    vertex 362.24077172749486 851.5436136845656 8.999999999999849
  endloop
endfacet
facet normal -0.9238795325112694 -0.38268343236513164 2.7755575615628907e-17
  outer loop
    vertex 362.24077172749486 851.5436136845656 -4.511946372076636e-14
    vertex 362.0409708824856 852.0259755943605 8.999999999999826
    vertex 362.0409708824856 852.0259755943605 -2.255973186038318e-14
  endloop
endfacet
facet normal -0.7933533402912197 -0.6087614290087409 -2.7755575615628914e-17
  outer loop
    vertex 361.72313363728983 852.4401891567336 8.999999999999849
    vertex 362.0409708824856 852.0259755943605 -2.255973186038318e-14
    vertex 362.0409708824856 852.0259755943605 8.999999999999826
  endloop
endfacet
facet normal -0.7933533402912197 -0.6087614290087409 -2.7755575615628914e-17
  outer loop
    vertex 362.0409708824856 852.0259755943605 -2.255973186038318e-14
    vertex 361.72313363728983 852.4401891567336 8.999999999999849
    vertex 361.72313363728983 852.4401891567336 -4.511946372076636e-14
  endloop
endfacet
facet normal -0.6087614290089167 -0.7933533402910847 0.0
  outer loop
    vertex 361.72313363728983 852.4401891567336 8.999999999999849
    vertex 361.3089200749167 852.7580264019296 -2.255973186038318e-14
    vertex 361.72313363728983 852.4401891567336 -4.511946372076636e-14
  endloop
endfacet
facet normal -0.6087614290089167 -0.7933533402910847 0.0
  outer loop
    vertex 361.3089200749167 852.7580264019296 -2.255973186038318e-14
    vertex 361.72313363728983 852.4401891567336 8.999999999999849
    vertex 361.3089200749167 852.7580264019296 8.999999999999849
  endloop
endfacet
facet normal -0.3826834323648495 -0.9238795325113862 -2.7755575615628914e-17
  outer loop
    vertex 361.3089200749167 852.7580264019296 8.999999999999849
    vertex 360.82655816512175 852.9578272469387 -2.255973186038318e-14
    vertex 361.3089200749167 852.7580264019296 -2.255973186038318e-14
  endloop
endfacet
facet normal -0.3826834323648495 -0.9238795325113862 -2.7755575615628914e-17
  outer loop
    vertex 360.82655816512175 852.9578272469387 -2.255973186038318e-14
    vertex 361.3089200749167 852.7580264019296 8.999999999999849
    vertex 360.82655816512175 852.9578272469387 8.999999999999849
  endloop
endfacet
facet normal -0.13052619221999262 -0.9914448613738182 6.938893903907228e-18
  outer loop
    vertex 340.8265581651219 558.957827246938 8.999999999999984
    vertex 340.3089200749169 559.0259755943598 -1.127986593019159e-13
    vertex 340.8265581651219 558.957827246938 -1.3535839116229907e-13
  endloop
endfacet
facet normal -0.13052619221999262 -0.9914448613738182 6.938893903907228e-18
  outer loop
    vertex 340.3089200749169 559.0259755943598 -1.127986593019159e-13
    vertex 340.8265581651219 558.957827246938 8.999999999999984
    vertex 340.3089200749169 559.0259755943598 8.999999999999984
  endloop
endfacet
facet normal 0.13052619221999262 -0.9914448613738182 0.0
  outer loop
    vertex 340.3089200749169 559.0259755943598 -1.127986593019159e-13
    vertex 339.7912819847119 558.957827246938 8.999999999999961
    vertex 339.7912819847119 558.957827246938 -1.3535839116229907e-13
  endloop
endfacet
facet normal 0.13052619221999262 -0.9914448613738182 0.0
  outer loop
    vertex 339.7912819847119 558.957827246938 8.999999999999961
    vertex 340.3089200749169 559.0259755943598 -1.127986593019159e-13
    vertex 340.3089200749169 559.0259755943598 8.999999999999984
  endloop
endfacet
facet normal 0.3826834323651444 -0.9238795325112643 -1.3877787807814457e-17
  outer loop
    vertex 339.7912819847119 558.957827246938 8.999999999999961
    vertex 339.3089200749169 558.7580264019286 -1.3535839116229907e-13
    vertex 339.7912819847119 558.957827246938 -1.3535839116229907e-13
  endloop
endfacet
facet normal 0.3826834323651444 -0.9238795325112643 -1.3877787807814457e-17
  outer loop
    vertex 339.3089200749169 558.7580264019286 -1.3535839116229907e-13
    vertex 339.7912819847119 558.957827246938 8.999999999999961
    vertex 339.3089200749169 558.7580264019286 8.999999999999984
  endloop
endfacet
facet normal 0.6087614290086991 -0.7933533402912518 -2.7755575615628914e-17
  outer loop
    vertex 339.3089200749169 558.7580264019286 8.999999999999984
    vertex 338.8947065125438 558.4401891567329 -1.3535839116229907e-13
    vertex 339.3089200749169 558.7580264019286 -1.3535839116229907e-13
  endloop
endfacet
facet normal 0.6087614290086991 -0.7933533402912518 -2.7755575615628914e-17
  outer loop
    vertex 338.8947065125438 558.4401891567329 -1.3535839116229907e-13
    vertex 339.3089200749169 558.7580264019286 8.999999999999984
    vertex 338.8947065125438 558.4401891567329 8.999999999999984
  endloop
endfacet
facet normal 0.7933533402912838 -0.6087614290086574 0.0
  outer loop
    vertex 338.8947065125438 558.4401891567329 -1.3535839116229907e-13
    vertex 338.57686926734806 558.0259755943598 8.999999999999984
    vertex 338.57686926734806 558.0259755943598 -1.127986593019159e-13
  endloop
endfacet
facet normal 0.7933533402912838 -0.6087614290086574 0.0
  outer loop
    vertex 338.57686926734806 558.0259755943598 8.999999999999984
    vertex 338.8947065125438 558.4401891567329 -1.3535839116229907e-13
    vertex 338.8947065125438 558.4401891567329 8.999999999999984
  endloop
endfacet
facet normal 0.9238795325112694 -0.38268343236513175 0.0
  outer loop
    vertex 338.57686926734806 558.0259755943598 -1.127986593019159e-13
    vertex 338.3770684223388 557.5436136845649 8.999999999999961
    vertex 338.3770684223388 557.5436136845649 -1.3535839116229907e-13
  endloop
endfacet
facet normal 0.9238795325112694 -0.38268343236513175 0.0
  outer loop
    vertex 338.3770684223388 557.5436136845649 8.999999999999961
    vertex 338.57686926734806 558.0259755943598 -1.127986593019159e-13
    vertex 338.57686926734806 558.0259755943598 8.999999999999984
  endloop
endfacet
facet normal 0.9914448613738086 -0.13052619222006637 -5.551115123125783e-17
  outer loop
    vertex 338.3770684223388 557.5436136845649 -1.3535839116229907e-13
    vertex 338.3089200749169 557.0259755943598 8.999999999999984
    vertex 338.3089200749169 557.0259755943598 -1.3535839116229907e-13
  endloop
endfacet
facet normal 0.9914448613738086 -0.13052619222006637 -5.551115123125783e-17
  outer loop
    vertex 338.3089200749169 557.0259755943598 8.999999999999984
    vertex 338.3770684223388 557.5436136845649 -1.3535839116229907e-13
    vertex 338.3770684223388 557.5436136845649 8.999999999999961
  endloop
endfacet
facet normal 0.9914448613738085 0.13052619222006637 0.0
  outer loop
    vertex 338.3089200749169 557.0259755943598 -1.3535839116229907e-13
    vertex 338.3770684223388 556.5083375041547 8.999999999999961
    vertex 338.3770684223388 556.5083375041547 -1.3535839116229907e-13
  endloop
endfacet
facet normal 0.9914448613738085 0.13052619222006637 0.0
  outer loop
    vertex 338.3770684223388 556.5083375041547 8.999999999999961
    vertex 338.3089200749169 557.0259755943598 -1.3535839116229907e-13
    vertex 338.3089200749169 557.0259755943598 8.999999999999984
  endloop
endfacet
facet normal 0.9238795325112947 0.3826834323650706 -5.551115123125783e-17
  outer loop
    vertex 338.3770684223388 556.5083375041547 -1.3535839116229907e-13
    vertex 338.57686926734806 556.0259755943598 8.999999999999984
    vertex 338.57686926734806 556.0259755943598 -1.127986593019159e-13
  endloop
endfacet
facet normal 0.9238795325112947 0.3826834323650706 -5.551115123125783e-17
  outer loop
    vertex 338.57686926734806 556.0259755943598 8.999999999999984
    vertex 338.3770684223388 556.5083375041547 -1.3535839116229907e-13
    vertex 338.3770684223388 556.5083375041547 8.999999999999961
  endloop
endfacet
facet normal 0.7933533402912197 0.6087614290087409 2.7755575615628914e-17
  outer loop
    vertex 338.57686926734806 556.0259755943598 -1.127986593019159e-13
    vertex 338.8947065125438 555.6117620319867 8.999999999999984
    vertex 338.8947065125438 555.6117620319867 -1.3535839116229907e-13
  endloop
endfacet
facet normal 0.7933533402912197 0.6087614290087409 2.7755575615628914e-17
  outer loop
    vertex 338.8947065125438 555.6117620319867 8.999999999999984
    vertex 338.57686926734806 556.0259755943598 -1.127986593019159e-13
    vertex 338.57686926734806 556.0259755943598 8.999999999999984
  endloop
endfacet
facet normal 0.6087614290086992 0.7933533402912518 0.0
  outer loop
    vertex 338.8947065125438 555.6117620319867 8.999999999999984
    vertex 339.3089200749169 555.293924786791 -1.3535839116229907e-13
    vertex 338.8947065125438 555.6117620319867 -1.3535839116229907e-13
  endloop
endfacet
facet normal 0.6087614290086992 0.7933533402912518 0.0
  outer loop
    vertex 339.3089200749169 555.293924786791 -1.3535839116229907e-13
    vertex 338.8947065125438 555.6117620319867 8.999999999999984
    vertex 339.3089200749169 555.293924786791 8.999999999999984
  endloop
endfacet
facet normal 0.38268343236514446 0.9238795325112641 0.0
  outer loop
    vertex 339.3089200749169 555.293924786791 8.999999999999984
    vertex 339.7912819847119 555.0941239417816 -1.3535839116229907e-13
    vertex 339.3089200749169 555.293924786791 -1.3535839116229907e-13
  endloop
endfacet
facet normal 0.38268343236514446 0.9238795325112641 0.0
  outer loop
    vertex 339.7912819847119 555.0941239417816 -1.3535839116229907e-13
    vertex 339.3089200749169 555.293924786791 8.999999999999984
    vertex 339.7912819847119 555.0941239417816 8.999999999999961
  endloop
endfacet
facet normal 0.13052619221999262 0.9914448613738182 -6.938893903907228e-18
  outer loop
    vertex 339.7912819847119 555.0941239417816 8.999999999999961
    vertex 340.3089200749169 555.0259755943598 -1.127986593019159e-13
    vertex 339.7912819847119 555.0941239417816 -1.3535839116229907e-13
  endloop
endfacet
facet normal 0.13052619221999262 0.9914448613738182 -6.938893903907228e-18
  outer loop
    vertex 340.3089200749169 555.0259755943598 -1.127986593019159e-13
    vertex 339.7912819847119 555.0941239417816 8.999999999999961
    vertex 340.3089200749169 555.0259755943598 8.999999999999984
  endloop
endfacet
facet normal -0.13052619221999262 0.9914448613738182 0.0
  outer loop
    vertex 340.3089200749169 555.0259755943598 -1.127986593019159e-13
    vertex 340.8265581651219 555.0941239417816 8.999999999999984
    vertex 340.8265581651219 555.0941239417816 -1.3535839116229907e-13
  endloop
endfacet
facet normal -0.13052619221999262 0.9914448613738182 0.0
  outer loop
    vertex 340.8265581651219 555.0941239417816 8.999999999999984
    vertex 340.3089200749169 555.0259755943598 -1.127986593019159e-13
    vertex 340.3089200749169 555.0259755943598 8.999999999999984
  endloop
endfacet
facet normal -0.3826834323651444 0.9238795325112643 1.3877787807814457e-17
  outer loop
    vertex 340.8265581651219 555.0941239417816 8.999999999999984
    vertex 341.3089200749169 555.293924786791 -1.127986593019159e-13
    vertex 340.8265581651219 555.0941239417816 -1.3535839116229907e-13
  endloop
endfacet
facet normal -0.3826834323651444 0.9238795325112643 1.3877787807814457e-17
  outer loop
    vertex 341.3089200749169 555.293924786791 -1.127986593019159e-13
    vertex 340.8265581651219 555.0941239417816 8.999999999999984
    vertex 341.3089200749169 555.293924786791 8.999999999999961
  endloop
endfacet
facet normal -0.6087614290086991 0.7933533402912518 2.7755575615628914e-17
  outer loop
    vertex 341.3089200749169 555.293924786791 -1.127986593019159e-13
    vertex 341.72313363729 555.6117620319867 8.999999999999984
    vertex 341.72313363729 555.6117620319867 -1.3535839116229907e-13
  endloop
endfacet
facet normal -0.6087614290086991 0.7933533402912518 2.7755575615628914e-17
  outer loop
    vertex 341.72313363729 555.6117620319867 8.999999999999984
    vertex 341.3089200749169 555.293924786791 -1.127986593019159e-13
    vertex 341.3089200749169 555.293924786791 8.999999999999961
  endloop
endfacet
facet normal -0.7933533402912838 0.6087614290086574 0.0
  outer loop
    vertex 342.0409708824858 556.0259755943599 8.999999999999984
    vertex 341.72313363729 555.6117620319867 -1.3535839116229907e-13
    vertex 341.72313363729 555.6117620319867 8.999999999999984
  endloop
endfacet
facet normal -0.7933533402912838 0.6087614290086574 0.0
  outer loop
    vertex 341.72313363729 555.6117620319867 -1.3535839116229907e-13
    vertex 342.0409708824858 556.0259755943599 8.999999999999984
    vertex 342.0409708824858 556.0259755943599 -1.5791812302268225e-13
  endloop
endfacet
facet normal -0.9238795325112694 0.38268343236513175 0.0
  outer loop
    vertex 342.24077172749503 556.5083375041547 8.999999999999961
    vertex 342.0409708824858 556.0259755943599 -1.5791812302268225e-13
    vertex 342.0409708824858 556.0259755943599 8.999999999999984
  endloop
endfacet
facet normal -0.9238795325112694 0.38268343236513175 0.0
  outer loop
    vertex 342.0409708824858 556.0259755943599 -1.5791812302268225e-13
    vertex 342.24077172749503 556.5083375041547 8.999999999999961
    vertex 342.24077172749503 556.5083375041547 -1.3535839116229907e-13
  endloop
endfacet
facet normal -0.9914448613738086 0.13052619222006637 5.551115123125783e-17
  outer loop
    vertex 342.3089200749169 557.0259755943598 8.999999999999984
    vertex 342.24077172749503 556.5083375041547 -1.3535839116229907e-13
    vertex 342.24077172749503 556.5083375041547 8.999999999999961
  endloop
endfacet
facet normal -0.9914448613738086 0.13052619222006637 5.551115123125783e-17
  outer loop
    vertex 342.24077172749503 556.5083375041547 -1.3535839116229907e-13
    vertex 342.3089200749169 557.0259755943598 8.999999999999984
    vertex 342.3089200749169 557.0259755943598 -1.3535839116229907e-13
  endloop
endfacet
facet normal -0.9914448613738085 -0.13052619222006637 0.0
  outer loop
    vertex 342.24077172749503 557.5436136845649 8.999999999999961
    vertex 342.3089200749169 557.0259755943598 -1.3535839116229907e-13
    vertex 342.3089200749169 557.0259755943598 8.999999999999984
  endloop
endfacet
facet normal -0.9914448613738085 -0.13052619222006637 0.0
  outer loop
    vertex 342.3089200749169 557.0259755943598 -1.3535839116229907e-13
    vertex 342.24077172749503 557.5436136845649 8.999999999999961
    vertex 342.24077172749503 557.5436136845649 -1.3535839116229907e-13
  endloop
endfacet
facet normal -0.9238795325112947 -0.3826834323650706 5.551115123125783e-17
  outer loop
    vertex 342.0409708824858 558.0259755943599 8.999999999999984
    vertex 342.24077172749503 557.5436136845649 -1.3535839116229907e-13
    vertex 342.24077172749503 557.5436136845649 8.999999999999961
  endloop
endfacet
facet normal -0.9238795325112947 -0.3826834323650706 5.551115123125783e-17
  outer loop
    vertex 342.24077172749503 557.5436136845649 -1.3535839116229907e-13
    vertex 342.0409708824858 558.0259755943599 8.999999999999984
    vertex 342.0409708824858 558.0259755943599 -1.5791812302268225e-13
  endloop
endfacet
facet normal -0.7933533402912197 -0.6087614290087409 -2.7755575615628914e-17
  outer loop
    vertex 341.72313363729 558.4401891567329 8.999999999999984
    vertex 342.0409708824858 558.0259755943599 -1.5791812302268225e-13
    vertex 342.0409708824858 558.0259755943599 8.999999999999984
  endloop
endfacet
facet normal -0.7933533402912197 -0.6087614290087409 -2.7755575615628914e-17
  outer loop
    vertex 342.0409708824858 558.0259755943599 -1.5791812302268225e-13
    vertex 341.72313363729 558.4401891567329 8.999999999999984
    vertex 341.72313363729 558.4401891567329 -1.3535839116229907e-13
  endloop
endfacet
facet normal -0.6087614290086992 -0.7933533402912518 0.0
  outer loop
    vertex 341.72313363729 558.4401891567329 8.999999999999984
    vertex 341.3089200749169 558.7580264019286 -1.127986593019159e-13
    vertex 341.72313363729 558.4401891567329 -1.3535839116229907e-13
  endloop
endfacet
facet normal -0.6087614290086992 -0.7933533402912518 0.0
  outer loop
    vertex 341.3089200749169 558.7580264019286 -1.127986593019159e-13
    vertex 341.72313363729 558.4401891567329 8.999999999999984
    vertex 341.3089200749169 558.7580264019286 8.999999999999984
  endloop
endfacet
facet normal -0.38268343236514446 -0.9238795325112641 0.0
  outer loop
    vertex 341.3089200749169 558.7580264019286 -1.127986593019159e-13
    vertex 340.8265581651219 558.957827246938 8.999999999999984
    vertex 340.8265581651219 558.957827246938 -1.3535839116229907e-13
  endloop
endfacet
facet normal -0.38268343236514446 -0.9238795325112641 0.0
  outer loop
    vertex 340.8265581651219 558.957827246938 8.999999999999984
    vertex 341.3089200749169 558.7580264019286 -1.127986593019159e-13
    vertex 341.3089200749169 558.7580264019286 8.999999999999984
  endloop
endfacet
facet normal 0.13052619221999262 0.9914448613738182 -9.943434964299058e-15
  outer loop
    vertex 339.7912819847119 595.0941239417817 8.999999999999961
    vertex 340.3089200749169 595.0259755943598 -1.3535839116229907e-13
    vertex 339.7912819847119 595.0941239417817 -1.3535839116229907e-13
  endloop
endfacet
facet normal 0.13052619221999262 0.9914448613738182 -9.943434964299058e-15
  outer loop
    vertex 340.3089200749169 595.0259755943598 -1.3535839116229907e-13
    vertex 339.7912819847119 595.0941239417817 8.999999999999961
    vertex 340.3089200749169 595.0259755943599 8.999999999999984
  endloop
endfacet
facet normal -0.13052619221999265 0.9914448613738182 -9.936496070395151e-15
  outer loop
    vertex 340.3089200749169 595.0259755943599 8.999999999999984
    vertex 340.8265581651219 595.0941239417817 -1.3535839116229907e-13
    vertex 340.3089200749169 595.0259755943598 -1.3535839116229907e-13
  endloop
endfacet
facet normal -0.13052619221999265 0.9914448613738182 -9.936496070395151e-15
  outer loop
    vertex 340.8265581651219 595.0941239417817 -1.3535839116229907e-13
    vertex 340.3089200749169 595.0259755943599 8.999999999999984
    vertex 340.8265581651219 595.0941239417817 8.999999999999961
  endloop
endfacet
facet normal -0.3826834323651444 0.9238795325112643 -9.256484467812243e-15
  outer loop
    vertex 340.8265581651219 595.0941239417817 8.999999999999961
    vertex 341.3089200749169 595.293924786791 -1.3535839116229907e-13
    vertex 340.8265581651219 595.0941239417817 -1.3535839116229907e-13
  endloop
endfacet
facet normal -0.3826834323651444 0.9238795325112643 -9.256484467812243e-15
  outer loop
    vertex 341.3089200749169 595.293924786791 -1.3535839116229907e-13
    vertex 340.8265581651219 595.0941239417817 8.999999999999961
    vertex 341.3089200749169 595.2939247867911 8.999999999999961
  endloop
endfacet
facet normal -0.608761429008699 0.7933533402912517 -7.910339050454239e-15
  outer loop
    vertex 341.3089200749169 595.2939247867911 8.999999999999961
    vertex 341.72313363729 595.6117620319867 -1.3535839116229907e-13
    vertex 341.3089200749169 595.293924786791 -1.3535839116229907e-13
  endloop
endfacet
facet normal -0.608761429008699 0.7933533402912517 -7.910339050454239e-15
  outer loop
    vertex 341.72313363729 595.6117620319867 -1.3535839116229907e-13
    vertex 341.3089200749169 595.2939247867911 8.999999999999961
    vertex 341.72313363729 595.6117620319868 8.999999999999984
  endloop
endfacet
facet normal -0.7933533402912839 0.6087614290086573 -6.050715484207103e-15
  outer loop
    vertex 341.72313363729 595.6117620319868 8.999999999999984
    vertex 342.0409708824858 596.0259755943599 -1.3535839116229907e-13
    vertex 341.72313363729 595.6117620319867 -1.3535839116229907e-13
  endloop
endfacet
facet normal -0.7933533402912839 0.6087614290086573 -6.050715484207103e-15
  outer loop
    vertex 342.0409708824858 596.0259755943599 -1.3535839116229907e-13
    vertex 341.72313363729 595.6117620319868 8.999999999999984
    vertex 342.0409708824858 596.02597559436 8.999999999999984
  endloop
endfacet
facet normal -0.9238795325112694 0.3826834323651318 -3.802513859341161e-15
  outer loop
    vertex 342.0409708824858 596.02597559436 8.999999999999984
    vertex 342.24077172749503 596.5083375041547 -1.3535839116229907e-13
    vertex 342.0409708824858 596.0259755943599 -1.3535839116229907e-13
  endloop
endfacet
facet normal -0.9238795325112694 0.3826834323651318 -3.802513859341161e-15
  outer loop
    vertex 342.24077172749503 596.5083375041547 -1.3535839116229907e-13
    vertex 342.0409708824858 596.02597559436 8.999999999999984
    vertex 342.24077172749503 596.5083375041548 8.999999999999984
  endloop
endfacet
facet normal -0.9914448613738086 0.13052619222006637 -1.27675647831893e-15
  outer loop
    vertex 342.24077172749503 596.5083375041548 8.999999999999984
    vertex 342.3089200749169 597.0259755943598 -1.3535839116229907e-13
    vertex 342.24077172749503 596.5083375041547 -1.3535839116229907e-13
  endloop
endfacet
facet normal -0.9914448613738086 0.13052619222006637 -1.27675647831893e-15
  outer loop
    vertex 342.3089200749169 597.0259755943598 -1.3535839116229907e-13
    vertex 342.24077172749503 596.5083375041548 8.999999999999984
    vertex 342.3089200749169 597.0259755943599 8.999999999999961
  endloop
endfacet
facet normal -0.9914448613738085 -0.13052619222006637 1.3322676295501875e-15
  outer loop
    vertex 342.3089200749169 597.0259755943599 8.999999999999961
    vertex 342.24077172749503 597.5436136845649 -1.3535839116229907e-13
    vertex 342.3089200749169 597.0259755943598 -1.3535839116229907e-13
  endloop
endfacet
facet normal -0.9914448613738085 -0.13052619222006637 1.3322676295501875e-15
  outer loop
    vertex 342.24077172749503 597.5436136845649 -1.3535839116229907e-13
    vertex 342.3089200749169 597.0259755943599 8.999999999999961
    vertex 342.24077172749503 597.543613684565 8.999999999999984
  endloop
endfacet
facet normal -0.9238795325112946 -0.3826834323650706 3.858025010572419e-15
  outer loop
    vertex 342.24077172749503 597.543613684565 8.999999999999984
    vertex 342.0409708824858 598.0259755943599 -1.3535839116229907e-13
    vertex 342.24077172749503 597.5436136845649 -1.3535839116229907e-13
  endloop
endfacet
facet normal -0.9238795325112946 -0.3826834323650706 3.858025010572419e-15
  outer loop
    vertex 342.0409708824858 598.0259755943599 -1.3535839116229907e-13
    vertex 342.24077172749503 597.543613684565 8.999999999999984
    vertex 342.0409708824858 598.02597559436 8.999999999999984
  endloop
endfacet
facet normal -0.7933533402912198 -0.6087614290087409 6.078471059822734e-15
  outer loop
    vertex 342.0409708824858 598.02597559436 8.999999999999984
    vertex 341.72313363729 598.4401891567329 -1.3535839116229907e-13
    vertex 342.0409708824858 598.0259755943599 -1.3535839116229907e-13
  endloop
endfacet
facet normal -0.7933533402912198 -0.6087614290087409 6.078471059822734e-15
  outer loop
    vertex 341.72313363729 598.4401891567329 -1.3535839116229907e-13
    vertex 342.0409708824858 598.02597559436 8.999999999999984
    vertex 341.72313363729 598.440189156733 8.999999999999984
  endloop
endfacet
facet normal -0.608761429008699 -0.7933533402912517 7.965850201685497e-15
  outer loop
    vertex 341.72313363729 598.440189156733 8.999999999999984
    vertex 341.3089200749169 598.7580264019288 -1.127986593019159e-13
    vertex 341.72313363729 598.4401891567329 -1.3535839116229907e-13
  endloop
endfacet
facet normal -0.608761429008699 -0.7933533402912517 7.965850201685497e-15
  outer loop
    vertex 341.3089200749169 598.7580264019288 -1.127986593019159e-13
    vertex 341.72313363729 598.440189156733 8.999999999999984
    vertex 341.3089200749169 598.7580264019288 8.999999999999961
  endloop
endfacet
facet normal -0.38268343236514446 -0.9238795325112641 9.256484467812243e-15
  outer loop
    vertex 341.3089200749169 598.7580264019288 8.999999999999961
    vertex 340.8265581651219 598.957827246938 -1.127986593019159e-13
    vertex 341.3089200749169 598.7580264019288 -1.127986593019159e-13
  endloop
endfacet
facet normal -0.38268343236514446 -0.9238795325112641 9.256484467812243e-15
  outer loop
    vertex 340.8265581651219 598.957827246938 -1.127986593019159e-13
    vertex 341.3089200749169 598.7580264019288 8.999999999999961
    vertex 340.8265581651219 598.9578272469381 8.999999999999961
  endloop
endfacet
facet normal -0.13052619221999265 -0.9914448613738182 9.943434964299058e-15
  outer loop
    vertex 340.8265581651219 598.957827246938 -1.127986593019159e-13
    vertex 340.3089200749169 599.0259755943599 8.999999999999984
    vertex 340.3089200749169 599.0259755943598 -1.3535839116229907e-13
  endloop
endfacet
facet normal -0.13052619221999265 -0.9914448613738182 9.943434964299058e-15
  outer loop
    vertex 340.3089200749169 599.0259755943599 8.999999999999984
    vertex 340.8265581651219 598.957827246938 -1.127986593019159e-13
    vertex 340.8265581651219 598.9578272469381 8.999999999999961
  endloop
endfacet
facet normal 0.13052619221999265 -0.9914448613738182 9.936496070395151e-15
  outer loop
    vertex 340.3089200749169 599.0259755943599 8.999999999999984
    vertex 339.7912819847119 598.957827246938 -1.3535839116229907e-13
    vertex 340.3089200749169 599.0259755943598 -1.3535839116229907e-13
  endloop
endfacet
facet normal 0.13052619221999265 -0.9914448613738182 9.936496070395151e-15
  outer loop
    vertex 339.7912819847119 598.957827246938 -1.3535839116229907e-13
    vertex 340.3089200749169 599.0259755943599 8.999999999999984
    vertex 339.7912819847119 598.9578272469381 8.999999999999961
  endloop
endfacet
facet normal 0.3826834323651444 -0.9238795325112643 9.256484467812243e-15
  outer loop
    vertex 339.7912819847119 598.9578272469381 8.999999999999961
    vertex 339.3089200749169 598.7580264019288 -1.127986593019159e-13
    vertex 339.7912819847119 598.957827246938 -1.3535839116229907e-13
  endloop
endfacet
facet normal 0.3826834323651444 -0.9238795325112643 9.256484467812243e-15
  outer loop
    vertex 339.3089200749169 598.7580264019288 -1.127986593019159e-13
    vertex 339.7912819847119 598.9578272469381 8.999999999999961
    vertex 339.3089200749169 598.7580264019288 8.999999999999961
  endloop
endfacet
facet normal 0.608761429008699 -0.7933533402912517 7.938094626069868e-15
  outer loop
    vertex 339.3089200749169 598.7580264019288 -1.127986593019159e-13
    vertex 338.8947065125438 598.440189156733 8.999999999999938
    vertex 338.8947065125438 598.4401891567329 -1.3535839116229907e-13
  endloop
endfacet
facet normal 0.608761429008699 -0.7933533402912517 7.938094626069868e-15
  outer loop
    vertex 338.8947065125438 598.440189156733 8.999999999999938
    vertex 339.3089200749169 598.7580264019288 -1.127986593019159e-13
    vertex 339.3089200749169 598.7580264019288 8.999999999999961
  endloop
endfacet
facet normal 0.7933533402912839 -0.6087614290086574 6.050715484207103e-15
  outer loop
    vertex 338.8947065125438 598.4401891567329 -1.3535839116229907e-13
    vertex 338.57686926734806 598.0259755943599 8.999999999999961
    vertex 338.57686926734806 598.0259755943598 -1.127986593019159e-13
  endloop
endfacet
facet normal 0.7933533402912839 -0.6087614290086574 6.050715484207103e-15
  outer loop
    vertex 338.57686926734806 598.0259755943599 8.999999999999961
    vertex 338.8947065125438 598.4401891567329 -1.3535839116229907e-13
    vertex 338.8947065125438 598.440189156733 8.999999999999938
  endloop
endfacet
facet normal 0.9238795325112694 -0.38268343236513186 3.802513859341161e-15
  outer loop
    vertex 338.57686926734806 598.0259755943598 -1.127986593019159e-13
    vertex 338.3770684223388 597.543613684565 8.999999999999984
    vertex 338.3770684223388 597.5436136845649 -1.3535839116229907e-13
  endloop
endfacet
facet normal 0.9238795325112694 -0.38268343236513186 3.802513859341161e-15
  outer loop
    vertex 338.3770684223388 597.543613684565 8.999999999999984
    vertex 338.57686926734806 598.0259755943598 -1.127986593019159e-13
    vertex 338.57686926734806 598.0259755943599 8.999999999999961
  endloop
endfacet
facet normal 0.9914448613738086 -0.13052619222006637 1.27675647831893e-15
  outer loop
    vertex 338.3770684223388 597.5436136845649 -1.3535839116229907e-13
    vertex 338.3089200749169 597.0259755943599 8.999999999999984
    vertex 338.3089200749169 597.0259755943598 -1.3535839116229907e-13
  endloop
endfacet
facet normal 0.9914448613738086 -0.13052619222006637 1.27675647831893e-15
  outer loop
    vertex 338.3089200749169 597.0259755943599 8.999999999999984
    vertex 338.3770684223388 597.5436136845649 -1.3535839116229907e-13
    vertex 338.3770684223388 597.543613684565 8.999999999999984
  endloop
endfacet
facet normal 0.9914448613738085 0.13052619222006637 -1.3322676295501875e-15
  outer loop
    vertex 338.3089200749169 597.0259755943598 -1.3535839116229907e-13
    vertex 338.3770684223388 596.5083375041548 8.999999999999984
    vertex 338.3770684223388 596.5083375041547 -1.3535839116229907e-13
  endloop
endfacet
facet normal 0.9914448613738085 0.13052619222006637 -1.3322676295501875e-15
  outer loop
    vertex 338.3770684223388 596.5083375041548 8.999999999999984
    vertex 338.3089200749169 597.0259755943598 -1.3535839116229907e-13
    vertex 338.3089200749169 597.0259755943599 8.999999999999984
  endloop
endfacet
facet normal 0.9238795325112946 0.3826834323650706 -3.858025010572419e-15
  outer loop
    vertex 338.3770684223388 596.5083375041547 -1.3535839116229907e-13
    vertex 338.57686926734806 596.0259755943599 8.999999999999961
    vertex 338.57686926734806 596.0259755943598 -1.127986593019159e-13
  endloop
endfacet
facet normal 0.9238795325112946 0.3826834323650706 -3.858025010572419e-15
  outer loop
    vertex 338.57686926734806 596.0259755943599 8.999999999999961
    vertex 338.3770684223388 596.5083375041547 -1.3535839116229907e-13
    vertex 338.3770684223388 596.5083375041548 8.999999999999984
  endloop
endfacet
facet normal 0.7933533402912198 0.6087614290087409 -6.078471059822734e-15
  outer loop
    vertex 338.57686926734806 596.0259755943598 -1.127986593019159e-13
    vertex 338.8947065125438 595.6117620319868 8.999999999999938
    vertex 338.8947065125438 595.6117620319867 -1.3535839116229907e-13
  endloop
endfacet
facet normal 0.7933533402912198 0.6087614290087409 -6.078471059822734e-15
  outer loop
    vertex 338.8947065125438 595.6117620319868 8.999999999999938
    vertex 338.57686926734806 596.0259755943598 -1.127986593019159e-13
    vertex 338.57686926734806 596.0259755943599 8.999999999999961
  endloop
endfacet
facet normal 0.608761429008699 0.7933533402912517 -7.938094626069868e-15
  outer loop
    vertex 338.8947065125438 595.6117620319868 8.999999999999938
    vertex 339.3089200749169 595.293924786791 -1.127986593019159e-13
    vertex 338.8947065125438 595.6117620319867 -1.3535839116229907e-13
  endloop
endfacet
facet normal 0.608761429008699 0.7933533402912517 -7.938094626069868e-15
  outer loop
    vertex 339.3089200749169 595.293924786791 -1.127986593019159e-13
    vertex 338.8947065125438 595.6117620319868 8.999999999999938
    vertex 339.3089200749169 595.2939247867911 8.999999999999961
  endloop
endfacet
facet normal 0.38268343236514446 0.9238795325112641 -9.256484467812243e-15
  outer loop
    vertex 339.3089200749169 595.293924786791 -1.127986593019159e-13
    vertex 339.7912819847119 595.0941239417817 8.999999999999961
    vertex 339.7912819847119 595.0941239417817 -1.3535839116229907e-13
  endloop
endfacet
facet normal 0.38268343236514446 0.9238795325112641 -9.256484467812243e-15
  outer loop
    vertex 339.7912819847119 595.0941239417817 8.999999999999961
    vertex 339.3089200749169 595.293924786791 -1.127986593019159e-13
    vertex 339.3089200749169 595.2939247867911 8.999999999999961
  endloop
endfacet
facet normal 0.0 2.5200594546549895e-16 1.0
  outer loop
    vertex 331.6155876383153 554.6966041884372 8.999999999999984
    vertex 331.3089200749169 597.0259755943599 8.999999999999984
    vertex 331.3089200749169 557.0259755943598 8.999999999999984
  endloop
endfacet
facet normal 0.0 2.5200594546549895e-16 1.0
  outer loop
    vertex 331.3089200749169 597.0259755943599 8.999999999999984
    vertex 331.6155876383153 554.6966041884372 8.999999999999984
    vertex 331.6155876383153 599.3553470002827 8.999999999999984
  endloop
endfacet
facet normal 0.0 2.5200594546549895e-16 1.0
  outer loop
    vertex 331.6155876383153 599.3553470002827 8.999999999999984
    vertex 331.6155876383153 554.6966041884372 8.999999999999984
    vertex 332.51469144085695 552.5259755943598 8.999999999999984
  endloop
endfacet
facet normal 0.0 2.5200594546549895e-16 1.0
  outer loop
    vertex 331.6155876383153 599.3553470002827 8.999999999999984
    vertex 332.51469144085695 552.5259755943598 8.999999999999984
    vertex 332.51469144085695 601.5259755943599 8.999999999999961
  endloop
endfacet
facet normal 0.0 2.5200594546549895e-16 1.0
  outer loop
    vertex 332.51469144085695 601.5259755943599 8.999999999999961
    vertex 332.51469144085695 552.5259755943598 8.999999999999984
    vertex 333.944959044238 550.6620145636808 8.999999999999984
  endloop
endfacet
facet normal 0.0 2.5200594546549895e-16 1.0
  outer loop
    vertex 332.51469144085695 601.5259755943599 8.999999999999961
    vertex 333.944959044238 550.6620145636808 8.999999999999984
    vertex 333.944959044238 603.3899366250389 8.999999999999961
  endloop
endfacet
facet normal 0.0 2.5200594546549895e-16 1.0
  outer loop
    vertex 333.944959044238 603.3899366250389 8.999999999999961
    vertex 333.944959044238 550.6620145636808 8.999999999999984
    vertex 335.8089200749169 549.2317469602999 8.999999999999961
  endloop
endfacet
facet normal 0.0 2.5200594546549895e-16 1.0
  outer loop
    vertex 333.944959044238 603.3899366250389 8.999999999999961
    vertex 335.8089200749169 549.2317469602999 8.999999999999961
    vertex 335.8089200749169 604.8202042284199 8.999999999999961
  endloop
endfacet
facet normal 0.0 2.5200594546549895e-16 1.0
  outer loop
    vertex 335.8089200749169 604.8202042284199 8.999999999999961
    vertex 335.8089200749169 549.2317469602999 8.999999999999961
    vertex 337.9795486689942 548.3326431577582 8.999999999999961
  endloop
endfacet
facet normal 0.0 2.5200594546549895e-16 1.0
  outer loop
    vertex 335.8089200749169 604.8202042284199 8.999999999999961
    vertex 337.9795486689942 548.3326431577582 8.999999999999961
    vertex 337.97954866899425 605.7193080309615 8.999999999999961
  endloop
endfacet
facet normal 0.0 2.5200594546549895e-16 1.0
  outer loop
    vertex 337.97954866899425 605.7193080309615 8.999999999999961
    vertex 337.9795486689942 548.3326431577582 8.999999999999961
    vertex 338.3089200749169 557.0259755943598 8.999999999999984
  endloop
endfacet
facet normal 0.0 2.5200594546549895e-16 1.0
  outer loop
    vertex 338.3089200749169 557.0259755943598 8.999999999999984
    vertex 337.9795486689942 548.3326431577582 8.999999999999961
    vertex 338.3770684223388 556.5083375041547 8.999999999999961
  endloop
endfacet
facet normal 0.0 2.5200594546549895e-16 1.0
  outer loop
    vertex 338.3770684223388 556.5083375041547 8.999999999999961
    vertex 337.9795486689942 548.3326431577582 8.999999999999961
    vertex 340.3089200749169 548.0259755943598 8.999999999999984
  endloop
endfacet
facet normal 0.0 2.5200594546549895e-16 1.0
  outer loop
    vertex 338.3770684223388 556.5083375041547 8.999999999999961
    vertex 340.3089200749169 548.0259755943598 8.999999999999984
    vertex 338.57686926734806 556.0259755943598 8.999999999999984
  endloop
endfacet
facet normal 0.0 2.5200594546549895e-16 1.0
  outer loop
    vertex 338.57686926734806 556.0259755943598 8.999999999999984
    vertex 340.3089200749169 548.0259755943598 8.999999999999984
    vertex 338.8947065125438 555.6117620319867 8.999999999999984
  endloop
endfacet
facet normal 0.0 2.5200594546549895e-16 1.0
  outer loop
    vertex 338.8947065125438 555.6117620319867 8.999999999999984
    vertex 340.3089200749169 548.0259755943598 8.999999999999984
    vertex 339.3089200749169 555.293924786791 8.999999999999984
  endloop
endfacet
facet normal 0.0 2.5200594546549895e-16 1.0
  outer loop
    vertex 339.3089200749169 555.293924786791 8.999999999999984
    vertex 340.3089200749169 548.0259755943598 8.999999999999984
    vertex 339.7912819847119 555.0941239417816 8.999999999999961
  endloop
endfacet
facet normal 0.0 2.5200594546549895e-16 1.0
  outer loop
    vertex 339.7912819847119 555.0941239417816 8.999999999999961
    vertex 340.3089200749169 548.0259755943598 8.999999999999984
    vertex 340.3089200749169 555.0259755943598 8.999999999999984
  endloop
endfacet
facet normal 0.0 2.5200594546549895e-16 1.0
  outer loop
    vertex 340.3089200749169 555.0259755943598 8.999999999999984
    vertex 340.3089200749169 548.0259755943598 8.999999999999984
    vertex 342.6382914808396 548.3326431577582 8.999999999999984
  endloop
endfacet
facet normal 0.0 2.5200594546549895e-16 1.0
  outer loop
    vertex 340.3089200749169 555.0259755943598 8.999999999999984
    vertex 342.6382914808396 548.3326431577582 8.999999999999984
    vertex 340.8265581651219 555.0941239417816 8.999999999999984
  endloop
endfacet
facet normal 0.0 2.5200594546549895e-16 1.0
  outer loop
    vertex 340.8265581651219 555.0941239417816 8.999999999999984
    vertex 342.6382914808396 548.3326431577582 8.999999999999984
    vertex 341.3089200749169 555.293924786791 8.999999999999961
  endloop
endfacet
facet normal 0.0 2.5200594546549895e-16 1.0
  outer loop
    vertex 341.3089200749169 555.293924786791 8.999999999999961
    vertex 342.6382914808396 548.3326431577582 8.999999999999984
    vertex 341.72313363729 555.6117620319867 8.999999999999984
  endloop
endfacet
facet normal 0.0 2.5200594546549895e-16 1.0
  outer loop
    vertex 341.72313363729 555.6117620319867 8.999999999999984
    vertex 342.6382914808396 548.3326431577582 8.999999999999984
    vertex 342.0409708824858 556.0259755943599 8.999999999999984
  endloop
endfacet
facet normal 0.0 2.5200594546549895e-16 1.0
  outer loop
    vertex 342.0409708824858 556.0259755943599 8.999999999999984
    vertex 342.6382914808396 548.3326431577582 8.999999999999984
    vertex 342.24077172749503 556.5083375041547 8.999999999999961
  endloop
endfacet
facet normal 0.0 2.5200594546549895e-16 1.0
  outer loop
    vertex 342.24077172749503 556.5083375041547 8.999999999999961
    vertex 342.6382914808396 548.3326431577582 8.999999999999984
    vertex 342.3089200749169 557.0259755943598 8.999999999999984
  endloop
endfacet
facet normal 0.0 2.5200594546549895e-16 1.0
  outer loop
    vertex 342.3089200749169 557.0259755943598 8.999999999999984
    vertex 342.6382914808396 548.3326431577582 8.999999999999984
    vertex 342.3089200749169 597.0259755943599 8.999999999999961
  endloop
endfacet
facet normal 0.0 2.5200594546549895e-16 1.0
  outer loop
    vertex 337.97954866899425 605.7193080309615 8.999999999999961
    vertex 338.3770684223388 597.543613684565 8.999999999999984
    vertex 340.3089200749169 606.0259755943599 8.999999999999961
  endloop
endfacet
facet normal 0.0 2.5200594546549895e-16 1.0
  outer loop
    vertex 338.3770684223388 597.543613684565 8.999999999999984
    vertex 337.97954866899425 605.7193080309615 8.999999999999961
    vertex 338.3089200749169 597.0259755943599 8.999999999999984
  endloop
endfacet
facet normal 0.0 2.5200594546549895e-16 1.0
  outer loop
    vertex 338.3089200749169 597.0259755943599 8.999999999999984
    vertex 337.97954866899425 605.7193080309615 8.999999999999961
    vertex 338.3089200749169 557.0259755943598 8.999999999999984
  endloop
endfacet
facet normal 0.0 2.5200594546549895e-16 1.0
  outer loop
    vertex 340.3089200749169 606.0259755943599 8.999999999999961
    vertex 338.3770684223388 597.543613684565 8.999999999999984
    vertex 338.57686926734806 598.0259755943599 8.999999999999961
  endloop
endfacet
facet normal 0.0 2.5200594546549895e-16 1.0
  outer loop
    vertex 340.3089200749169 606.0259755943599 8.999999999999961
    vertex 338.57686926734806 598.0259755943599 8.999999999999961
    vertex 338.8947065125438 598.440189156733 8.999999999999938
  endloop
endfacet
facet normal 0.0 2.5200594546549895e-16 1.0
  outer loop
    vertex 340.3089200749169 606.0259755943599 8.999999999999961
    vertex 338.8947065125438 598.440189156733 8.999999999999938
    vertex 339.3089200749169 598.7580264019288 8.999999999999961
  endloop
endfacet
facet normal 0.0 2.5200594546549895e-16 1.0
  outer loop
    vertex 340.3089200749169 606.0259755943599 8.999999999999961
    vertex 339.3089200749169 598.7580264019288 8.999999999999961
    vertex 339.7912819847119 598.9578272469381 8.999999999999961
  endloop
endfacet
facet normal 0.0 2.5200594546549895e-16 1.0
  outer loop
    vertex 340.3089200749169 606.0259755943599 8.999999999999961
    vertex 339.7912819847119 598.9578272469381 8.999999999999961
    vertex 340.3089200749169 599.0259755943599 8.999999999999984
  endloop
endfacet
facet normal 0.0 2.5200594546549895e-16 1.0
  outer loop
    vertex 340.3089200749169 606.0259755943599 8.999999999999961
    vertex 340.3089200749169 599.0259755943599 8.999999999999984
    vertex 340.8265581651219 598.9578272469381 8.999999999999961
  endloop
endfacet
facet normal 0.0 2.5200594546549895e-16 1.0
  outer loop
    vertex 340.3089200749169 606.0259755943599 8.999999999999961
    vertex 340.8265581651219 598.9578272469381 8.999999999999961
    vertex 342.63829148083965 605.7193080309615 8.999999999999938
  endloop
endfacet
facet normal 0.0 2.5200594546549895e-16 1.0
  outer loop
    vertex 342.63829148083965 605.7193080309615 8.999999999999938
    vertex 340.8265581651219 598.9578272469381 8.999999999999961
    vertex 341.3089200749169 598.7580264019288 8.999999999999961
  endloop
endfacet
facet normal 0.0 2.5200594546549895e-16 1.0
  outer loop
    vertex 342.63829148083965 605.7193080309615 8.999999999999938
    vertex 341.3089200749169 598.7580264019288 8.999999999999961
    vertex 341.72313363729 598.440189156733 8.999999999999984
  endloop
endfacet
facet normal 0.0 2.5200594546549895e-16 1.0
  outer loop
    vertex 342.63829148083965 605.7193080309615 8.999999999999938
    vertex 341.72313363729 598.440189156733 8.999999999999984
    vertex 342.0409708824858 598.02597559436 8.999999999999984
  endloop
endfacet
facet normal 0.0 2.5200594546549895e-16 1.0
  outer loop
    vertex 342.63829148083965 605.7193080309615 8.999999999999938
    vertex 342.0409708824858 598.02597559436 8.999999999999984
    vertex 342.24077172749503 597.543613684565 8.999999999999984
  endloop
endfacet
facet normal 0.0 2.5200594546549895e-16 1.0
  outer loop
    vertex 342.63829148083965 605.7193080309615 8.999999999999938
    vertex 342.24077172749503 597.543613684565 8.999999999999984
    vertex 342.3089200749169 597.0259755943599 8.999999999999961
  endloop
endfacet
facet normal 0.0 2.5200594546549895e-16 1.0
  outer loop
    vertex 342.63829148083965 605.7193080309615 8.999999999999938
    vertex 342.3089200749169 597.0259755943599 8.999999999999961
    vertex 342.6382914808396 548.3326431577582 8.999999999999984
  endloop
endfacet
facet normal 0.0 2.5200594546549895e-16 1.0
  outer loop
    vertex 342.63829148083965 605.7193080309615 8.999999999999938
    vertex 342.6382914808396 548.3326431577582 8.999999999999984
    vertex 344.80892007491695 549.2317469602999 8.999999999999961
  endloop
endfacet
facet normal 0.0 2.5200594546549895e-16 1.0
  outer loop
    vertex 342.63829148083965 605.7193080309615 8.999999999999938
    vertex 344.80892007491695 549.2317469602999 8.999999999999961
    vertex 344.80892007491695 604.8202042284199 8.999999999999938
  endloop
endfacet
facet normal 0.0 2.5200594546549895e-16 1.0
  outer loop
    vertex 344.80892007491695 604.8202042284199 8.999999999999938
    vertex 344.80892007491695 549.2317469602999 8.999999999999961
    vertex 346.6728811055959 603.3899366250389 8.999999999999961
  endloop
endfacet
facet normal 0.0 2.5200594546549895e-16 1.0
  outer loop
    vertex 346.6728811055959 603.3899366250389 8.999999999999961
    vertex 344.80892007491695 549.2317469602999 8.999999999999961
    vertex 346.6728811055959 550.6620145636808 8.999999999999984
  endloop
endfacet
facet normal 0.0 2.5200594546549895e-16 1.0
  outer loop
    vertex 346.6728811055959 603.3899366250389 8.999999999999961
    vertex 346.6728811055959 550.6620145636808 8.999999999999984
    vertex 348.1031487089769 601.5259755943599 8.999999999999984
  endloop
endfacet
facet normal 0.0 2.5200594546549895e-16 1.0
  outer loop
    vertex 348.1031487089769 601.5259755943599 8.999999999999984
    vertex 346.6728811055959 550.6620145636808 8.999999999999984
    vertex 348.1031487089769 552.5259755943598 8.999999999999984
  endloop
endfacet
facet normal 0.0 2.5200594546549895e-16 1.0
  outer loop
    vertex 348.1031487089769 601.5259755943599 8.999999999999984
    vertex 348.1031487089769 552.5259755943598 8.999999999999984
    vertex 349.0022525115186 554.6966041884372 8.999999999999984
  endloop
endfacet
facet normal 0.0 2.5200594546549895e-16 1.0
  outer loop
    vertex 348.1031487089769 601.5259755943599 8.999999999999984
    vertex 349.0022525115186 554.6966041884372 8.999999999999984
    vertex 349.0022525115186 599.3553470002827 8.999999999999961
  endloop
endfacet
facet normal 0.0 2.5200594546549895e-16 1.0
  outer loop
    vertex 349.0022525115186 599.3553470002827 8.999999999999961
    vertex 349.0022525115186 554.6966041884372 8.999999999999984
    vertex 349.30892007491695 557.0259755943598 9.000000000000005
  endloop
endfacet
facet normal 0.0 2.5200594546549895e-16 1.0
  outer loop
    vertex 349.0022525115186 599.3553470002827 8.999999999999961
    vertex 349.30892007491695 557.0259755943598 9.000000000000005
    vertex 349.30892007491695 597.0259755943599 8.999999999999961
  endloop
endfacet
facet normal 0.0 2.5200594546549895e-16 1.0
  outer loop
    vertex 338.3770684223388 557.5436136845649 8.999999999999961
    vertex 338.3089200749169 597.0259755943599 8.999999999999984
    vertex 338.3089200749169 557.0259755943598 8.999999999999984
  endloop
endfacet
facet normal 0.0 2.5200594546549895e-16 1.0
  outer loop
    vertex 338.3089200749169 597.0259755943599 8.999999999999984
    vertex 338.3770684223388 557.5436136845649 8.999999999999961
    vertex 338.3770684223388 596.5083375041548 8.999999999999984
  endloop
endfacet
facet normal 0.0 2.5200594546549895e-16 1.0
  outer loop
    vertex 338.3770684223388 596.5083375041548 8.999999999999984
    vertex 338.3770684223388 557.5436136845649 8.999999999999961
    vertex 338.57686926734806 558.0259755943598 8.999999999999984
  endloop
endfacet
facet normal 0.0 2.5200594546549895e-16 1.0
  outer loop
    vertex 338.3770684223388 596.5083375041548 8.999999999999984
    vertex 338.57686926734806 558.0259755943598 8.999999999999984
    vertex 338.57686926734806 596.0259755943599 8.999999999999961
  endloop
endfacet
facet normal 0.0 2.5200594546549895e-16 1.0
  outer loop
    vertex 338.57686926734806 596.0259755943599 8.999999999999961
    vertex 338.57686926734806 558.0259755943598 8.999999999999984
    vertex 338.8947065125438 558.4401891567329 8.999999999999984
  endloop
endfacet
facet normal 0.0 2.5200594546549895e-16 1.0
  outer loop
    vertex 338.57686926734806 596.0259755943599 8.999999999999961
    vertex 338.8947065125438 558.4401891567329 8.999999999999984
    vertex 338.8947065125438 595.6117620319868 8.999999999999938
  endloop
endfacet
facet normal 0.0 2.5200594546549895e-16 1.0
  outer loop
    vertex 338.8947065125438 595.6117620319868 8.999999999999938
    vertex 338.8947065125438 558.4401891567329 8.999999999999984
    vertex 339.3089200749169 558.7580264019286 8.999999999999984
  endloop
endfacet
facet normal 0.0 2.5200594546549895e-16 1.0
  outer loop
    vertex 338.8947065125438 595.6117620319868 8.999999999999938
    vertex 339.3089200749169 558.7580264019286 8.999999999999984
    vertex 339.3089200749169 595.2939247867911 8.999999999999961
  endloop
endfacet
facet normal 0.0 2.5200594546549895e-16 1.0
  outer loop
    vertex 339.3089200749169 595.2939247867911 8.999999999999961
    vertex 339.3089200749169 558.7580264019286 8.999999999999984
    vertex 339.7912819847119 558.957827246938 8.999999999999961
  endloop
endfacet
facet normal 0.0 2.5200594546549895e-16 1.0
  outer loop
    vertex 339.3089200749169 595.2939247867911 8.999999999999961
    vertex 339.7912819847119 558.957827246938 8.999999999999961
    vertex 339.7912819847119 595.0941239417817 8.999999999999961
  endloop
endfacet
facet normal 0.0 2.5200594546549895e-16 1.0
  outer loop
    vertex 339.7912819847119 595.0941239417817 8.999999999999961
    vertex 339.7912819847119 558.957827246938 8.999999999999961
    vertex 340.3089200749169 595.0259755943599 8.999999999999984
  endloop
endfacet
facet normal 0.0 2.5200594546549895e-16 1.0
  outer loop
    vertex 340.3089200749169 595.0259755943599 8.999999999999984
    vertex 339.7912819847119 558.957827246938 8.999999999999961
    vertex 340.3089200749169 559.0259755943598 8.999999999999984
  endloop
endfacet
facet normal 0.0 2.5200594546549895e-16 1.0
  outer loop
    vertex 340.3089200749169 595.0259755943599 8.999999999999984
    vertex 340.3089200749169 559.0259755943598 8.999999999999984
    vertex 340.8265581651219 558.957827246938 8.999999999999984
  endloop
endfacet
facet normal 0.0 2.5200594546549895e-16 1.0
  outer loop
    vertex 340.3089200749169 595.0259755943599 8.999999999999984
    vertex 340.8265581651219 558.957827246938 8.999999999999984
    vertex 340.8265581651219 595.0941239417817 8.999999999999961
  endloop
endfacet
facet normal 0.0 2.5200594546549895e-16 1.0
  outer loop
    vertex 340.8265581651219 595.0941239417817 8.999999999999961
    vertex 340.8265581651219 558.957827246938 8.999999999999984
    vertex 341.3089200749169 558.7580264019286 8.999999999999984
  endloop
endfacet
facet normal 0.0 2.5200594546549895e-16 1.0
  outer loop
    vertex 340.8265581651219 595.0941239417817 8.999999999999961
    vertex 341.3089200749169 558.7580264019286 8.999999999999984
    vertex 341.3089200749169 595.2939247867911 8.999999999999961
  endloop
endfacet
facet normal 0.0 2.5200594546549895e-16 1.0
  outer loop
    vertex 341.3089200749169 595.2939247867911 8.999999999999961
    vertex 341.3089200749169 558.7580264019286 8.999999999999984
    vertex 341.72313363729 558.4401891567329 8.999999999999984
  endloop
endfacet
facet normal 0.0 2.5200594546549895e-16 1.0
  outer loop
    vertex 341.3089200749169 595.2939247867911 8.999999999999961
    vertex 341.72313363729 558.4401891567329 8.999999999999984
    vertex 341.72313363729 595.6117620319868 8.999999999999984
  endloop
endfacet
facet normal 0.0 2.5200594546549895e-16 1.0
  outer loop
    vertex 341.72313363729 595.6117620319868 8.999999999999984
    vertex 341.72313363729 558.4401891567329 8.999999999999984
    vertex 342.0409708824858 558.0259755943599 8.999999999999984
  endloop
endfacet
facet normal 0.0 2.5200594546549895e-16 1.0
  outer loop
    vertex 341.72313363729 595.6117620319868 8.999999999999984
    vertex 342.0409708824858 558.0259755943599 8.999999999999984
    vertex 342.0409708824858 596.02597559436 8.999999999999984
  endloop
endfacet
facet normal 0.0 2.5200594546549895e-16 1.0
  outer loop
    vertex 342.0409708824858 596.02597559436 8.999999999999984
    vertex 342.0409708824858 558.0259755943599 8.999999999999984
    vertex 342.24077172749503 557.5436136845649 8.999999999999961
  endloop
endfacet
facet normal 0.0 2.5200594546549895e-16 1.0
  outer loop
    vertex 342.0409708824858 596.02597559436 8.999999999999984
    vertex 342.24077172749503 557.5436136845649 8.999999999999961
    vertex 342.24077172749503 596.5083375041548 8.999999999999984
  endloop
endfacet
facet normal 0.0 2.5200594546549895e-16 1.0
  outer loop
    vertex 342.24077172749503 596.5083375041548 8.999999999999984
    vertex 342.24077172749503 557.5436136845649 8.999999999999961
    vertex 342.3089200749169 557.0259755943598 8.999999999999984
  endloop
endfacet
facet normal 0.0 2.5200594546549895e-16 1.0
  outer loop
    vertex 342.24077172749503 596.5083375041548 8.999999999999984
    vertex 342.3089200749169 557.0259755943598 8.999999999999984
    vertex 342.3089200749169 597.0259755943599 8.999999999999961
  endloop
endfacet
facet normal -0.38268343236509245 -0.9238795325112857 2.498001805406602e-16
  outer loop
    vertex 337.9795486689942 548.3326431577582 8.999999999999961
    vertex 335.8089200749169 549.2317469602999 -1.127986593019159e-13
    vertex 337.9795486689942 548.3326431577582 -1.127986593019159e-13
  endloop
endfacet
facet normal -0.38268343236509245 -0.9238795325112857 2.498001805406602e-16
  outer loop
    vertex 335.8089200749169 549.2317469602999 -1.127986593019159e-13
    vertex 337.9795486689942 548.3326431577582 8.999999999999961
    vertex 335.8089200749169 549.2317469602999 8.999999999999961
  endloop
endfacet
facet normal -0.6087614290087038 -0.7933533402912482 1.6653345369377348e-16
  outer loop
    vertex 335.8089200749169 549.2317469602999 8.999999999999961
    vertex 333.944959044238 550.6620145636808 -9.023892744153272e-14
    vertex 335.8089200749169 549.2317469602999 -1.127986593019159e-13
  endloop
endfacet
facet normal -0.6087614290087038 -0.7933533402912482 1.6653345369377348e-16
  outer loop
    vertex 333.944959044238 550.6620145636808 -9.023892744153272e-14
    vertex 335.8089200749169 549.2317469602999 8.999999999999961
    vertex 333.944959044238 550.6620145636808 8.999999999999984
  endloop
endfacet
facet normal -0.7933533402912439 -0.6087614290087093 1.1102230246251565e-16
  outer loop
    vertex 332.51469144085695 552.5259755943598 8.999999999999984
    vertex 333.944959044238 550.6620145636808 -9.023892744153272e-14
    vertex 333.944959044238 550.6620145636808 8.999999999999984
  endloop
endfacet
facet normal -0.7933533402912439 -0.6087614290087093 1.1102230246251565e-16
  outer loop
    vertex 333.944959044238 550.6620145636808 -9.023892744153272e-14
    vertex 332.51469144085695 552.5259755943598 8.999999999999984
    vertex 332.51469144085695 552.5259755943598 -1.127986593019159e-13
  endloop
endfacet
facet normal -0.9238795325112831 -0.3826834323650992 5.551115123125783e-17
  outer loop
    vertex 331.6155876383153 554.6966041884372 8.999999999999984
    vertex 332.51469144085695 552.5259755943598 -1.127986593019159e-13
    vertex 332.51469144085695 552.5259755943598 8.999999999999984
  endloop
endfacet
facet normal -0.9238795325112831 -0.3826834323650992 5.551115123125783e-17
  outer loop
    vertex 332.51469144085695 552.5259755943598 -1.127986593019159e-13
    vertex 331.6155876383153 554.6966041884372 8.999999999999984
    vertex 331.6155876383153 554.6966041884372 -1.127986593019159e-13
  endloop
endfacet
facet normal -0.9914448613738117 -0.13052619222004305 0.0
  outer loop
    vertex 331.3089200749169 557.0259755943598 8.999999999999984
    vertex 331.6155876383153 554.6966041884372 -1.127986593019159e-13
    vertex 331.6155876383153 554.6966041884372 8.999999999999984
  endloop
endfacet
facet normal -0.9914448613738117 -0.13052619222004305 0.0
  outer loop
    vertex 331.6155876383153 554.6966041884372 -1.127986593019159e-13
    vertex 331.3089200749169 557.0259755943598 8.999999999999984
    vertex 331.3089200749169 557.0259755943598 -9.023892744153272e-14
  endloop
endfacet
facet normal -1.0 4.9303806576313227e-32 -5.5511151231257815e-17
  outer loop
    vertex 331.3089200749169 597.0259755943599 8.999999999999984
    vertex 331.3089200749169 557.0259755943598 -9.023892744153272e-14
    vertex 331.3089200749169 557.0259755943598 8.999999999999984
  endloop
endfacet
facet normal -1.0 4.9303806576313227e-32 -5.5511151231257815e-17
  outer loop
    vertex 331.3089200749169 557.0259755943598 -9.023892744153272e-14
    vertex 331.3089200749169 597.0259755943599 8.999999999999984
    vertex 331.3089200749169 597.0259755943599 -1.127986593019159e-13
  endloop
endfacet
facet normal -0.9914448613738116 0.13052619222004302 -5.5511151231257815e-17
  outer loop
    vertex 331.6155876383153 599.3553470002827 8.999999999999984
    vertex 331.3089200749169 597.0259755943599 -1.127986593019159e-13
    vertex 331.3089200749169 597.0259755943599 8.999999999999984
  endloop
endfacet
facet normal -0.9914448613738116 0.13052619222004302 -5.5511151231257815e-17
  outer loop
    vertex 331.3089200749169 597.0259755943599 -1.127986593019159e-13
    vertex 331.6155876383153 599.3553470002827 8.999999999999984
    vertex 331.6155876383153 599.3553470002827 -9.023892744153272e-14
  endloop
endfacet
facet normal -0.9238795325112829 0.3826834323650992 -1.3877787807814457e-16
  outer loop
    vertex 332.51469144085695 601.5259755943599 8.999999999999961
    vertex 331.6155876383153 599.3553470002827 -9.023892744153272e-14
    vertex 331.6155876383153 599.3553470002827 8.999999999999984
  endloop
endfacet
facet normal -0.9238795325112829 0.3826834323650992 -1.3877787807814457e-16
  outer loop
    vertex 331.6155876383153 599.3553470002827 -9.023892744153272e-14
    vertex 332.51469144085695 601.5259755943599 8.999999999999961
    vertex 332.51469144085695 601.5259755943599 -1.127986593019159e-13
  endloop
endfacet
facet normal -0.7933533402912439 0.6087614290087093 -1.6653345369377348e-16
  outer loop
    vertex 333.944959044238 603.3899366250389 8.999999999999961
    vertex 332.51469144085695 601.5259755943599 -1.127986593019159e-13
    vertex 332.51469144085695 601.5259755943599 8.999999999999961
  endloop
endfacet
facet normal -0.7933533402912439 0.6087614290087093 -1.6653345369377348e-16
  outer loop
    vertex 332.51469144085695 601.5259755943599 -1.127986593019159e-13
    vertex 333.944959044238 603.3899366250389 8.999999999999961
    vertex 333.944959044238 603.3899366250389 -9.023892744153272e-14
  endloop
endfacet
facet normal -0.6087614290087037 0.7933533402912482 -2.7755575615628914e-16
  outer loop
    vertex 333.944959044238 603.3899366250389 -9.023892744153272e-14
    vertex 335.8089200749169 604.8202042284199 8.999999999999961
    vertex 335.8089200749169 604.8202042284199 -1.3535839116229907e-13
  endloop
endfacet
facet normal -0.6087614290087037 0.7933533402912482 -2.7755575615628914e-16
  outer loop
    vertex 335.8089200749169 604.8202042284199 8.999999999999961
    vertex 333.944959044238 603.3899366250389 -9.023892744153272e-14
    vertex 333.944959044238 603.3899366250389 8.999999999999961
  endloop
endfacet
facet normal -0.3826834323650857 0.9238795325112886 -2.636779683484747e-16
  outer loop
    vertex 335.8089200749169 604.8202042284199 8.999999999999961
    vertex 337.97954866899425 605.7193080309615 -1.127986593019159e-13
    vertex 335.8089200749169 604.8202042284199 -1.3535839116229907e-13
  endloop
endfacet
facet normal -0.3826834323650857 0.9238795325112886 -2.636779683484747e-16
  outer loop
    vertex 337.97954866899425 605.7193080309615 -1.127986593019159e-13
    vertex 335.8089200749169 604.8202042284199 8.999999999999961
    vertex 337.97954866899425 605.7193080309615 8.999999999999961
  endloop
endfacet
facet normal -0.13052619222006445 0.9914448613738088 -2.8449465006019636e-16
  outer loop
    vertex 337.97954866899425 605.7193080309615 -1.127986593019159e-13
    vertex 340.3089200749169 606.0259755943599 8.999999999999961
    vertex 340.3089200749169 606.0259755943599 -1.3535839116229907e-13
  endloop
endfacet
facet normal -0.13052619222006445 0.9914448613738088 -2.8449465006019636e-16
  outer loop
    vertex 340.3089200749169 606.0259755943599 8.999999999999961
    vertex 337.97954866899425 605.7193080309615 -1.127986593019159e-13
    vertex 337.97954866899425 605.7193080309615 8.999999999999961
  endloop
endfacet
facet normal 0.13052619222006193 0.991444861373809 -2.8449465006019636e-16
  outer loop
    vertex 340.3089200749169 606.0259755943599 8.999999999999961
    vertex 342.63829148083965 605.7193080309615 -1.3535839116229907e-13
    vertex 340.3089200749169 606.0259755943599 -1.3535839116229907e-13
  endloop
endfacet
facet normal 0.13052619222006193 0.991444861373809 -2.8449465006019636e-16
  outer loop
    vertex 342.63829148083965 605.7193080309615 -1.3535839116229907e-13
    vertex 340.3089200749169 606.0259755943599 8.999999999999961
    vertex 342.63829148083965 605.7193080309615 8.999999999999938
  endloop
endfacet
facet normal 0.38268343236509245 0.9238795325112857 -2.498001805406602e-16
  outer loop
    vertex 342.63829148083965 605.7193080309615 8.999999999999938
    vertex 344.80892007491695 604.8202042284199 -1.3535839116229907e-13
    vertex 342.63829148083965 605.7193080309615 -1.3535839116229907e-13
  endloop
endfacet
facet normal 0.38268343236509245 0.9238795325112857 -2.498001805406602e-16
  outer loop
    vertex 344.80892007491695 604.8202042284199 -1.3535839116229907e-13
    vertex 342.63829148083965 605.7193080309615 8.999999999999938
    vertex 344.80892007491695 604.8202042284199 8.999999999999938
  endloop
endfacet
facet normal 0.6087614290087038 0.7933533402912482 -1.6653345369377348e-16
  outer loop
    vertex 344.80892007491695 604.8202042284199 8.999999999999938
    vertex 346.6728811055959 603.3899366250389 -1.127986593019159e-13
    vertex 344.80892007491695 604.8202042284199 -1.3535839116229907e-13
  endloop
endfacet
facet normal 0.6087614290087038 0.7933533402912482 -1.6653345369377348e-16
  outer loop
    vertex 346.6728811055959 603.3899366250389 -1.127986593019159e-13
    vertex 344.80892007491695 604.8202042284199 8.999999999999938
    vertex 346.6728811055959 603.3899366250389 8.999999999999961
  endloop
endfacet
facet normal 0.7933533402912439 0.6087614290087093 -1.1102230246251565e-16
  outer loop
    vertex 346.6728811055959 603.3899366250389 -1.127986593019159e-13
    vertex 348.1031487089769 601.5259755943599 8.999999999999984
    vertex 348.1031487089769 601.5259755943599 -1.127986593019159e-13
  endloop
endfacet
facet normal 0.7933533402912439 0.6087614290087093 -1.1102230246251565e-16
  outer loop
    vertex 348.1031487089769 601.5259755943599 8.999999999999984
    vertex 346.6728811055959 603.3899366250389 -1.127986593019159e-13
    vertex 346.6728811055959 603.3899366250389 8.999999999999961
  endloop
endfacet
facet normal 0.9238795325112831 0.3826834323650992 -5.551115123125783e-17
  outer loop
    vertex 348.1031487089769 601.5259755943599 -1.127986593019159e-13
    vertex 349.0022525115186 599.3553470002827 8.999999999999961
    vertex 349.0022525115186 599.3553470002827 -1.127986593019159e-13
  endloop
endfacet
facet normal 0.9238795325112831 0.3826834323650992 -5.551115123125783e-17
  outer loop
    vertex 349.0022525115186 599.3553470002827 8.999999999999961
    vertex 348.1031487089769 601.5259755943599 -1.127986593019159e-13
    vertex 348.1031487089769 601.5259755943599 8.999999999999984
  endloop
endfacet
facet normal 0.9914448613738117 0.13052619222004305 0.0
  outer loop
    vertex 349.0022525115186 599.3553470002827 -1.127986593019159e-13
    vertex 349.30892007491695 597.0259755943599 8.999999999999961
    vertex 349.30892007491695 597.0259755943599 -1.127986593019159e-13
  endloop
endfacet
facet normal 0.9914448613738117 0.13052619222004305 0.0
  outer loop
    vertex 349.30892007491695 597.0259755943599 8.999999999999961
    vertex 349.0022525115186 599.3553470002827 -1.127986593019159e-13
    vertex 349.0022525115186 599.3553470002827 8.999999999999961
  endloop
endfacet
facet normal 1.0 0.0 5.5511151231257815e-17
  outer loop
    vertex 349.30892007491695 597.0259755943599 -1.127986593019159e-13
    vertex 349.30892007491695 557.0259755943598 9.000000000000005
    vertex 349.30892007491695 557.0259755943598 -6.767919558114953e-14
  endloop
endfacet
facet normal 1.0 0.0 5.5511151231257815e-17
  outer loop
    vertex 349.30892007491695 557.0259755943598 9.000000000000005
    vertex 349.30892007491695 597.0259755943599 -1.127986593019159e-13
    vertex 349.30892007491695 597.0259755943599 8.999999999999961
  endloop
endfacet
facet normal 0.9914448613738116 -0.13052619222004302 5.5511151231257815e-17
  outer loop
    vertex 349.30892007491695 557.0259755943598 -6.767919558114953e-14
    vertex 349.0022525115186 554.6966041884372 8.999999999999984
    vertex 349.0022525115186 554.6966041884372 -9.023892744153272e-14
  endloop
endfacet
facet normal 0.9914448613738116 -0.13052619222004302 5.5511151231257815e-17
  outer loop
    vertex 349.0022525115186 554.6966041884372 8.999999999999984
    vertex 349.30892007491695 557.0259755943598 -6.767919558114953e-14
    vertex 349.30892007491695 557.0259755943598 9.000000000000005
  endloop
endfacet
facet normal 0.9238795325112829 -0.3826834323650992 1.3877787807814457e-16
  outer loop
    vertex 349.0022525115186 554.6966041884372 -9.023892744153272e-14
    vertex 348.1031487089769 552.5259755943598 8.999999999999984
    vertex 348.1031487089769 552.5259755943598 -9.023892744153272e-14
  endloop
endfacet
facet normal 0.9238795325112829 -0.3826834323650992 1.3877787807814457e-16
  outer loop
    vertex 348.1031487089769 552.5259755943598 8.999999999999984
    vertex 349.0022525115186 554.6966041884372 -9.023892744153272e-14
    vertex 349.0022525115186 554.6966041884372 8.999999999999984
  endloop
endfacet
facet normal 0.7933533402912439 -0.6087614290087093 1.6653345369377348e-16
  outer loop
    vertex 348.1031487089769 552.5259755943598 -9.023892744153272e-14
    vertex 346.6728811055959 550.6620145636808 8.999999999999984
    vertex 346.6728811055959 550.6620145636808 -9.023892744153272e-14
  endloop
endfacet
facet normal 0.7933533402912439 -0.6087614290087093 1.6653345369377348e-16
  outer loop
    vertex 346.6728811055959 550.6620145636808 8.999999999999984
    vertex 348.1031487089769 552.5259755943598 -9.023892744153272e-14
    vertex 348.1031487089769 552.5259755943598 8.999999999999984
  endloop
endfacet
facet normal 0.6087614290087037 -0.7933533402912482 2.7755575615628914e-16
  outer loop
    vertex 346.6728811055959 550.6620145636808 8.999999999999984
    vertex 344.80892007491695 549.2317469602999 -9.023892744153272e-14
    vertex 346.6728811055959 550.6620145636808 -9.023892744153272e-14
  endloop
endfacet
facet normal 0.6087614290087037 -0.7933533402912482 2.7755575615628914e-16
  outer loop
    vertex 344.80892007491695 549.2317469602999 -9.023892744153272e-14
    vertex 346.6728811055959 550.6620145636808 8.999999999999984
    vertex 344.80892007491695 549.2317469602999 8.999999999999961
  endloop
endfacet
facet normal 0.3826834323650857 -0.9238795325112886 2.636779683484747e-16
  outer loop
    vertex 344.80892007491695 549.2317469602999 -9.023892744153272e-14
    vertex 342.6382914808396 548.3326431577582 8.999999999999984
    vertex 342.6382914808396 548.3326431577582 -1.127986593019159e-13
  endloop
endfacet
facet normal 0.3826834323650857 -0.9238795325112886 2.636779683484747e-16
  outer loop
    vertex 342.6382914808396 548.3326431577582 8.999999999999984
    vertex 344.80892007491695 549.2317469602999 -9.023892744153272e-14
    vertex 344.80892007491695 549.2317469602999 8.999999999999961
  endloop
endfacet
facet normal 0.13052619222006445 -0.9914448613738088 2.8449465006019636e-16
  outer loop
    vertex 342.6382914808396 548.3326431577582 8.999999999999984
    vertex 340.3089200749169 548.0259755943598 -9.023892744153272e-14
    vertex 342.6382914808396 548.3326431577582 -1.127986593019159e-13
  endloop
endfacet
facet normal 0.13052619222006445 -0.9914448613738088 2.8449465006019636e-16
  outer loop
    vertex 340.3089200749169 548.0259755943598 -9.023892744153272e-14
    vertex 342.6382914808396 548.3326431577582 8.999999999999984
    vertex 340.3089200749169 548.0259755943598 8.999999999999984
  endloop
endfacet
facet normal -0.13052619222006193 -0.991444861373809 2.8449465006019636e-16
  outer loop
    vertex 340.3089200749169 548.0259755943598 -9.023892744153272e-14
    vertex 337.9795486689942 548.3326431577582 8.999999999999961
    vertex 337.9795486689942 548.3326431577582 -1.127986593019159e-13
  endloop
endfacet
facet normal -0.13052619222006193 -0.991444861373809 2.8449465006019636e-16
  outer loop
    vertex 337.9795486689942 548.3326431577582 8.999999999999961
    vertex 340.3089200749169 548.0259755943598 -9.023892744153272e-14
    vertex 340.3089200749169 548.0259755943598 8.999999999999984
  endloop
endfacet
facet normal 5.5511151231257815e-17 -3.6530103274132793e-16 -1.0
  outer loop
    vertex 337.97954866899425 605.7193080309615 -1.127986593019159e-13
    vertex 338.3770684223388 597.5436136845649 -1.3535839116229907e-13
    vertex 338.3089200749169 597.0259755943598 -1.3535839116229907e-13
  endloop
endfacet
facet normal 5.5511151231257815e-17 -3.6530103274132793e-16 -1.0
  outer loop
    vertex 338.3770684223388 597.5436136845649 -1.3535839116229907e-13
    vertex 337.97954866899425 605.7193080309615 -1.127986593019159e-13
    vertex 340.3089200749169 606.0259755943599 -1.3535839116229907e-13
  endloop
endfacet
facet normal 5.5511151231257815e-17 -3.6530103274132793e-16 -1.0
  outer loop
    vertex 338.3770684223388 597.5436136845649 -1.3535839116229907e-13
    vertex 340.3089200749169 606.0259755943599 -1.3535839116229907e-13
    vertex 338.57686926734806 598.0259755943598 -1.127986593019159e-13
  endloop
endfacet
facet normal 5.5511151231257815e-17 -3.6530103274132793e-16 -1.0
  outer loop
    vertex 338.57686926734806 598.0259755943598 -1.127986593019159e-13
    vertex 340.3089200749169 606.0259755943599 -1.3535839116229907e-13
    vertex 338.8947065125438 598.4401891567329 -1.3535839116229907e-13
  endloop
endfacet
facet normal 5.5511151231257815e-17 -3.6530103274132793e-16 -1.0
  outer loop
    vertex 338.8947065125438 598.4401891567329 -1.3535839116229907e-13
    vertex 340.3089200749169 606.0259755943599 -1.3535839116229907e-13
    vertex 339.3089200749169 598.7580264019288 -1.127986593019159e-13
  endloop
endfacet
facet normal 5.5511151231257815e-17 -3.6530103274132793e-16 -1.0
  outer loop
    vertex 339.3089200749169 598.7580264019288 -1.127986593019159e-13
    vertex 340.3089200749169 606.0259755943599 -1.3535839116229907e-13
    vertex 339.7912819847119 598.957827246938 -1.3535839116229907e-13
  endloop
endfacet
facet normal 5.5511151231257815e-17 -3.6530103274132793e-16 -1.0
  outer loop
    vertex 339.7912819847119 598.957827246938 -1.3535839116229907e-13
    vertex 340.3089200749169 606.0259755943599 -1.3535839116229907e-13
    vertex 340.3089200749169 599.0259755943598 -1.3535839116229907e-13
  endloop
endfacet
facet normal 5.5511151231257815e-17 -3.6530103274132793e-16 -1.0
  outer loop
    vertex 340.3089200749169 599.0259755943598 -1.3535839116229907e-13
    vertex 340.3089200749169 606.0259755943599 -1.3535839116229907e-13
    vertex 342.63829148083965 605.7193080309615 -1.3535839116229907e-13
  endloop
endfacet
facet normal 5.5511151231257815e-17 -3.6530103274132793e-16 -1.0
  outer loop
    vertex 340.3089200749169 599.0259755943598 -1.3535839116229907e-13
    vertex 342.63829148083965 605.7193080309615 -1.3535839116229907e-13
    vertex 340.8265581651219 598.957827246938 -1.127986593019159e-13
  endloop
endfacet
facet normal 5.5511151231257815e-17 -3.6530103274132793e-16 -1.0
  outer loop
    vertex 340.8265581651219 598.957827246938 -1.127986593019159e-13
    vertex 342.63829148083965 605.7193080309615 -1.3535839116229907e-13
    vertex 341.3089200749169 598.7580264019288 -1.127986593019159e-13
  endloop
endfacet
facet normal 5.5511151231257815e-17 -3.6530103274132793e-16 -1.0
  outer loop
    vertex 341.3089200749169 598.7580264019288 -1.127986593019159e-13
    vertex 342.63829148083965 605.7193080309615 -1.3535839116229907e-13
    vertex 341.72313363729 598.4401891567329 -1.3535839116229907e-13
  endloop
endfacet
facet normal 5.5511151231257815e-17 -3.6530103274132793e-16 -1.0
  outer loop
    vertex 341.72313363729 598.4401891567329 -1.3535839116229907e-13
    vertex 342.63829148083965 605.7193080309615 -1.3535839116229907e-13
    vertex 342.0409708824858 598.0259755943599 -1.3535839116229907e-13
  endloop
endfacet
facet normal 5.5511151231257815e-17 -3.6530103274132793e-16 -1.0
  outer loop
    vertex 342.0409708824858 598.0259755943599 -1.3535839116229907e-13
    vertex 342.63829148083965 605.7193080309615 -1.3535839116229907e-13
    vertex 342.24077172749503 597.5436136845649 -1.3535839116229907e-13
  endloop
endfacet
facet normal 5.5511151231257815e-17 -3.6530103274132793e-16 -1.0
  outer loop
    vertex 342.24077172749503 597.5436136845649 -1.3535839116229907e-13
    vertex 342.63829148083965 605.7193080309615 -1.3535839116229907e-13
    vertex 342.3089200749169 597.0259755943598 -1.3535839116229907e-13
  endloop
endfacet
facet normal 5.5511151231257815e-17 -3.6530103274132793e-16 -1.0
  outer loop
    vertex 342.3089200749169 597.0259755943598 -1.3535839116229907e-13
    vertex 342.63829148083965 605.7193080309615 -1.3535839116229907e-13
    vertex 342.3089200749169 557.0259755943598 -1.3535839116229907e-13
  endloop
endfacet
facet normal 5.5511151231257815e-17 -3.6530103274132793e-16 -1.0
  outer loop
    vertex 342.3089200749169 557.0259755943598 -1.3535839116229907e-13
    vertex 342.63829148083965 605.7193080309615 -1.3535839116229907e-13
    vertex 342.6382914808396 548.3326431577582 -1.127986593019159e-13
  endloop
endfacet
facet normal 5.5511151231257815e-17 -3.6530103274132793e-16 -1.0
  outer loop
    vertex 342.6382914808396 548.3326431577582 -1.127986593019159e-13
    vertex 342.63829148083965 605.7193080309615 -1.3535839116229907e-13
    vertex 344.80892007491695 549.2317469602999 -9.023892744153272e-14
  endloop
endfacet
facet normal 5.5511151231257815e-17 -3.6530103274132793e-16 -1.0
  outer loop
    vertex 344.80892007491695 549.2317469602999 -9.023892744153272e-14
    vertex 342.63829148083965 605.7193080309615 -1.3535839116229907e-13
    vertex 344.80892007491695 604.8202042284199 -1.3535839116229907e-13
  endloop
endfacet
facet normal 5.5511151231257815e-17 -3.6530103274132793e-16 -1.0
  outer loop
    vertex 344.80892007491695 549.2317469602999 -9.023892744153272e-14
    vertex 344.80892007491695 604.8202042284199 -1.3535839116229907e-13
    vertex 346.6728811055959 550.6620145636808 -9.023892744153272e-14
  endloop
endfacet
facet normal 5.5511151231257815e-17 -3.6530103274132793e-16 -1.0
  outer loop
    vertex 346.6728811055959 550.6620145636808 -9.023892744153272e-14
    vertex 344.80892007491695 604.8202042284199 -1.3535839116229907e-13
    vertex 346.6728811055959 603.3899366250389 -1.127986593019159e-13
  endloop
endfacet
facet normal 5.5511151231257815e-17 -3.6530103274132793e-16 -1.0
  outer loop
    vertex 346.6728811055959 550.6620145636808 -9.023892744153272e-14
    vertex 346.6728811055959 603.3899366250389 -1.127986593019159e-13
    vertex 348.1031487089769 601.5259755943599 -1.127986593019159e-13
  endloop
endfacet
facet normal 5.5511151231257815e-17 -3.6530103274132793e-16 -1.0
  outer loop
    vertex 346.6728811055959 550.6620145636808 -9.023892744153272e-14
    vertex 348.1031487089769 601.5259755943599 -1.127986593019159e-13
    vertex 348.1031487089769 552.5259755943598 -9.023892744153272e-14
  endloop
endfacet
facet normal 5.5511151231257815e-17 -3.6530103274132793e-16 -1.0
  outer loop
    vertex 348.1031487089769 552.5259755943598 -9.023892744153272e-14
    vertex 348.1031487089769 601.5259755943599 -1.127986593019159e-13
    vertex 349.0022525115186 599.3553470002827 -1.127986593019159e-13
  endloop
endfacet
facet normal 5.5511151231257815e-17 -3.6530103274132793e-16 -1.0
  outer loop
    vertex 348.1031487089769 552.5259755943598 -9.023892744153272e-14
    vertex 349.0022525115186 599.3553470002827 -1.127986593019159e-13
    vertex 349.0022525115186 554.6966041884372 -9.023892744153272e-14
  endloop
endfacet
facet normal 5.5511151231257815e-17 -3.6530103274132793e-16 -1.0
  outer loop
    vertex 349.0022525115186 554.6966041884372 -9.023892744153272e-14
    vertex 349.0022525115186 599.3553470002827 -1.127986593019159e-13
    vertex 349.30892007491695 597.0259755943599 -1.127986593019159e-13
  endloop
endfacet
facet normal 5.5511151231257815e-17 -3.6530103274132793e-16 -1.0
  outer loop
    vertex 349.0022525115186 554.6966041884372 -9.023892744153272e-14
    vertex 349.30892007491695 597.0259755943599 -1.127986593019159e-13
    vertex 349.30892007491695 557.0259755943598 -6.767919558114953e-14
  endloop
endfacet
facet normal 5.5511151231257815e-17 -3.6530103274132793e-16 -1.0
  outer loop
    vertex 331.6155876383153 599.3553470002827 -9.023892744153272e-14
    vertex 331.3089200749169 557.0259755943598 -9.023892744153272e-14
    vertex 331.3089200749169 597.0259755943599 -1.127986593019159e-13
  endloop
endfacet
facet normal 5.5511151231257815e-17 -3.6530103274132793e-16 -1.0
  outer loop
    vertex 331.3089200749169 557.0259755943598 -9.023892744153272e-14
    vertex 331.6155876383153 599.3553470002827 -9.023892744153272e-14
    vertex 331.6155876383153 554.6966041884372 -1.127986593019159e-13
  endloop
endfacet
facet normal 5.5511151231257815e-17 -3.6530103274132793e-16 -1.0
  outer loop
    vertex 331.6155876383153 554.6966041884372 -1.127986593019159e-13
    vertex 331.6155876383153 599.3553470002827 -9.023892744153272e-14
    vertex 332.51469144085695 601.5259755943599 -1.127986593019159e-13
  endloop
endfacet
facet normal 5.5511151231257815e-17 -3.6530103274132793e-16 -1.0
  outer loop
    vertex 331.6155876383153 554.6966041884372 -1.127986593019159e-13
    vertex 332.51469144085695 601.5259755943599 -1.127986593019159e-13
    vertex 332.51469144085695 552.5259755943598 -1.127986593019159e-13
  endloop
endfacet
facet normal 5.5511151231257815e-17 -3.6530103274132793e-16 -1.0
  outer loop
    vertex 332.51469144085695 552.5259755943598 -1.127986593019159e-13
    vertex 332.51469144085695 601.5259755943599 -1.127986593019159e-13
    vertex 333.944959044238 603.3899366250389 -9.023892744153272e-14
  endloop
endfacet
facet normal 5.5511151231257815e-17 -3.6530103274132793e-16 -1.0
  outer loop
    vertex 332.51469144085695 552.5259755943598 -1.127986593019159e-13
    vertex 333.944959044238 603.3899366250389 -9.023892744153272e-14
    vertex 333.944959044238 550.6620145636808 -9.023892744153272e-14
  endloop
endfacet
facet normal 5.5511151231257815e-17 -3.6530103274132793e-16 -1.0
  outer loop
    vertex 333.944959044238 550.6620145636808 -9.023892744153272e-14
    vertex 333.944959044238 603.3899366250389 -9.023892744153272e-14
    vertex 335.8089200749169 604.8202042284199 -1.3535839116229907e-13
  endloop
endfacet
facet normal 5.5511151231257815e-17 -3.6530103274132793e-16 -1.0
  outer loop
    vertex 333.944959044238 550.6620145636808 -9.023892744153272e-14
    vertex 335.8089200749169 604.8202042284199 -1.3535839116229907e-13
    vertex 335.8089200749169 549.2317469602999 -1.127986593019159e-13
  endloop
endfacet
facet normal 5.5511151231257815e-17 -3.6530103274132793e-16 -1.0
  outer loop
    vertex 335.8089200749169 549.2317469602999 -1.127986593019159e-13
    vertex 335.8089200749169 604.8202042284199 -1.3535839116229907e-13
    vertex 337.97954866899425 605.7193080309615 -1.127986593019159e-13
  endloop
endfacet
facet normal 5.5511151231257815e-17 -3.6530103274132793e-16 -1.0
  outer loop
    vertex 335.8089200749169 549.2317469602999 -1.127986593019159e-13
    vertex 337.97954866899425 605.7193080309615 -1.127986593019159e-13
    vertex 337.9795486689942 548.3326431577582 -1.127986593019159e-13
  endloop
endfacet
facet normal 5.5511151231257815e-17 -3.6530103274132793e-16 -1.0
  outer loop
    vertex 337.9795486689942 548.3326431577582 -1.127986593019159e-13
    vertex 337.97954866899425 605.7193080309615 -1.127986593019159e-13
    vertex 338.3089200749169 557.0259755943598 -1.3535839116229907e-13
  endloop
endfacet
facet normal 5.5511151231257815e-17 -3.6530103274132793e-16 -1.0
  outer loop
    vertex 337.9795486689942 548.3326431577582 -1.127986593019159e-13
    vertex 338.3089200749169 557.0259755943598 -1.3535839116229907e-13
    vertex 338.3770684223388 556.5083375041547 -1.3535839116229907e-13
  endloop
endfacet
facet normal 5.5511151231257815e-17 -3.6530103274132793e-16 -1.0
  outer loop
    vertex 337.9795486689942 548.3326431577582 -1.127986593019159e-13
    vertex 338.3770684223388 556.5083375041547 -1.3535839116229907e-13
    vertex 340.3089200749169 548.0259755943598 -9.023892744153272e-14
  endloop
endfacet
facet normal 5.5511151231257815e-17 -3.6530103274132793e-16 -1.0
  outer loop
    vertex 338.3089200749169 557.0259755943598 -1.3535839116229907e-13
    vertex 337.97954866899425 605.7193080309615 -1.127986593019159e-13
    vertex 338.3089200749169 597.0259755943598 -1.3535839116229907e-13
  endloop
endfacet
facet normal 5.5511151231257815e-17 -3.6530103274132793e-16 -1.0
  outer loop
    vertex 340.3089200749169 548.0259755943598 -9.023892744153272e-14
    vertex 338.3770684223388 556.5083375041547 -1.3535839116229907e-13
    vertex 338.57686926734806 556.0259755943598 -1.127986593019159e-13
  endloop
endfacet
facet normal 5.5511151231257815e-17 -3.6530103274132793e-16 -1.0
  outer loop
    vertex 340.3089200749169 548.0259755943598 -9.023892744153272e-14
    vertex 338.57686926734806 556.0259755943598 -1.127986593019159e-13
    vertex 338.8947065125438 555.6117620319867 -1.3535839116229907e-13
  endloop
endfacet
facet normal 5.5511151231257815e-17 -3.6530103274132793e-16 -1.0
  outer loop
    vertex 340.3089200749169 548.0259755943598 -9.023892744153272e-14
    vertex 338.8947065125438 555.6117620319867 -1.3535839116229907e-13
    vertex 339.3089200749169 555.293924786791 -1.3535839116229907e-13
  endloop
endfacet
facet normal 5.5511151231257815e-17 -3.6530103274132793e-16 -1.0
  outer loop
    vertex 340.3089200749169 548.0259755943598 -9.023892744153272e-14
    vertex 339.3089200749169 555.293924786791 -1.3535839116229907e-13
    vertex 339.7912819847119 555.0941239417816 -1.3535839116229907e-13
  endloop
endfacet
facet normal 5.5511151231257815e-17 -3.6530103274132793e-16 -1.0
  outer loop
    vertex 340.3089200749169 548.0259755943598 -9.023892744153272e-14
    vertex 339.7912819847119 555.0941239417816 -1.3535839116229907e-13
    vertex 340.3089200749169 555.0259755943598 -1.127986593019159e-13
  endloop
endfacet
facet normal 5.5511151231257815e-17 -3.6530103274132793e-16 -1.0
  outer loop
    vertex 340.3089200749169 548.0259755943598 -9.023892744153272e-14
    vertex 340.3089200749169 555.0259755943598 -1.127986593019159e-13
    vertex 340.8265581651219 555.0941239417816 -1.3535839116229907e-13
  endloop
endfacet
facet normal 5.5511151231257815e-17 -3.6530103274132793e-16 -1.0
  outer loop
    vertex 340.3089200749169 548.0259755943598 -9.023892744153272e-14
    vertex 340.8265581651219 555.0941239417816 -1.3535839116229907e-13
    vertex 342.6382914808396 548.3326431577582 -1.127986593019159e-13
  endloop
endfacet
facet normal 5.5511151231257815e-17 -3.6530103274132793e-16 -1.0
  outer loop
    vertex 342.6382914808396 548.3326431577582 -1.127986593019159e-13
    vertex 340.8265581651219 555.0941239417816 -1.3535839116229907e-13
    vertex 341.3089200749169 555.293924786791 -1.127986593019159e-13
  endloop
endfacet
facet normal 5.5511151231257815e-17 -3.6530103274132793e-16 -1.0
  outer loop
    vertex 342.6382914808396 548.3326431577582 -1.127986593019159e-13
    vertex 341.3089200749169 555.293924786791 -1.127986593019159e-13
    vertex 341.72313363729 555.6117620319867 -1.3535839116229907e-13
  endloop
endfacet
facet normal 5.5511151231257815e-17 -3.6530103274132793e-16 -1.0
  outer loop
    vertex 342.6382914808396 548.3326431577582 -1.127986593019159e-13
    vertex 341.72313363729 555.6117620319867 -1.3535839116229907e-13
    vertex 342.0409708824858 556.0259755943599 -1.5791812302268225e-13
  endloop
endfacet
facet normal 5.5511151231257815e-17 -3.6530103274132793e-16 -1.0
  outer loop
    vertex 342.6382914808396 548.3326431577582 -1.127986593019159e-13
    vertex 342.0409708824858 556.0259755943599 -1.5791812302268225e-13
    vertex 342.24077172749503 556.5083375041547 -1.3535839116229907e-13
  endloop
endfacet
facet normal 5.5511151231257815e-17 -3.6530103274132793e-16 -1.0
  outer loop
    vertex 342.6382914808396 548.3326431577582 -1.127986593019159e-13
    vertex 342.24077172749503 556.5083375041547 -1.3535839116229907e-13
    vertex 342.3089200749169 557.0259755943598 -1.3535839116229907e-13
  endloop
endfacet
facet normal 5.5511151231257815e-17 -3.6530103274132793e-16 -1.0
  outer loop
    vertex 338.3770684223388 596.5083375041547 -1.3535839116229907e-13
    vertex 338.3089200749169 557.0259755943598 -1.3535839116229907e-13
    vertex 338.3089200749169 597.0259755943598 -1.3535839116229907e-13
  endloop
endfacet
facet normal 5.5511151231257815e-17 -3.6530103274132793e-16 -1.0
  outer loop
    vertex 338.3089200749169 557.0259755943598 -1.3535839116229907e-13
    vertex 338.3770684223388 596.5083375041547 -1.3535839116229907e-13
    vertex 338.3770684223388 557.5436136845649 -1.3535839116229907e-13
  endloop
endfacet
facet normal 5.5511151231257815e-17 -3.6530103274132793e-16 -1.0
  outer loop
    vertex 338.3770684223388 557.5436136845649 -1.3535839116229907e-13
    vertex 338.3770684223388 596.5083375041547 -1.3535839116229907e-13
    vertex 338.57686926734806 596.0259755943598 -1.127986593019159e-13
  endloop
endfacet
facet normal 5.5511151231257815e-17 -3.6530103274132793e-16 -1.0
  outer loop
    vertex 338.3770684223388 557.5436136845649 -1.3535839116229907e-13
    vertex 338.57686926734806 596.0259755943598 -1.127986593019159e-13
    vertex 338.57686926734806 558.0259755943598 -1.127986593019159e-13
  endloop
endfacet
facet normal 5.5511151231257815e-17 -3.6530103274132793e-16 -1.0
  outer loop
    vertex 338.57686926734806 558.0259755943598 -1.127986593019159e-13
    vertex 338.57686926734806 596.0259755943598 -1.127986593019159e-13
    vertex 338.8947065125438 595.6117620319867 -1.3535839116229907e-13
  endloop
endfacet
facet normal 5.5511151231257815e-17 -3.6530103274132793e-16 -1.0
  outer loop
    vertex 338.57686926734806 558.0259755943598 -1.127986593019159e-13
    vertex 338.8947065125438 595.6117620319867 -1.3535839116229907e-13
    vertex 338.8947065125438 558.4401891567329 -1.3535839116229907e-13
  endloop
endfacet
facet normal 5.5511151231257815e-17 -3.6530103274132793e-16 -1.0
  outer loop
    vertex 338.8947065125438 558.4401891567329 -1.3535839116229907e-13
    vertex 338.8947065125438 595.6117620319867 -1.3535839116229907e-13
    vertex 339.3089200749169 595.293924786791 -1.127986593019159e-13
  endloop
endfacet
facet normal 5.5511151231257815e-17 -3.6530103274132793e-16 -1.0
  outer loop
    vertex 338.8947065125438 558.4401891567329 -1.3535839116229907e-13
    vertex 339.3089200749169 595.293924786791 -1.127986593019159e-13
    vertex 339.3089200749169 558.7580264019286 -1.3535839116229907e-13
  endloop
endfacet
facet normal 5.5511151231257815e-17 -3.6530103274132793e-16 -1.0
  outer loop
    vertex 339.3089200749169 558.7580264019286 -1.3535839116229907e-13
    vertex 339.3089200749169 595.293924786791 -1.127986593019159e-13
    vertex 339.7912819847119 595.0941239417817 -1.3535839116229907e-13
  endloop
endfacet
facet normal 5.5511151231257815e-17 -3.6530103274132793e-16 -1.0
  outer loop
    vertex 339.3089200749169 558.7580264019286 -1.3535839116229907e-13
    vertex 339.7912819847119 595.0941239417817 -1.3535839116229907e-13
    vertex 339.7912819847119 558.957827246938 -1.3535839116229907e-13
  endloop
endfacet
facet normal 5.5511151231257815e-17 -3.6530103274132793e-16 -1.0
  outer loop
    vertex 339.7912819847119 558.957827246938 -1.3535839116229907e-13
    vertex 339.7912819847119 595.0941239417817 -1.3535839116229907e-13
    vertex 340.3089200749169 595.0259755943598 -1.3535839116229907e-13
  endloop
endfacet
facet normal 5.5511151231257815e-17 -3.6530103274132793e-16 -1.0
  outer loop
    vertex 339.7912819847119 558.957827246938 -1.3535839116229907e-13
    vertex 340.3089200749169 595.0259755943598 -1.3535839116229907e-13
    vertex 340.3089200749169 559.0259755943598 -1.127986593019159e-13
  endloop
endfacet
facet normal 5.5511151231257815e-17 -3.6530103274132793e-16 -1.0
  outer loop
    vertex 340.3089200749169 559.0259755943598 -1.127986593019159e-13
    vertex 340.3089200749169 595.0259755943598 -1.3535839116229907e-13
    vertex 340.8265581651219 595.0941239417817 -1.3535839116229907e-13
  endloop
endfacet
facet normal 5.5511151231257815e-17 -3.6530103274132793e-16 -1.0
  outer loop
    vertex 340.3089200749169 559.0259755943598 -1.127986593019159e-13
    vertex 340.8265581651219 595.0941239417817 -1.3535839116229907e-13
    vertex 340.8265581651219 558.957827246938 -1.3535839116229907e-13
  endloop
endfacet
facet normal 5.5511151231257815e-17 -3.6530103274132793e-16 -1.0
  outer loop
    vertex 340.8265581651219 558.957827246938 -1.3535839116229907e-13
    vertex 340.8265581651219 595.0941239417817 -1.3535839116229907e-13
    vertex 341.3089200749169 595.293924786791 -1.3535839116229907e-13
  endloop
endfacet
facet normal 5.5511151231257815e-17 -3.6530103274132793e-16 -1.0
  outer loop
    vertex 340.8265581651219 558.957827246938 -1.3535839116229907e-13
    vertex 341.3089200749169 595.293924786791 -1.3535839116229907e-13
    vertex 341.3089200749169 558.7580264019286 -1.127986593019159e-13
  endloop
endfacet
facet normal 5.5511151231257815e-17 -3.6530103274132793e-16 -1.0
  outer loop
    vertex 341.3089200749169 558.7580264019286 -1.127986593019159e-13
    vertex 341.3089200749169 595.293924786791 -1.3535839116229907e-13
    vertex 341.72313363729 595.6117620319867 -1.3535839116229907e-13
  endloop
endfacet
facet normal 5.5511151231257815e-17 -3.6530103274132793e-16 -1.0
  outer loop
    vertex 341.3089200749169 558.7580264019286 -1.127986593019159e-13
    vertex 341.72313363729 595.6117620319867 -1.3535839116229907e-13
    vertex 341.72313363729 558.4401891567329 -1.3535839116229907e-13
  endloop
endfacet
facet normal 5.5511151231257815e-17 -3.6530103274132793e-16 -1.0
  outer loop
    vertex 341.72313363729 558.4401891567329 -1.3535839116229907e-13
    vertex 341.72313363729 595.6117620319867 -1.3535839116229907e-13
    vertex 342.0409708824858 596.0259755943599 -1.3535839116229907e-13
  endloop
endfacet
facet normal 5.5511151231257815e-17 -3.6530103274132793e-16 -1.0
  outer loop
    vertex 341.72313363729 558.4401891567329 -1.3535839116229907e-13
    vertex 342.0409708824858 596.0259755943599 -1.3535839116229907e-13
    vertex 342.0409708824858 558.0259755943599 -1.5791812302268225e-13
  endloop
endfacet
facet normal 5.5511151231257815e-17 -3.6530103274132793e-16 -1.0
  outer loop
    vertex 342.0409708824858 558.0259755943599 -1.5791812302268225e-13
    vertex 342.0409708824858 596.0259755943599 -1.3535839116229907e-13
    vertex 342.24077172749503 596.5083375041547 -1.3535839116229907e-13
  endloop
endfacet
facet normal 5.5511151231257815e-17 -3.6530103274132793e-16 -1.0
  outer loop
    vertex 342.0409708824858 558.0259755943599 -1.5791812302268225e-13
    vertex 342.24077172749503 596.5083375041547 -1.3535839116229907e-13
    vertex 342.24077172749503 557.5436136845649 -1.3535839116229907e-13
  endloop
endfacet
facet normal 5.5511151231257815e-17 -3.6530103274132793e-16 -1.0
  outer loop
    vertex 342.24077172749503 557.5436136845649 -1.3535839116229907e-13
    vertex 342.24077172749503 596.5083375041547 -1.3535839116229907e-13
    vertex 342.3089200749169 597.0259755943598 -1.3535839116229907e-13
  endloop
endfacet
facet normal 5.5511151231257815e-17 -3.6530103274132793e-16 -1.0
  outer loop
    vertex 342.24077172749503 557.5436136845649 -1.3535839116229907e-13
    vertex 342.3089200749169 597.0259755943598 -1.3535839116229907e-13
    vertex 342.3089200749169 557.0259755943598 -1.3535839116229907e-13
  endloop
endfacet
facet normal 0.0 1.0 0.0
  outer loop
    vertex 165.59425023514996 856.8138412703303 9.0
    vertex 195.89425023514994 856.8138412703303 0.0
    vertex 165.59425023514996 856.8138412703303 0.0
  endloop
endfacet
facet normal 0.0 1.0 0.0
  outer loop
    vertex 195.89425023514994 856.8138412703303 0.0
    vertex 165.59425023514996 856.8138412703303 9.0
    vertex 195.89425023514994 856.8138412703303 9.0
  endloop
endfacet
facet normal 0.0 0.0 1.0
  outer loop
    vertex 270.29425023514995 512.8138412703303 9.0
    vertex 195.89425023514994 516.8138412703303 9.0
    vertex 195.89425023514994 512.8138412703303 9.0
  endloop
endfacet
facet normal 0.0 0.0 1.0
  outer loop
    vertex 195.89425023514994 516.8138412703303 9.0
    vertex 270.29425023514995 512.8138412703303 9.0
    vertex 232.57661214494493 520.8819896177521 9.0
  endloop
endfacet
facet normal 0.0 0.0 1.0
  outer loop
    vertex 195.89425023514994 516.8138412703303 9.0
    vertex 232.57661214494493 520.8819896177521 9.0
    vertex 232.09425023514996 521.0817904627614 9.0
  endloop
endfacet
facet normal 0.0 0.0 1.0
  outer loop
    vertex 195.89425023514994 516.8138412703303 9.0
    vertex 232.09425023514996 521.0817904627614 9.0
    vertex 231.68003667277685 521.3996277079572 9.0
  endloop
endfacet
facet normal 0.0 0.0 1.0
  outer loop
    vertex 195.89425023514994 516.8138412703303 9.0
    vertex 231.68003667277685 521.3996277079572 9.0
    vertex 231.3621994275811 521.8138412703303 9.0
  endloop
endfacet
facet normal 0.0 0.0 1.0
  outer loop
    vertex 195.89425023514994 516.8138412703303 9.0
    vertex 231.3621994275811 521.8138412703303 9.0
    vertex 231.16239858257183 522.2962031801252 9.0
  endloop
endfacet
facet normal 0.0 0.0 1.0
  outer loop
    vertex 195.89425023514994 516.8138412703303 9.0
    vertex 231.16239858257183 522.2962031801252 9.0
    vertex 231.09425023514996 522.8138412703303 9.0
  endloop
endfacet
facet normal 0.0 0.0 1.0
  outer loop
    vertex 195.89425023514994 516.8138412703303 9.0
    vertex 231.09425023514996 522.8138412703303 9.0
    vertex 195.89425023514994 856.8138412703303 9.0
  endloop
endfacet
facet normal 0.0 0.0 1.0
  outer loop
    vertex 195.89425023514994 856.8138412703303 9.0
    vertex 231.09425023514996 522.8138412703303 9.0
    vertex 195.89425023514994 860.8138412703303 9.0
  endloop
endfacet
facet normal 0.0 0.0 1.0
  outer loop
    vertex 232.57661214494493 520.8819896177521 9.0
    vertex 270.29425023514995 512.8138412703303 9.0
    vertex 233.09425023514996 520.8138412703303 9.0
  endloop
endfacet
facet normal 0.0 0.0 1.0
  outer loop
    vertex 233.09425023514996 520.8138412703303 9.0
    vertex 270.29425023514995 512.8138412703303 9.0
    vertex 233.61188832535498 520.8819896177521 9.0
  endloop
endfacet
facet normal 0.0 0.0 1.0
  outer loop
    vertex 233.61188832535498 520.8819896177521 9.0
    vertex 270.29425023514995 512.8138412703303 9.0
    vertex 234.09425023514996 521.0817904627614 9.0
  endloop
endfacet
facet normal 0.0 0.0 1.0
  outer loop
    vertex 234.09425023514996 521.0817904627614 9.0
    vertex 270.29425023514995 512.8138412703303 9.0
    vertex 234.50846379752304 521.3996277079572 9.0
  endloop
endfacet
facet normal 0.0 0.0 1.0
  outer loop
    vertex 234.50846379752304 521.3996277079572 9.0
    vertex 270.29425023514995 512.8138412703303 9.0
    vertex 234.82630104271882 521.8138412703304 9.0
  endloop
endfacet
facet normal 0.0 0.0 1.0
  outer loop
    vertex 234.82630104271882 521.8138412703304 9.0
    vertex 270.29425023514995 512.8138412703303 9.0
    vertex 235.02610188772806 522.2962031801252 9.0
  endloop
endfacet
facet normal 0.0 0.0 1.0
  outer loop
    vertex 235.02610188772806 522.2962031801252 9.0
    vertex 270.29425023514995 512.8138412703303 9.0
    vertex 235.09425023514996 522.8138412703303 9.0
  endloop
endfacet
facet normal 0.0 0.0 1.0
  outer loop
    vertex 235.09425023514996 522.8138412703303 9.0
    vertex 270.29425023514995 512.8138412703303 9.0
    vertex 235.09425023514996 850.8138412703303 9.0
  endloop
endfacet
facet normal 0.0 0.0 1.0
  outer loop
    vertex 300.59425023514996 516.8138412703303 9.0
    vertex 270.29425023514995 856.8138412703303 9.0
    vertex 270.29425023514995 516.8138412703303 9.0
  endloop
endfacet
facet normal 0.0 0.0 1.0
  outer loop
    vertex 270.29425023514995 856.8138412703303 9.0
    vertex 300.59425023514996 516.8138412703303 9.0
    vertex 300.59425023514996 856.8138412703303 9.0
  endloop
endfacet
facet normal 0.0 0.0 1.0
  outer loop
    vertex 195.89425023514994 860.8138412703303 9.0
    vertex 232.57661214494493 852.7456929229083 9.0
    vertex 270.29425023514995 860.8138412703303 9.0
  endloop
endfacet
facet normal 0.0 0.0 1.0
  outer loop
    vertex 232.57661214494493 852.7456929229083 9.0
    vertex 195.89425023514994 860.8138412703303 9.0
    vertex 232.09425023514996 852.5458920778992 9.0
  endloop
endfacet
facet normal 0.0 0.0 1.0
  outer loop
    vertex 232.09425023514996 852.5458920778992 9.0
    vertex 195.89425023514994 860.8138412703303 9.0
    vertex 231.68003667277685 852.2280548327033 9.0
  endloop
endfacet
facet normal 0.0 0.0 1.0
  outer loop
    vertex 231.68003667277685 852.2280548327033 9.0
    vertex 195.89425023514994 860.8138412703303 9.0
    vertex 231.3621994275811 851.8138412703302 9.0
  endloop
endfacet
facet normal 0.0 0.0 1.0
  outer loop
    vertex 231.3621994275811 851.8138412703302 9.0
    vertex 195.89425023514994 860.8138412703303 9.0
    vertex 231.16239858257183 851.3314793605354 9.0
  endloop
endfacet
facet normal 0.0 0.0 1.0
  outer loop
    vertex 231.16239858257183 851.3314793605354 9.0
    vertex 195.89425023514994 860.8138412703303 9.0
    vertex 231.09425023514996 850.8138412703303 9.0
  endloop
endfacet
facet normal 0.0 0.0 1.0
  outer loop
    vertex 231.09425023514996 850.8138412703303 9.0
    vertex 195.89425023514994 860.8138412703303 9.0
    vertex 231.09425023514996 522.8138412703303 9.0
  endloop
endfacet
facet normal 0.0 0.0 1.0
  outer loop
    vertex 270.29425023514995 860.8138412703303 9.0
    vertex 232.57661214494493 852.7456929229083 9.0
    vertex 233.09425023514996 852.8138412703302 9.0
  endloop
endfacet
facet normal 0.0 0.0 1.0
  outer loop
    vertex 270.29425023514995 860.8138412703303 9.0
    vertex 233.09425023514996 852.8138412703302 9.0
    vertex 233.61188832535498 852.7456929229083 9.0
  endloop
endfacet
facet normal 0.0 0.0 1.0
  outer loop
    vertex 270.29425023514995 860.8138412703303 9.0
    vertex 233.61188832535498 852.7456929229083 9.0
    vertex 234.09425023514996 852.5458920778992 9.0
  endloop
endfacet
facet normal 0.0 0.0 1.0
  outer loop
    vertex 270.29425023514995 860.8138412703303 9.0
    vertex 234.09425023514996 852.5458920778992 9.0
    vertex 234.50846379752304 852.2280548327033 9.0
  endloop
endfacet
facet normal 0.0 0.0 1.0
  outer loop
    vertex 270.29425023514995 860.8138412703303 9.0
    vertex 234.50846379752304 852.2280548327033 9.0
    vertex 234.82630104271882 851.8138412703302 9.0
  endloop
endfacet
facet normal 0.0 0.0 1.0
  outer loop
    vertex 270.29425023514995 860.8138412703303 9.0
    vertex 234.82630104271882 851.8138412703302 9.0
    vertex 235.02610188772806 851.3314793605354 9.0
  endloop
endfacet
facet normal 0.0 0.0 1.0
  outer loop
    vertex 270.29425023514995 860.8138412703303 9.0
    vertex 235.02610188772806 851.3314793605354 9.0
    vertex 235.09425023514996 850.8138412703303 9.0
  endloop
endfacet
facet normal 0.0 0.0 1.0
  outer loop
    vertex 270.29425023514995 860.8138412703303 9.0
    vertex 235.09425023514996 850.8138412703303 9.0
    vertex 270.29425023514995 512.8138412703303 9.0
  endloop
endfacet
facet normal 0.0 0.0 1.0
  outer loop
    vertex 270.29425023514995 860.8138412703303 9.0
    vertex 270.29425023514995 512.8138412703303 9.0
    vertex 270.29425023514995 516.8138412703303 9.0
  endloop
endfacet
facet normal 0.0 0.0 1.0
  outer loop
    vertex 270.29425023514995 860.8138412703303 9.0
    vertex 270.29425023514995 516.8138412703303 9.0
    vertex 270.29425023514995 856.8138412703303 9.0
  endloop
endfacet
facet normal 0.0 0.0 1.0
  outer loop
    vertex 231.16239858257183 523.3314793605354 9.0
    vertex 231.09425023514996 850.8138412703303 9.0
    vertex 231.09425023514996 522.8138412703303 9.0
  endloop
endfacet
facet normal 0.0 0.0 1.0
  outer loop
    vertex 231.09425023514996 850.8138412703303 9.0
    vertex 231.16239858257183 523.3314793605354 9.0
    vertex 231.16239858257183 850.2962031801252 9.0
  endloop
endfacet
facet normal 0.0 0.0 1.0
  outer loop
    vertex 231.16239858257183 850.2962031801252 9.0
    vertex 231.16239858257183 523.3314793605354 9.0
    vertex 231.3621994275811 523.8138412703303 9.0
  endloop
endfacet
facet normal 0.0 0.0 1.0
  outer loop
    vertex 231.16239858257183 850.2962031801252 9.0
    vertex 231.3621994275811 523.8138412703303 9.0
    vertex 231.3621994275811 849.8138412703303 9.0
  endloop
endfacet
facet normal 0.0 0.0 1.0
  outer loop
    vertex 231.3621994275811 849.8138412703303 9.0
    vertex 231.3621994275811 523.8138412703303 9.0
    vertex 231.68003667277685 524.2280548327034 9.0
  endloop
endfacet
facet normal 0.0 0.0 1.0
  outer loop
    vertex 231.3621994275811 849.8138412703303 9.0
    vertex 231.68003667277685 524.2280548327034 9.0
    vertex 231.68003667277685 849.3996277079573 9.0
  endloop
endfacet
facet normal 0.0 0.0 1.0
  outer loop
    vertex 231.68003667277685 849.3996277079573 9.0
    vertex 231.68003667277685 524.2280548327034 9.0
    vertex 232.09425023514996 524.5458920778991 9.0
  endloop
endfacet
facet normal 0.0 0.0 1.0
  outer loop
    vertex 231.68003667277685 849.3996277079573 9.0
    vertex 232.09425023514996 524.5458920778991 9.0
    vertex 232.09425023514996 849.0817904627613 9.0
  endloop
endfacet
facet normal 0.0 0.0 1.0
  outer loop
    vertex 232.09425023514996 849.0817904627613 9.0
    vertex 232.09425023514996 524.5458920778991 9.0
    vertex 232.57661214494493 524.7456929229085 9.0
  endloop
endfacet
facet normal 0.0 0.0 1.0
  outer loop
    vertex 232.09425023514996 849.0817904627613 9.0
    vertex 232.57661214494493 524.7456929229085 9.0
    vertex 232.57661214494493 848.8819896177522 9.0
  endloop
endfacet
facet normal 0.0 0.0 1.0
  outer loop
    vertex 232.57661214494493 848.8819896177522 9.0
    vertex 232.57661214494493 524.7456929229085 9.0
    vertex 233.09425023514996 524.8138412703303 9.0
  endloop
endfacet
facet normal 0.0 0.0 1.0
  outer loop
    vertex 232.57661214494493 848.8819896177522 9.0
    vertex 233.09425023514996 524.8138412703303 9.0
    vertex 233.09425023514996 848.8138412703304 9.0
  endloop
endfacet
facet normal 0.0 0.0 1.0
  outer loop
    vertex 233.09425023514996 848.8138412703304 9.0
    vertex 233.09425023514996 524.8138412703303 9.0
    vertex 233.61188832535498 524.7456929229085 9.0
  endloop
endfacet
facet normal 0.0 0.0 1.0
  outer loop
    vertex 233.09425023514996 848.8138412703304 9.0
    vertex 233.61188832535498 524.7456929229085 9.0
    vertex 233.61188832535498 848.8819896177522 9.0
  endloop
endfacet
facet normal 0.0 0.0 1.0
  outer loop
    vertex 233.61188832535498 848.8819896177522 9.0
    vertex 233.61188832535498 524.7456929229085 9.0
    vertex 234.09425023514996 524.5458920778991 9.0
  endloop
endfacet
facet normal 0.0 0.0 1.0
  outer loop
    vertex 233.61188832535498 848.8819896177522 9.0
    vertex 234.09425023514996 524.5458920778991 9.0
    vertex 234.09425023514996 849.0817904627613 9.0
  endloop
endfacet
facet normal 0.0 0.0 1.0
  outer loop
    vertex 234.09425023514996 849.0817904627613 9.0
    vertex 234.09425023514996 524.5458920778991 9.0
    vertex 234.50846379752304 524.2280548327034 9.0
  endloop
endfacet
facet normal 0.0 0.0 1.0
  outer loop
    vertex 234.09425023514996 849.0817904627613 9.0
    vertex 234.50846379752304 524.2280548327034 9.0
    vertex 234.50846379752304 849.3996277079573 9.0
  endloop
endfacet
facet normal 0.0 0.0 1.0
  outer loop
    vertex 234.50846379752304 849.3996277079573 9.0
    vertex 234.50846379752304 524.2280548327034 9.0
    vertex 234.82630104271882 523.8138412703304 9.0
  endloop
endfacet
facet normal 0.0 0.0 1.0
  outer loop
    vertex 234.50846379752304 849.3996277079573 9.0
    vertex 234.82630104271882 523.8138412703304 9.0
    vertex 234.82630104271882 849.8138412703303 9.0
  endloop
endfacet
facet normal 0.0 0.0 1.0
  outer loop
    vertex 234.82630104271882 849.8138412703303 9.0
    vertex 234.82630104271882 523.8138412703304 9.0
    vertex 235.02610188772806 523.3314793605354 9.0
  endloop
endfacet
facet normal 0.0 0.0 1.0
  outer loop
    vertex 234.82630104271882 849.8138412703303 9.0
    vertex 235.02610188772806 523.3314793605354 9.0
    vertex 235.02610188772806 850.2962031801252 9.0
  endloop
endfacet
facet normal 0.0 0.0 1.0
  outer loop
    vertex 235.02610188772806 850.2962031801252 9.0
    vertex 235.02610188772806 523.3314793605354 9.0
    vertex 235.09425023514996 522.8138412703303 9.0
  endloop
endfacet
facet normal 0.0 0.0 1.0
  outer loop
    vertex 235.02610188772806 850.2962031801252 9.0
    vertex 235.09425023514996 522.8138412703303 9.0
    vertex 235.09425023514996 850.8138412703303 9.0
  endloop
endfacet
facet normal 0.0 0.0 1.0
  outer loop
    vertex 195.89425023514994 516.8138412703303 9.0
    vertex 165.59425023514996 557.1138412703303 9.0
    vertex 165.59425023514996 516.8138412703303 9.0
  endloop
endfacet
facet normal 0.0 0.0 1.0
  outer loop
    vertex 165.59425023514996 557.1138412703303 9.0
    vertex 195.89425023514994 516.8138412703303 9.0
    vertex 165.59425023514996 816.5138412703301 9.0
  endloop
endfacet
facet normal 0.0 0.0 1.0
  outer loop
    vertex 165.59425023514996 816.5138412703301 9.0
    vertex 195.89425023514994 516.8138412703303 9.0
    vertex 165.59425023514996 856.8138412703303 9.0
  endloop
endfacet
facet normal 0.0 0.0 1.0
  outer loop
    vertex 165.59425023514996 856.8138412703303 9.0
    vertex 195.89425023514994 516.8138412703303 9.0
    vertex 195.89425023514994 856.8138412703303 9.0
  endloop
endfacet
facet normal 0.0 0.0 1.0
  outer loop
    vertex 165.59425023514996 557.1138412703303 9.0
    vertex 161.59425023514996 816.5138412703301 9.0
    vertex 161.59425023514996 557.1138412703303 9.0
  endloop
endfacet
facet normal 0.0 0.0 1.0
  outer loop
    vertex 161.59425023514996 816.5138412703301 9.0
    vertex 165.59425023514996 557.1138412703303 9.0
    vertex 165.59425023514996 816.5138412703301 9.0
  endloop
endfacet
facet normal 0.0 0.0 -1.0
  outer loop
    vertex 270.29425023514995 860.8138412703303 0.0
    vertex 195.89425023514994 856.8138412703303 0.0
    vertex 195.89425023514994 860.8138412703303 0.0
  endloop
endfacet
facet normal 0.0 0.0 -1.0
  outer loop
    vertex 195.89425023514994 856.8138412703303 0.0
    vertex 270.29425023514995 860.8138412703303 0.0
    vertex 232.57661214494493 852.7456929229083 -5.639932965095795e-15
  endloop
endfacet
facet normal 0.0 0.0 -1.0
  outer loop
    vertex 195.89425023514994 856.8138412703303 0.0
    vertex 232.57661214494493 852.7456929229083 -5.639932965095795e-15
    vertex 232.09425023514996 852.5458920778992 -5.639932965095795e-15
  endloop
endfacet
facet normal 0.0 0.0 -1.0
  outer loop
    vertex 195.89425023514994 856.8138412703303 0.0
    vertex 232.09425023514996 852.5458920778992 -5.639932965095795e-15
    vertex 231.68003667277685 852.2280548327033 -5.639932965095795e-15
  endloop
endfacet
facet normal 0.0 0.0 -1.0
  outer loop
    vertex 195.89425023514994 856.8138412703303 0.0
    vertex 231.68003667277685 852.2280548327033 -5.639932965095795e-15
    vertex 231.3621994275811 851.8138412703302 -5.639932965095795e-15
  endloop
endfacet
facet normal 0.0 0.0 -1.0
  outer loop
    vertex 195.89425023514994 856.8138412703303 0.0
    vertex 231.3621994275811 851.8138412703302 -5.639932965095795e-15
    vertex 231.16239858257183 851.3314793605354 -5.639932965095795e-15
  endloop
endfacet
facet normal 0.0 0.0 -1.0
  outer loop
    vertex 195.89425023514994 856.8138412703303 0.0
    vertex 231.16239858257183 851.3314793605354 -5.639932965095795e-15
    vertex 231.09425023514996 850.8138412703303 -5.639932965095795e-15
  endloop
endfacet
facet normal 0.0 0.0 -1.0
  outer loop
    vertex 195.89425023514994 856.8138412703303 0.0
    vertex 231.09425023514996 850.8138412703303 -5.639932965095795e-15
    vertex 195.89425023514994 516.8138412703303 0.0
  endloop
endfacet
facet normal 0.0 0.0 -1.0
  outer loop
    vertex 195.89425023514994 516.8138412703303 0.0
    vertex 231.09425023514996 850.8138412703303 -5.639932965095795e-15
    vertex 195.89425023514994 512.8138412703303 0.0
  endloop
endfacet
facet normal 0.0 0.0 -1.0
  outer loop
    vertex 232.57661214494493 852.7456929229083 -5.639932965095795e-15
    vertex 270.29425023514995 860.8138412703303 0.0
    vertex 233.09425023514996 852.8138412703302 -5.639932965095795e-15
  endloop
endfacet
facet normal 0.0 0.0 -1.0
  outer loop
    vertex 233.09425023514996 852.8138412703302 -5.639932965095795e-15
    vertex 270.29425023514995 860.8138412703303 0.0
    vertex 233.61188832535498 852.7456929229083 -5.639932965095795e-15
  endloop
endfacet
facet normal 0.0 0.0 -1.0
  outer loop
    vertex 233.61188832535498 852.7456929229083 -5.639932965095795e-15
    vertex 270.29425023514995 860.8138412703303 0.0
    vertex 234.09425023514996 852.5458920778992 -5.639932965095795e-15
  endloop
endfacet
facet normal 0.0 0.0 -1.0
  outer loop
    vertex 234.09425023514996 852.5458920778992 -5.639932965095795e-15
    vertex 270.29425023514995 860.8138412703303 0.0
    vertex 234.50846379752304 852.2280548327033 -5.639932965095795e-15
  endloop
endfacet
facet normal 0.0 0.0 -1.0
  outer loop
    vertex 234.50846379752304 852.2280548327033 -5.639932965095795e-15
    vertex 270.29425023514995 860.8138412703303 0.0
    vertex 234.82630104271882 851.8138412703302 -5.639932965095795e-15
  endloop
endfacet
facet normal 0.0 0.0 -1.0
  outer loop
    vertex 234.82630104271882 851.8138412703302 -5.639932965095795e-15
    vertex 270.29425023514995 860.8138412703303 0.0
    vertex 235.02610188772806 851.3314793605354 -5.639932965095795e-15
  endloop
endfacet
facet normal 0.0 0.0 -1.0
  outer loop
    vertex 235.02610188772806 851.3314793605354 -5.639932965095795e-15
    vertex 270.29425023514995 860.8138412703303 0.0
    vertex 235.09425023514996 850.8138412703303 -5.639932965095795e-15
  endloop
endfacet
facet normal 0.0 0.0 -1.0
  outer loop
    vertex 235.09425023514996 850.8138412703303 -5.639932965095795e-15
    vertex 270.29425023514995 860.8138412703303 0.0
    vertex 235.09425023514996 522.8138412703303 -1.127986593019159e-14
  endloop
endfacet
facet normal 0.0 0.0 -1.0
  outer loop
    vertex 300.59425023514996 856.8138412703303 0.0
    vertex 270.29425023514995 516.8138412703303 0.0
    vertex 270.29425023514995 856.8138412703303 0.0
  endloop
endfacet
facet normal 0.0 0.0 -1.0
  outer loop
    vertex 270.29425023514995 516.8138412703303 0.0
    vertex 300.59425023514996 856.8138412703303 0.0
    vertex 300.59425023514996 516.8138412703303 0.0
  endloop
endfacet
facet normal 0.0 0.0 -1.0
  outer loop
    vertex 195.89425023514994 512.8138412703303 0.0
    vertex 232.57661214494493 520.8819896177521 -1.127986593019159e-14
    vertex 270.29425023514995 512.8138412703303 0.0
  endloop
endfacet
facet normal 0.0 0.0 -1.0
  outer loop
    vertex 232.57661214494493 520.8819896177521 -1.127986593019159e-14
    vertex 195.89425023514994 512.8138412703303 0.0
    vertex 232.09425023514996 521.0817904627614 -1.127986593019159e-14
  endloop
endfacet
facet normal 0.0 0.0 -1.0
  outer loop
    vertex 232.09425023514996 521.0817904627614 -1.127986593019159e-14
    vertex 195.89425023514994 512.8138412703303 0.0
    vertex 231.68003667277685 521.3996277079572 -1.127986593019159e-14
  endloop
endfacet
facet normal 0.0 0.0 -1.0
  outer loop
    vertex 231.68003667277685 521.3996277079572 -1.127986593019159e-14
    vertex 195.89425023514994 512.8138412703303 0.0
    vertex 231.3621994275811 521.8138412703303 -1.127986593019159e-14
  endloop
endfacet
facet normal 0.0 0.0 -1.0
  outer loop
    vertex 231.3621994275811 521.8138412703303 -1.127986593019159e-14
    vertex 195.89425023514994 512.8138412703303 0.0
    vertex 231.16239858257183 522.2962031801252 -1.127986593019159e-14
  endloop
endfacet
facet normal 0.0 0.0 -1.0
  outer loop
    vertex 231.16239858257183 522.2962031801252 -1.127986593019159e-14
    vertex 195.89425023514994 512.8138412703303 0.0
    vertex 231.09425023514996 522.8138412703303 -1.127986593019159e-14
  endloop
endfacet
facet normal 0.0 0.0 -1.0
  outer loop
    vertex 231.09425023514996 522.8138412703303 -1.127986593019159e-14
    vertex 195.89425023514994 512.8138412703303 0.0
    vertex 231.09425023514996 850.8138412703303 -5.639932965095795e-15
  endloop
endfacet
facet normal 0.0 0.0 -1.0
  outer loop
    vertex 270.29425023514995 512.8138412703303 0.0
    vertex 232.57661214494493 520.8819896177521 -1.127986593019159e-14
    vertex 233.09425023514996 520.8138412703303 -1.127986593019159e-14
  endloop
endfacet
facet normal 0.0 0.0 -1.0
  outer loop
    vertex 270.29425023514995 512.8138412703303 0.0
    vertex 233.09425023514996 520.8138412703303 -1.127986593019159e-14
    vertex 233.61188832535498 520.8819896177521 -1.127986593019159e-14
  endloop
endfacet
facet normal 0.0 0.0 -1.0
  outer loop
    vertex 270.29425023514995 512.8138412703303 0.0
    vertex 233.61188832535498 520.8819896177521 -1.127986593019159e-14
    vertex 234.09425023514996 521.0817904627614 -1.127986593019159e-14
  endloop
endfacet
facet normal 0.0 0.0 -1.0
  outer loop
    vertex 270.29425023514995 512.8138412703303 0.0
    vertex 234.09425023514996 521.0817904627614 -1.127986593019159e-14
    vertex 234.50846379752304 521.3996277079572 -1.127986593019159e-14
  endloop
endfacet
facet normal 0.0 0.0 -1.0
  outer loop
    vertex 270.29425023514995 512.8138412703303 0.0
    vertex 234.50846379752304 521.3996277079572 -1.127986593019159e-14
    vertex 234.82630104271882 521.8138412703304 -1.127986593019159e-14
  endloop
endfacet
facet normal 0.0 0.0 -1.0
  outer loop
    vertex 270.29425023514995 512.8138412703303 0.0
    vertex 234.82630104271882 521.8138412703304 -1.127986593019159e-14
    vertex 235.02610188772806 522.2962031801252 -1.127986593019159e-14
  endloop
endfacet
facet normal 0.0 0.0 -1.0
  outer loop
    vertex 270.29425023514995 512.8138412703303 0.0
    vertex 235.02610188772806 522.2962031801252 -1.127986593019159e-14
    vertex 235.09425023514996 522.8138412703303 -1.127986593019159e-14
  endloop
endfacet
facet normal 0.0 0.0 -1.0
  outer loop
    vertex 270.29425023514995 512.8138412703303 0.0
    vertex 235.09425023514996 522.8138412703303 -1.127986593019159e-14
    vertex 270.29425023514995 860.8138412703303 0.0
  endloop
endfacet
facet normal 0.0 0.0 -1.0
  outer loop
    vertex 270.29425023514995 512.8138412703303 0.0
    vertex 270.29425023514995 860.8138412703303 0.0
    vertex 270.29425023514995 856.8138412703303 0.0
  endloop
endfacet
facet normal 0.0 0.0 -1.0
  outer loop
    vertex 270.29425023514995 512.8138412703303 0.0
    vertex 270.29425023514995 856.8138412703303 0.0
    vertex 270.29425023514995 516.8138412703303 0.0
  endloop
endfacet
facet normal 0.0 0.0 -1.0
  outer loop
    vertex 231.16239858257183 850.2962031801252 -5.639932965095795e-15
    vertex 231.09425023514996 522.8138412703303 -1.127986593019159e-14
    vertex 231.09425023514996 850.8138412703303 -5.639932965095795e-15
  endloop
endfacet
facet normal 0.0 0.0 -1.0
  outer loop
    vertex 231.09425023514996 522.8138412703303 -1.127986593019159e-14
    vertex 231.16239858257183 850.2962031801252 -5.639932965095795e-15
    vertex 231.16239858257183 523.3314793605354 -1.127986593019159e-14
  endloop
endfacet
facet normal 0.0 0.0 -1.0
  outer loop
    vertex 231.16239858257183 523.3314793605354 -1.127986593019159e-14
    vertex 231.16239858257183 850.2962031801252 -5.639932965095795e-15
    vertex 231.3621994275811 849.8138412703303 -5.639932965095795e-15
  endloop
endfacet
facet normal 0.0 0.0 -1.0
  outer loop
    vertex 231.16239858257183 523.3314793605354 -1.127986593019159e-14
    vertex 231.3621994275811 849.8138412703303 -5.639932965095795e-15
    vertex 231.3621994275811 523.8138412703303 -1.127986593019159e-14
  endloop
endfacet
facet normal 0.0 0.0 -1.0
  outer loop
    vertex 231.3621994275811 523.8138412703303 -1.127986593019159e-14
    vertex 231.3621994275811 849.8138412703303 -5.639932965095795e-15
    vertex 231.68003667277685 849.3996277079573 -5.639932965095795e-15
  endloop
endfacet
facet normal 0.0 0.0 -1.0
  outer loop
    vertex 231.3621994275811 523.8138412703303 -1.127986593019159e-14
    vertex 231.68003667277685 849.3996277079573 -5.639932965095795e-15
    vertex 231.68003667277685 524.2280548327034 -1.127986593019159e-14
  endloop
endfacet
facet normal 0.0 0.0 -1.0
  outer loop
    vertex 231.68003667277685 524.2280548327034 -1.127986593019159e-14
    vertex 231.68003667277685 849.3996277079573 -5.639932965095795e-15
    vertex 232.09425023514996 849.0817904627613 -5.639932965095795e-15
  endloop
endfacet
facet normal 0.0 0.0 -1.0
  outer loop
    vertex 231.68003667277685 524.2280548327034 -1.127986593019159e-14
    vertex 232.09425023514996 849.0817904627613 -5.639932965095795e-15
    vertex 232.09425023514996 524.5458920778991 -1.127986593019159e-14
  endloop
endfacet
facet normal 0.0 0.0 -1.0
  outer loop
    vertex 232.09425023514996 524.5458920778991 -1.127986593019159e-14
    vertex 232.09425023514996 849.0817904627613 -5.639932965095795e-15
    vertex 232.57661214494493 848.8819896177522 -5.639932965095795e-15
  endloop
endfacet
facet normal 0.0 0.0 -1.0
  outer loop
    vertex 232.09425023514996 524.5458920778991 -1.127986593019159e-14
    vertex 232.57661214494493 848.8819896177522 -5.639932965095795e-15
    vertex 232.57661214494493 524.7456929229085 -1.127986593019159e-14
  endloop
endfacet
facet normal 0.0 0.0 -1.0
  outer loop
    vertex 232.57661214494493 524.7456929229085 -1.127986593019159e-14
    vertex 232.57661214494493 848.8819896177522 -5.639932965095795e-15
    vertex 233.09425023514996 848.8138412703304 -5.639932965095795e-15
  endloop
endfacet
facet normal 0.0 0.0 -1.0
  outer loop
    vertex 232.57661214494493 524.7456929229085 -1.127986593019159e-14
    vertex 233.09425023514996 848.8138412703304 -5.639932965095795e-15
    vertex 233.09425023514996 524.8138412703303 -1.127986593019159e-14
  endloop
endfacet
facet normal 0.0 0.0 -1.0
  outer loop
    vertex 233.09425023514996 524.8138412703303 -1.127986593019159e-14
    vertex 233.09425023514996 848.8138412703304 -5.639932965095795e-15
    vertex 233.61188832535498 848.8819896177522 -5.639932965095795e-15
  endloop
endfacet
facet normal 0.0 0.0 -1.0
  outer loop
    vertex 233.09425023514996 524.8138412703303 -1.127986593019159e-14
    vertex 233.61188832535498 848.8819896177522 -5.639932965095795e-15
    vertex 233.61188832535498 524.7456929229085 -1.127986593019159e-14
  endloop
endfacet
facet normal 0.0 0.0 -1.0
  outer loop
    vertex 233.61188832535498 524.7456929229085 -1.127986593019159e-14
    vertex 233.61188832535498 848.8819896177522 -5.639932965095795e-15
    vertex 234.09425023514996 849.0817904627613 -5.639932965095795e-15
  endloop
endfacet
facet normal 0.0 0.0 -1.0
  outer loop
    vertex 233.61188832535498 524.7456929229085 -1.127986593019159e-14
    vertex 234.09425023514996 849.0817904627613 -5.639932965095795e-15
    vertex 234.09425023514996 524.5458920778991 -1.127986593019159e-14
  endloop
endfacet
facet normal 0.0 0.0 -1.0
  outer loop
    vertex 234.09425023514996 524.5458920778991 -1.127986593019159e-14
    vertex 234.09425023514996 849.0817904627613 -5.639932965095795e-15
    vertex 234.50846379752304 849.3996277079573 -5.639932965095795e-15
  endloop
endfacet
facet normal 0.0 0.0 -1.0
  outer loop
    vertex 234.09425023514996 524.5458920778991 -1.127986593019159e-14
    vertex 234.50846379752304 849.3996277079573 -5.639932965095795e-15
    vertex 234.50846379752304 524.2280548327034 -1.127986593019159e-14
  endloop
endfacet
facet normal 0.0 0.0 -1.0
  outer loop
    vertex 234.50846379752304 524.2280548327034 -1.127986593019159e-14
    vertex 234.50846379752304 849.3996277079573 -5.639932965095795e-15
    vertex 234.82630104271882 849.8138412703303 -5.639932965095795e-15
  endloop
endfacet
facet normal 0.0 0.0 -1.0
  outer loop
    vertex 234.50846379752304 524.2280548327034 -1.127986593019159e-14
    vertex 234.82630104271882 849.8138412703303 -5.639932965095795e-15
    vertex 234.82630104271882 523.8138412703304 -1.127986593019159e-14
  endloop
endfacet
facet normal 0.0 0.0 -1.0
  outer loop
    vertex 234.82630104271882 523.8138412703304 -1.127986593019159e-14
    vertex 234.82630104271882 849.8138412703303 -5.639932965095795e-15
    vertex 235.02610188772806 850.2962031801252 -5.639932965095795e-15
  endloop
endfacet
facet normal 0.0 0.0 -1.0
  outer loop
    vertex 234.82630104271882 523.8138412703304 -1.127986593019159e-14
    vertex 235.02610188772806 850.2962031801252 -5.639932965095795e-15
    vertex 235.02610188772806 523.3314793605354 -1.127986593019159e-14
  endloop
endfacet
facet normal 0.0 0.0 -1.0
  outer loop
    vertex 235.02610188772806 523.3314793605354 -1.127986593019159e-14
    vertex 235.02610188772806 850.2962031801252 -5.639932965095795e-15
    vertex 235.09425023514996 850.8138412703303 -5.639932965095795e-15
  endloop
endfacet
facet normal 0.0 0.0 -1.0
  outer loop
    vertex 235.02610188772806 523.3314793605354 -1.127986593019159e-14
    vertex 235.09425023514996 850.8138412703303 -5.639932965095795e-15
    vertex 235.09425023514996 522.8138412703303 -1.127986593019159e-14
  endloop
endfacet
facet normal 0.0 0.0 -1.0
  outer loop
    vertex 195.89425023514994 856.8138412703303 0.0
    vertex 165.59425023514996 816.5138412703301 0.0
    vertex 165.59425023514996 856.8138412703303 0.0
  endloop
endfacet
facet normal 0.0 0.0 -1.0
  outer loop
    vertex 165.59425023514996 816.5138412703301 0.0
    vertex 195.89425023514994 856.8138412703303 0.0
    vertex 165.59425023514996 557.1138412703303 0.0
  endloop
endfacet
facet normal 0.0 0.0 -1.0
  outer loop
    vertex 165.59425023514996 557.1138412703303 0.0
    vertex 195.89425023514994 856.8138412703303 0.0
    vertex 165.59425023514996 516.8138412703303 0.0
  endloop
endfacet
facet normal 0.0 0.0 -1.0
  outer loop
    vertex 165.59425023514996 516.8138412703303 0.0
    vertex 195.89425023514994 856.8138412703303 0.0
    vertex 195.89425023514994 516.8138412703303 0.0
  endloop
endfacet
facet normal 0.0 0.0 -1.0
  outer loop
    vertex 165.59425023514996 816.5138412703301 0.0
    vertex 161.59425023514996 557.1138412703303 0.0
    vertex 161.59425023514996 816.5138412703301 0.0
  endloop
endfacet
facet normal 0.0 0.0 -1.0
  outer loop
    vertex 161.59425023514996 557.1138412703303 0.0
    vertex 165.59425023514996 816.5138412703301 0.0
    vertex 165.59425023514996 557.1138412703303 0.0
  endloop
endfacet
facet normal 1.0 0.0 0.0
  outer loop
    vertex 300.59425023514996 856.8138412703303 0.0
    vertex 300.59425023514996 516.8138412703303 9.0
    vertex 300.59425023514996 516.8138412703303 0.0
  endloop
endfacet
facet normal 1.0 0.0 0.0
  outer loop
    vertex 300.59425023514996 516.8138412703303 9.0
    vertex 300.59425023514996 856.8138412703303 0.0
    vertex 300.59425023514996 856.8138412703303 9.0
  endloop
endfacet
facet normal -1.0 0.0 0.0
  outer loop
    vertex 165.59425023514996 557.1138412703303 9.0
    vertex 165.59425023514996 516.8138412703303 0.0
    vertex 165.59425023514996 516.8138412703303 9.0
  endloop
endfacet
facet normal -1.0 0.0 0.0
  outer loop
    vertex 165.59425023514996 516.8138412703303 0.0
    vertex 165.59425023514996 557.1138412703303 9.0
    vertex 165.59425023514996 557.1138412703303 0.0
  endloop
endfacet
facet normal 0.0 -1.0 0.0
  outer loop
    vertex 300.59425023514996 516.8138412703303 9.0
    vertex 270.29425023514995 516.8138412703303 0.0
    vertex 300.59425023514996 516.8138412703303 0.0
  endloop
endfacet
facet normal 0.0 -1.0 0.0
  outer loop
    vertex 270.29425023514995 516.8138412703303 0.0
    vertex 300.59425023514996 516.8138412703303 9.0
    vertex 270.29425023514995 516.8138412703303 9.0
  endloop
endfacet
facet normal -1.0 0.0 0.0
  outer loop
    vertex 165.59425023514996 856.8138412703303 9.0
    vertex 165.59425023514996 816.5138412703301 0.0
    vertex 165.59425023514996 816.5138412703301 9.0
  endloop
endfacet
facet normal -1.0 0.0 0.0
  outer loop
    vertex 165.59425023514996 816.5138412703301 0.0
    vertex 165.59425023514996 856.8138412703303 9.0
    vertex 165.59425023514996 856.8138412703303 0.0
  endloop
endfacet
facet normal -1.0 0.0 0.0
  outer loop
    vertex 161.59425023514996 816.5138412703301 9.0
    vertex 161.59425023514996 557.1138412703303 0.0
    vertex 161.59425023514996 557.1138412703303 9.0
  endloop
endfacet
facet normal -1.0 0.0 0.0
  outer loop
    vertex 161.59425023514996 557.1138412703303 0.0
    vertex 161.59425023514996 816.5138412703301 9.0
    vertex 161.59425023514996 816.5138412703301 0.0
  endloop
endfacet
facet normal 0.0 -1.0 0.0
  outer loop
    vertex 165.59425023514996 557.1138412703303 9.0
    vertex 161.59425023514996 557.1138412703303 0.0
    vertex 165.59425023514996 557.1138412703303 0.0
  endloop
endfacet
facet normal 0.0 -1.0 0.0
  outer loop
    vertex 161.59425023514996 557.1138412703303 0.0
    vertex 165.59425023514996 557.1138412703303 9.0
    vertex 161.59425023514996 557.1138412703303 9.0
  endloop
endfacet
facet normal 0.0 1.0 0.0
  outer loop
    vertex 161.59425023514996 816.5138412703301 9.0
    vertex 165.59425023514996 816.5138412703301 0.0
    vertex 161.59425023514996 816.5138412703301 0.0
  endloop
endfacet
facet normal 0.0 1.0 0.0
  outer loop
    vertex 165.59425023514996 816.5138412703301 0.0
    vertex 161.59425023514996 816.5138412703301 9.0
    vertex 165.59425023514996 816.5138412703301 9.0
  endloop
endfacet
facet normal 0.0 1.0 0.0
  outer loop
    vertex 270.29425023514995 856.8138412703303 9.0
    vertex 300.59425023514996 856.8138412703303 0.0
    vertex 270.29425023514995 856.8138412703303 0.0
  endloop
endfacet
facet normal 0.0 1.0 0.0
  outer loop
    vertex 300.59425023514996 856.8138412703303 0.0
    vertex 270.29425023514995 856.8138412703303 9.0
    vertex 300.59425023514996 856.8138412703303 9.0
  endloop
endfacet
facet normal 0.0 1.0 0.0
  outer loop
    vertex 195.89425023514994 860.8138412703303 9.0
    vertex 270.29425023514995 860.8138412703303 0.0
    vertex 195.89425023514994 860.8138412703303 0.0
  endloop
endfacet
facet normal 0.0 1.0 0.0
  outer loop
    vertex 270.29425023514995 860.8138412703303 0.0
    vertex 195.89425023514994 860.8138412703303 9.0
    vertex 270.29425023514995 860.8138412703303 9.0
  endloop
endfacet
facet normal -1.0 0.0 0.0
  outer loop
    vertex 195.89425023514994 860.8138412703303 9.0
    vertex 195.89425023514994 856.8138412703303 0.0
    vertex 195.89425023514994 856.8138412703303 9.0
  endloop
endfacet
facet normal -1.0 0.0 0.0
  outer loop
    vertex 195.89425023514994 856.8138412703303 0.0
    vertex 195.89425023514994 860.8138412703303 9.0
    vertex 195.89425023514994 860.8138412703303 0.0
  endloop
endfacet
facet normal 1.0 0.0 0.0
  outer loop
    vertex 270.29425023514995 860.8138412703303 0.0
    vertex 270.29425023514995 856.8138412703303 9.0
    vertex 270.29425023514995 856.8138412703303 0.0
  endloop
endfacet
facet normal 1.0 0.0 0.0
  outer loop
    vertex 270.29425023514995 856.8138412703303 9.0
    vertex 270.29425023514995 860.8138412703303 0.0
    vertex 270.29425023514995 860.8138412703303 9.0
  endloop
endfacet
facet normal 0.0 -1.0 0.0
  outer loop
    vertex 195.89425023514994 516.8138412703303 9.0
    vertex 165.59425023514996 516.8138412703303 0.0
    vertex 195.89425023514994 516.8138412703303 0.0
  endloop
endfacet
facet normal 0.0 -1.0 0.0
  outer loop
    vertex 165.59425023514996 516.8138412703303 0.0
    vertex 195.89425023514994 516.8138412703303 9.0
    vertex 165.59425023514996 516.8138412703303 9.0
  endloop
endfacet
facet normal 0.0 -1.0 0.0
  outer loop
    vertex 270.29425023514995 512.8138412703303 9.0
    vertex 195.89425023514994 512.8138412703303 0.0
    vertex 270.29425023514995 512.8138412703303 0.0
  endloop
endfacet
facet normal 0.0 -1.0 0.0
  outer loop
    vertex 195.89425023514994 512.8138412703303 0.0
    vertex 270.29425023514995 512.8138412703303 9.0
    vertex 195.89425023514994 512.8138412703303 9.0
  endloop
endfacet
facet normal -1.0 -0.0 -0.0
  outer loop
    vertex 195.89425023514994 516.8138412703303 9.0
    vertex 195.89425023514994 512.8138412703303 0.0
    vertex 195.89425023514994 512.8138412703303 9.0
  endloop
endfacet
facet normal -1.0 -0.0 -0.0
  outer loop
    vertex 195.89425023514994 512.8138412703303 0.0
    vertex 195.89425023514994 516.8138412703303 9.0
    vertex 195.89425023514994 516.8138412703303 0.0
  endloop
endfacet
facet normal 1.0 0.0 0.0
  outer loop
    vertex 270.29425023514995 516.8138412703303 0.0
    vertex 270.29425023514995 512.8138412703303 9.0
    vertex 270.29425023514995 512.8138412703303 0.0
  endloop
endfacet
facet normal 1.0 0.0 0.0
  outer loop
    vertex 270.29425023514995 512.8138412703303 9.0
    vertex 270.29425023514995 516.8138412703303 0.0
    vertex 270.29425023514995 516.8138412703303 9.0
  endloop
endfacet
facet normal 0.13052619221999262 0.9914448613738182 0.0
  outer loop
    vertex 232.57661214494493 520.8819896177521 9.0
    vertex 233.09425023514996 520.8138412703303 -1.127986593019159e-14
    vertex 232.57661214494493 520.8819896177521 -1.127986593019159e-14
  endloop
endfacet
facet normal 0.13052619221999262 0.9914448613738182 0.0
  outer loop
    vertex 233.09425023514996 520.8138412703303 -1.127986593019159e-14
    vertex 232.57661214494493 520.8819896177521 9.0
    vertex 233.09425023514996 520.8138412703303 9.0
  endloop
endfacet
facet normal -0.13052619221999262 0.9914448613738182 0.0
  outer loop
    vertex 233.09425023514996 520.8138412703303 9.0
    vertex 233.61188832535498 520.8819896177521 -1.127986593019159e-14
    vertex 233.09425023514996 520.8138412703303 -1.127986593019159e-14
  endloop
endfacet
facet normal -0.13052619221999262 0.9914448613738182 0.0
  outer loop
    vertex 233.61188832535498 520.8819896177521 -1.127986593019159e-14
    vertex 233.09425023514996 520.8138412703303 9.0
    vertex 233.61188832535498 520.8819896177521 9.0
  endloop
endfacet
facet normal -0.3826834323651444 0.9238795325112642 0.0
  outer loop
    vertex 233.61188832535498 520.8819896177521 9.0
    vertex 234.09425023514996 521.0817904627614 -1.127986593019159e-14
    vertex 233.61188832535498 520.8819896177521 -1.127986593019159e-14
  endloop
endfacet
facet normal -0.3826834323651444 0.9238795325112642 0.0
  outer loop
    vertex 234.09425023514996 521.0817904627614 -1.127986593019159e-14
    vertex 233.61188832535498 520.8819896177521 9.0
    vertex 234.09425023514996 521.0817904627614 9.0
  endloop
endfacet
facet normal -0.6087614290086991 0.7933533402912518 0.0
  outer loop
    vertex 234.09425023514996 521.0817904627614 9.0
    vertex 234.50846379752304 521.3996277079572 -1.127986593019159e-14
    vertex 234.09425023514996 521.0817904627614 -1.127986593019159e-14
  endloop
endfacet
facet normal -0.6087614290086991 0.7933533402912518 0.0
  outer loop
    vertex 234.50846379752304 521.3996277079572 -1.127986593019159e-14
    vertex 234.09425023514996 521.0817904627614 9.0
    vertex 234.50846379752304 521.3996277079572 9.0
  endloop
endfacet
facet normal -0.7933533402912837 0.6087614290086574 0.0
  outer loop
    vertex 234.82630104271882 521.8138412703304 9.0
    vertex 234.50846379752304 521.3996277079572 -1.127986593019159e-14
    vertex 234.50846379752304 521.3996277079572 9.0
  endloop
endfacet
facet normal -0.7933533402912837 0.6087614290086574 0.0
  outer loop
    vertex 234.50846379752304 521.3996277079572 -1.127986593019159e-14
    vertex 234.82630104271882 521.8138412703304 9.0
    vertex 234.82630104271882 521.8138412703304 -1.127986593019159e-14
  endloop
endfacet
facet normal -0.9238795325112693 0.3826834323651317 0.0
  outer loop
    vertex 235.02610188772806 522.2962031801252 9.0
    vertex 234.82630104271882 521.8138412703304 -1.127986593019159e-14
    vertex 234.82630104271882 521.8138412703304 9.0
  endloop
endfacet
facet normal -0.9238795325112693 0.3826834323651317 0.0
  outer loop
    vertex 234.82630104271882 521.8138412703304 -1.127986593019159e-14
    vertex 235.02610188772806 522.2962031801252 9.0
    vertex 235.02610188772806 522.2962031801252 -1.127986593019159e-14
  endloop
endfacet
facet normal -0.9914448613738085 0.1305261922200664 0.0
  outer loop
    vertex 235.09425023514996 522.8138412703303 9.0
    vertex 235.02610188772806 522.2962031801252 -1.127986593019159e-14
    vertex 235.02610188772806 522.2962031801252 9.0
  endloop
endfacet
facet normal -0.9914448613738085 0.1305261922200664 0.0
  outer loop
    vertex 235.02610188772806 522.2962031801252 -1.127986593019159e-14
    vertex 235.09425023514996 522.8138412703303 9.0
    vertex 235.09425023514996 522.8138412703303 -1.127986593019159e-14
  endloop
endfacet
facet normal -0.9914448613738085 -0.1305261922200664 -0.0
  outer loop
    vertex 235.02610188772806 523.3314793605354 9.0
    vertex 235.09425023514996 522.8138412703303 -1.127986593019159e-14
    vertex 235.09425023514996 522.8138412703303 9.0
  endloop
endfacet
facet normal -0.9914448613738085 -0.1305261922200664 -0.0
  outer loop
    vertex 235.09425023514996 522.8138412703303 -1.127986593019159e-14
    vertex 235.02610188772806 523.3314793605354 9.0
    vertex 235.02610188772806 523.3314793605354 -1.127986593019159e-14
  endloop
endfacet
facet normal -0.9238795325112947 -0.38268343236507063 -0.0
  outer loop
    vertex 234.82630104271882 523.8138412703304 9.0
    vertex 235.02610188772806 523.3314793605354 -1.127986593019159e-14
    vertex 235.02610188772806 523.3314793605354 9.0
  endloop
endfacet
facet normal -0.9238795325112947 -0.38268343236507063 -0.0
  outer loop
    vertex 235.02610188772806 523.3314793605354 -1.127986593019159e-14
    vertex 234.82630104271882 523.8138412703304 9.0
    vertex 234.82630104271882 523.8138412703304 -1.127986593019159e-14
  endloop
endfacet
facet normal -0.7933533402912196 -0.6087614290087409 -0.0
  outer loop
    vertex 234.50846379752304 524.2280548327034 9.0
    vertex 234.82630104271882 523.8138412703304 -1.127986593019159e-14
    vertex 234.82630104271882 523.8138412703304 9.0
  endloop
endfacet
facet normal -0.7933533402912196 -0.6087614290087409 -0.0
  outer loop
    vertex 234.82630104271882 523.8138412703304 -1.127986593019159e-14
    vertex 234.50846379752304 524.2280548327034 9.0
    vertex 234.50846379752304 524.2280548327034 -1.127986593019159e-14
  endloop
endfacet
facet normal -0.6087614290086991 -0.7933533402912518 -0.0
  outer loop
    vertex 234.50846379752304 524.2280548327034 9.0
    vertex 234.09425023514996 524.5458920778991 -1.127986593019159e-14
    vertex 234.50846379752304 524.2280548327034 -1.127986593019159e-14
  endloop
endfacet
facet normal -0.6087614290086991 -0.7933533402912518 -0.0
  outer loop
    vertex 234.09425023514996 524.5458920778991 -1.127986593019159e-14
    vertex 234.50846379752304 524.2280548327034 9.0
    vertex 234.09425023514996 524.5458920778991 9.0
  endloop
endfacet
facet normal -0.3826834323651444 -0.9238795325112642 -0.0
  outer loop
    vertex 234.09425023514996 524.5458920778991 9.0
    vertex 233.61188832535498 524.7456929229085 -1.127986593019159e-14
    vertex 234.09425023514996 524.5458920778991 -1.127986593019159e-14
  endloop
endfacet
facet normal -0.3826834323651444 -0.9238795325112642 -0.0
  outer loop
    vertex 233.61188832535498 524.7456929229085 -1.127986593019159e-14
    vertex 234.09425023514996 524.5458920778991 9.0
    vertex 233.61188832535498 524.7456929229085 9.0
  endloop
endfacet
facet normal -0.13052619221999262 -0.9914448613738182 -0.0
  outer loop
    vertex 233.61188832535498 524.7456929229085 9.0
    vertex 233.09425023514996 524.8138412703303 -1.127986593019159e-14
    vertex 233.61188832535498 524.7456929229085 -1.127986593019159e-14
  endloop
endfacet
facet normal -0.13052619221999262 -0.9914448613738182 -0.0
  outer loop
    vertex 233.09425023514996 524.8138412703303 -1.127986593019159e-14
    vertex 233.61188832535498 524.7456929229085 9.0
    vertex 233.09425023514996 524.8138412703303 9.0
  endloop
endfacet
facet normal 0.13052619221999262 -0.9914448613738182 0.0
  outer loop
    vertex 233.09425023514996 524.8138412703303 9.0
    vertex 232.57661214494493 524.7456929229085 -1.127986593019159e-14
    vertex 233.09425023514996 524.8138412703303 -1.127986593019159e-14
  endloop
endfacet
facet normal 0.13052619221999262 -0.9914448613738182 0.0
  outer loop
    vertex 232.57661214494493 524.7456929229085 -1.127986593019159e-14
    vertex 233.09425023514996 524.8138412703303 9.0
    vertex 232.57661214494493 524.7456929229085 9.0
  endloop
endfacet
facet normal 0.3826834323651444 -0.9238795325112642 0.0
  outer loop
    vertex 232.57661214494493 524.7456929229085 9.0
    vertex 232.09425023514996 524.5458920778991 -1.127986593019159e-14
    vertex 232.57661214494493 524.7456929229085 -1.127986593019159e-14
  endloop
endfacet
facet normal 0.3826834323651444 -0.9238795325112642 0.0
  outer loop
    vertex 232.09425023514996 524.5458920778991 -1.127986593019159e-14
    vertex 232.57661214494493 524.7456929229085 9.0
    vertex 232.09425023514996 524.5458920778991 9.0
  endloop
endfacet
facet normal 0.6087614290086991 -0.7933533402912518 0.0
  outer loop
    vertex 232.09425023514996 524.5458920778991 9.0
    vertex 231.68003667277685 524.2280548327034 -1.127986593019159e-14
    vertex 232.09425023514996 524.5458920778991 -1.127986593019159e-14
  endloop
endfacet
facet normal 0.6087614290086991 -0.7933533402912518 0.0
  outer loop
    vertex 231.68003667277685 524.2280548327034 -1.127986593019159e-14
    vertex 232.09425023514996 524.5458920778991 9.0
    vertex 231.68003667277685 524.2280548327034 9.0
  endloop
endfacet
facet normal 0.7933533402912837 -0.6087614290086574 0.0
  outer loop
    vertex 231.68003667277685 524.2280548327034 -1.127986593019159e-14
    vertex 231.3621994275811 523.8138412703303 9.0
    vertex 231.3621994275811 523.8138412703303 -1.127986593019159e-14
  endloop
endfacet
facet normal 0.7933533402912837 -0.6087614290086574 0.0
  outer loop
    vertex 231.3621994275811 523.8138412703303 9.0
    vertex 231.68003667277685 524.2280548327034 -1.127986593019159e-14
    vertex 231.68003667277685 524.2280548327034 9.0
  endloop
endfacet
facet normal 0.9238795325112693 -0.3826834323651317 0.0
  outer loop
    vertex 231.3621994275811 523.8138412703303 -1.127986593019159e-14
    vertex 231.16239858257183 523.3314793605354 9.0
    vertex 231.16239858257183 523.3314793605354 -1.127986593019159e-14
  endloop
endfacet
facet normal 0.9238795325112693 -0.3826834323651317 0.0
  outer loop
    vertex 231.16239858257183 523.3314793605354 9.0
    vertex 231.3621994275811 523.8138412703303 -1.127986593019159e-14
    vertex 231.3621994275811 523.8138412703303 9.0
  endloop
endfacet
facet normal 0.9914448613738085 -0.1305261922200664 0.0
  outer loop
    vertex 231.16239858257183 523.3314793605354 -1.127986593019159e-14
    vertex 231.09425023514996 522.8138412703303 9.0
    vertex 231.09425023514996 522.8138412703303 -1.127986593019159e-14
  endloop
endfacet
facet normal 0.9914448613738085 -0.1305261922200664 0.0
  outer loop
    vertex 231.09425023514996 522.8138412703303 9.0
    vertex 231.16239858257183 523.3314793605354 -1.127986593019159e-14
    vertex 231.16239858257183 523.3314793605354 9.0
  endloop
endfacet
facet normal 0.9914448613738085 0.1305261922200664 0.0
  outer loop
    vertex 231.09425023514996 522.8138412703303 -1.127986593019159e-14
    vertex 231.16239858257183 522.2962031801252 9.0
    vertex 231.16239858257183 522.2962031801252 -1.127986593019159e-14
  endloop
endfacet
facet normal 0.9914448613738085 0.1305261922200664 0.0
  outer loop
    vertex 231.16239858257183 522.2962031801252 9.0
    vertex 231.09425023514996 522.8138412703303 -1.127986593019159e-14
    vertex 231.09425023514996 522.8138412703303 9.0
  endloop
endfacet
facet normal 0.9238795325112947 0.38268343236507063 0.0
  outer loop
    vertex 231.16239858257183 522.2962031801252 -1.127986593019159e-14
    vertex 231.3621994275811 521.8138412703303 9.0
    vertex 231.3621994275811 521.8138412703303 -1.127986593019159e-14
  endloop
endfacet
facet normal 0.9238795325112947 0.38268343236507063 0.0
  outer loop
    vertex 231.3621994275811 521.8138412703303 9.0
    vertex 231.16239858257183 522.2962031801252 -1.127986593019159e-14
    vertex 231.16239858257183 522.2962031801252 9.0
  endloop
endfacet
facet normal 0.7933533402912196 0.6087614290087409 0.0
  outer loop
    vertex 231.3621994275811 521.8138412703303 -1.127986593019159e-14
    vertex 231.68003667277685 521.3996277079572 9.0
    vertex 231.68003667277685 521.3996277079572 -1.127986593019159e-14
  endloop
endfacet
facet normal 0.7933533402912196 0.6087614290087409 0.0
  outer loop
    vertex 231.68003667277685 521.3996277079572 9.0
    vertex 231.3621994275811 521.8138412703303 -1.127986593019159e-14
    vertex 231.3621994275811 521.8138412703303 9.0
  endloop
endfacet
facet normal 0.6087614290086991 0.7933533402912518 0.0
  outer loop
    vertex 231.68003667277685 521.3996277079572 9.0
    vertex 232.09425023514996 521.0817904627614 -1.127986593019159e-14
    vertex 231.68003667277685 521.3996277079572 -1.127986593019159e-14
  endloop
endfacet
facet normal 0.6087614290086991 0.7933533402912518 0.0
  outer loop
    vertex 232.09425023514996 521.0817904627614 -1.127986593019159e-14
    vertex 231.68003667277685 521.3996277079572 9.0
    vertex 232.09425023514996 521.0817904627614 9.0
  endloop
endfacet
facet normal 0.3826834323651444 0.9238795325112642 0.0
  outer loop
    vertex 232.09425023514996 521.0817904627614 9.0
    vertex 232.57661214494493 520.8819896177521 -1.127986593019159e-14
    vertex 232.09425023514996 521.0817904627614 -1.127986593019159e-14
  endloop
endfacet
facet normal 0.3826834323651444 0.9238795325112642 0.0
  outer loop
    vertex 232.57661214494493 520.8819896177521 -1.127986593019159e-14
    vertex 232.09425023514996 521.0817904627614 9.0
    vertex 232.57661214494493 520.8819896177521 9.0
  endloop
endfacet
facet normal -0.13052619221999262 -0.9914448613738182 -0.0
  outer loop
    vertex 233.61188832535498 852.7456929229083 9.0
    vertex 233.09425023514996 852.8138412703302 -5.639932965095795e-15
    vertex 233.61188832535498 852.7456929229083 -5.639932965095795e-15
  endloop
endfacet
facet normal -0.13052619221999262 -0.9914448613738182 -0.0
  outer loop
    vertex 233.09425023514996 852.8138412703302 -5.639932965095795e-15
    vertex 233.61188832535498 852.7456929229083 9.0
    vertex 233.09425023514996 852.8138412703302 9.0
  endloop
endfacet
facet normal 0.13052619221999262 -0.9914448613738182 0.0
  outer loop
    vertex 233.09425023514996 852.8138412703302 9.0
    vertex 232.57661214494493 852.7456929229083 -5.639932965095795e-15
    vertex 233.09425023514996 852.8138412703302 -5.639932965095795e-15
  endloop
endfacet
facet normal 0.13052619221999262 -0.9914448613738182 0.0
  outer loop
    vertex 232.57661214494493 852.7456929229083 -5.639932965095795e-15
    vertex 233.09425023514996 852.8138412703302 9.0
    vertex 232.57661214494493 852.7456929229083 9.0
  endloop
endfacet
facet normal 0.3826834323648493 -0.9238795325113863 0.0
  outer loop
    vertex 232.57661214494493 852.7456929229083 9.0
    vertex 232.09425023514996 852.5458920778992 -5.639932965095795e-15
    vertex 232.57661214494493 852.7456929229083 -5.639932965095795e-15
  endloop
endfacet
facet normal 0.3826834323648493 -0.9238795325113863 0.0
  outer loop
    vertex 232.09425023514996 852.5458920778992 -5.639932965095795e-15
    vertex 232.57661214494493 852.7456929229083 9.0
    vertex 232.09425023514996 852.5458920778992 9.0
  endloop
endfacet
facet normal 0.6087614290089167 -0.7933533402910847 0.0
  outer loop
    vertex 232.09425023514996 852.5458920778992 9.0
    vertex 231.68003667277685 852.2280548327033 -5.639932965095795e-15
    vertex 232.09425023514996 852.5458920778992 -5.639932965095795e-15
  endloop
endfacet
facet normal 0.6087614290089167 -0.7933533402910847 0.0
  outer loop
    vertex 231.68003667277685 852.2280548327033 -5.639932965095795e-15
    vertex 232.09425023514996 852.5458920778992 9.0
    vertex 231.68003667277685 852.2280548327033 9.0
  endloop
endfacet
facet normal 0.7933533402912196 -0.6087614290087409 0.0
  outer loop
    vertex 231.68003667277685 852.2280548327033 -5.639932965095795e-15
    vertex 231.3621994275811 851.8138412703302 9.0
    vertex 231.3621994275811 851.8138412703302 -5.639932965095795e-15
  endloop
endfacet
facet normal 0.7933533402912196 -0.6087614290087409 0.0
  outer loop
    vertex 231.3621994275811 851.8138412703302 9.0
    vertex 231.68003667277685 852.2280548327033 -5.639932965095795e-15
    vertex 231.68003667277685 852.2280548327033 9.0
  endloop
endfacet
facet normal 0.9238795325112693 -0.3826834323651317 0.0
  outer loop
    vertex 231.3621994275811 851.8138412703302 -5.639932965095795e-15
    vertex 231.16239858257183 851.3314793605354 9.0
    vertex 231.16239858257183 851.3314793605354 -5.639932965095795e-15
  endloop
endfacet
facet normal 0.9238795325112693 -0.3826834323651317 0.0
  outer loop
    vertex 231.16239858257183 851.3314793605354 9.0
    vertex 231.3621994275811 851.8138412703302 -5.639932965095795e-15
    vertex 231.3621994275811 851.8138412703302 9.0
  endloop
endfacet
facet normal 0.9914448613738085 -0.1305261922200664 0.0
  outer loop
    vertex 231.16239858257183 851.3314793605354 -5.639932965095795e-15
    vertex 231.09425023514996 850.8138412703303 9.0
    vertex 231.09425023514996 850.8138412703303 -5.639932965095795e-15
  endloop
endfacet
facet normal 0.9914448613738085 -0.1305261922200664 0.0
  outer loop
    vertex 231.09425023514996 850.8138412703303 9.0
    vertex 231.16239858257183 851.3314793605354 -5.639932965095795e-15
    vertex 231.16239858257183 851.3314793605354 9.0
  endloop
endfacet
facet normal 0.9914448613738085 0.1305261922200664 0.0
  outer loop
    vertex 231.09425023514996 850.8138412703303 -5.639932965095795e-15
    vertex 231.16239858257183 850.2962031801252 9.0
    vertex 231.16239858257183 850.2962031801252 -5.639932965095795e-15
  endloop
endfacet
facet normal 0.9914448613738085 0.1305261922200664 0.0
  outer loop
    vertex 231.16239858257183 850.2962031801252 9.0
    vertex 231.09425023514996 850.8138412703303 -5.639932965095795e-15
    vertex 231.09425023514996 850.8138412703303 9.0
  endloop
endfacet
facet normal 0.9238795325112693 0.3826834323651317 0.0
  outer loop
    vertex 231.16239858257183 850.2962031801252 -5.639932965095795e-15
    vertex 231.3621994275811 849.8138412703303 9.0
    vertex 231.3621994275811 849.8138412703303 -5.639932965095795e-15
  endloop
endfacet
facet normal 0.9238795325112693 0.3826834323651317 0.0
  outer loop
    vertex 231.3621994275811 849.8138412703303 9.0
    vertex 231.16239858257183 850.2962031801252 -5.639932965095795e-15
    vertex 231.16239858257183 850.2962031801252 9.0
  endloop
endfacet
facet normal 0.7933533402912196 0.6087614290087409 0.0
  outer loop
    vertex 231.3621994275811 849.8138412703303 -5.639932965095795e-15
    vertex 231.68003667277685 849.3996277079573 9.0
    vertex 231.68003667277685 849.3996277079573 -5.639932965095795e-15
  endloop
endfacet
facet normal 0.7933533402912196 0.6087614290087409 0.0
  outer loop
    vertex 231.68003667277685 849.3996277079573 9.0
    vertex 231.3621994275811 849.8138412703303 -5.639932965095795e-15
    vertex 231.3621994275811 849.8138412703303 9.0
  endloop
endfacet
facet normal 0.6087614290089167 0.7933533402910847 0.0
  outer loop
    vertex 231.68003667277685 849.3996277079573 9.0
    vertex 232.09425023514996 849.0817904627613 -5.639932965095795e-15
    vertex 231.68003667277685 849.3996277079573 -5.639932965095795e-15
  endloop
endfacet
facet normal 0.6087614290089167 0.7933533402910847 0.0
  outer loop
    vertex 232.09425023514996 849.0817904627613 -5.639932965095795e-15
    vertex 231.68003667277685 849.3996277079573 9.0
    vertex 232.09425023514996 849.0817904627613 9.0
  endloop
endfacet
facet normal 0.3826834323648493 0.9238795325113863 0.0
  outer loop
    vertex 232.09425023514996 849.0817904627613 9.0
    vertex 232.57661214494493 848.8819896177522 -5.639932965095795e-15
    vertex 232.09425023514996 849.0817904627613 -5.639932965095795e-15
  endloop
endfacet
facet normal 0.3826834323648493 0.9238795325113863 0.0
  outer loop
    vertex 232.57661214494493 848.8819896177522 -5.639932965095795e-15
    vertex 232.09425023514996 849.0817904627613 9.0
    vertex 232.57661214494493 848.8819896177522 9.0
  endloop
endfacet
facet normal 0.13052619221999262 0.9914448613738182 0.0
  outer loop
    vertex 232.57661214494493 848.8819896177522 9.0
    vertex 233.09425023514996 848.8138412703304 -5.639932965095795e-15
    vertex 232.57661214494493 848.8819896177522 -5.639932965095795e-15
  endloop
endfacet
facet normal 0.13052619221999262 0.9914448613738182 0.0
  outer loop
    vertex 233.09425023514996 848.8138412703304 -5.639932965095795e-15
    vertex 232.57661214494493 848.8819896177522 9.0
    vertex 233.09425023514996 848.8138412703304 9.0
  endloop
endfacet
facet normal -0.13052619221999262 0.9914448613738182 0.0
  outer loop
    vertex 233.09425023514996 848.8138412703304 9.0
    vertex 233.61188832535498 848.8819896177522 -5.639932965095795e-15
    vertex 233.09425023514996 848.8138412703304 -5.639932965095795e-15
  endloop
endfacet
facet normal -0.13052619221999262 0.9914448613738182 0.0
  outer loop
    vertex 233.61188832535498 848.8819896177522 -5.639932965095795e-15
    vertex 233.09425023514996 848.8138412703304 9.0
    vertex 233.61188832535498 848.8819896177522 9.0
  endloop
endfacet
facet normal -0.3826834323648493 0.9238795325113863 0.0
  outer loop
    vertex 233.61188832535498 848.8819896177522 9.0
    vertex 234.09425023514996 849.0817904627613 -5.639932965095795e-15
    vertex 233.61188832535498 848.8819896177522 -5.639932965095795e-15
  endloop
endfacet
facet normal -0.3826834323648493 0.9238795325113863 0.0
  outer loop
    vertex 234.09425023514996 849.0817904627613 -5.639932965095795e-15
    vertex 233.61188832535498 848.8819896177522 9.0
    vertex 234.09425023514996 849.0817904627613 9.0
  endloop
endfacet
facet normal -0.6087614290089167 0.7933533402910847 0.0
  outer loop
    vertex 234.09425023514996 849.0817904627613 9.0
    vertex 234.50846379752304 849.3996277079573 -5.639932965095795e-15
    vertex 234.09425023514996 849.0817904627613 -5.639932965095795e-15
  endloop
endfacet
facet normal -0.6087614290089167 0.7933533402910847 0.0
  outer loop
    vertex 234.50846379752304 849.3996277079573 -5.639932965095795e-15
    vertex 234.09425023514996 849.0817904627613 9.0
    vertex 234.50846379752304 849.3996277079573 9.0
  endloop
endfacet
facet normal -0.7933533402912196 0.6087614290087409 0.0
  outer loop
    vertex 234.82630104271882 849.8138412703303 9.0
    vertex 234.50846379752304 849.3996277079573 -5.639932965095795e-15
    vertex 234.50846379752304 849.3996277079573 9.0
  endloop
endfacet
facet normal -0.7933533402912196 0.6087614290087409 0.0
  outer loop
    vertex 234.50846379752304 849.3996277079573 -5.639932965095795e-15
    vertex 234.82630104271882 849.8138412703303 9.0
    vertex 234.82630104271882 849.8138412703303 -5.639932965095795e-15
  endloop
endfacet
facet normal -0.9238795325112693 0.3826834323651317 0.0
  outer loop
    vertex 235.02610188772806 850.2962031801252 9.0
    vertex 234.82630104271882 849.8138412703303 -5.639932965095795e-15
    vertex 234.82630104271882 849.8138412703303 9.0
  endloop
endfacet
facet normal -0.9238795325112693 0.3826834323651317 0.0
  outer loop
    vertex 234.82630104271882 849.8138412703303 -5.639932965095795e-15
    vertex 235.02610188772806 850.2962031801252 9.0
    vertex 235.02610188772806 850.2962031801252 -5.639932965095795e-15
  endloop
endfacet
facet normal -0.9914448613738085 0.1305261922200664 0.0
  outer loop
    vertex 235.09425023514996 850.8138412703303 9.0
    vertex 235.02610188772806 850.2962031801252 -5.639932965095795e-15
    vertex 235.02610188772806 850.2962031801252 9.0
  endloop
endfacet
facet normal -0.9914448613738085 0.1305261922200664 0.0
  outer loop
    vertex 235.02610188772806 850.2962031801252 -5.639932965095795e-15
    vertex 235.09425023514996 850.8138412703303 9.0
    vertex 235.09425023514996 850.8138412703303 -5.639932965095795e-15
  endloop
endfacet
facet normal -0.9914448613738085 -0.1305261922200664 -0.0
  outer loop
    vertex 235.02610188772806 851.3314793605354 9.0
    vertex 235.09425023514996 850.8138412703303 -5.639932965095795e-15
    vertex 235.09425023514996 850.8138412703303 9.0
  endloop
endfacet
facet normal -0.9914448613738085 -0.1305261922200664 -0.0
  outer loop
    vertex 235.09425023514996 850.8138412703303 -5.639932965095795e-15
    vertex 235.02610188772806 851.3314793605354 9.0
    vertex 235.02610188772806 851.3314793605354 -5.639932965095795e-15
  endloop
endfacet
facet normal -0.9238795325112693 -0.3826834323651317 -0.0
  outer loop
    vertex 234.82630104271882 851.8138412703302 9.0
    vertex 235.02610188772806 851.3314793605354 -5.639932965095795e-15
    vertex 235.02610188772806 851.3314793605354 9.0
  endloop
endfacet
facet normal -0.9238795325112693 -0.3826834323651317 -0.0
  outer loop
    vertex 235.02610188772806 851.3314793605354 -5.639932965095795e-15
    vertex 234.82630104271882 851.8138412703302 9.0
    vertex 234.82630104271882 851.8138412703302 -5.639932965095795e-15
  endloop
endfacet
facet normal -0.7933533402912196 -0.6087614290087409 -0.0
  outer loop
    vertex 234.50846379752304 852.2280548327033 9.0
    vertex 234.82630104271882 851.8138412703302 -5.639932965095795e-15
    vertex 234.82630104271882 851.8138412703302 9.0
  endloop
endfacet
facet normal -0.7933533402912196 -0.6087614290087409 -0.0
  outer loop
    vertex 234.82630104271882 851.8138412703302 -5.639932965095795e-15
    vertex 234.50846379752304 852.2280548327033 9.0
    vertex 234.50846379752304 852.2280548327033 -5.639932965095795e-15
  endloop
endfacet
facet normal -0.6087614290089167 -0.7933533402910847 -0.0
  outer loop
    vertex 234.50846379752304 852.2280548327033 9.0
    vertex 234.09425023514996 852.5458920778992 -5.639932965095795e-15
    vertex 234.50846379752304 852.2280548327033 -5.639932965095795e-15
  endloop
endfacet
facet normal -0.6087614290089167 -0.7933533402910847 -0.0
  outer loop
    vertex 234.09425023514996 852.5458920778992 -5.639932965095795e-15
    vertex 234.50846379752304 852.2280548327033 9.0
    vertex 234.09425023514996 852.5458920778992 9.0
  endloop
endfacet
facet normal -0.3826834323648493 -0.9238795325113863 -0.0
  outer loop
    vertex 234.09425023514996 852.5458920778992 9.0
    vertex 233.61188832535498 852.7456929229083 -5.639932965095795e-15
    vertex 234.09425023514996 852.5458920778992 -5.639932965095795e-15
  endloop
endfacet
facet normal -0.3826834323648493 -0.9238795325113863 -0.0
  outer loop
    vertex 233.61188832535498 852.7456929229083 -5.639932965095795e-15
    vertex 234.09425023514996 852.5458920778992 9.0
    vertex 233.61188832535498 852.7456929229083 9.0
  endloop
endfacet
facet normal 1.0 -3.349950133036793e-16 -2.3592239273284576e-14
  outer loop
    vertex 639.3089200749172 911.0259755943597 -5.167588579269022e-12
    vertex 639.3089200749173 513.0259755943596 8.99999999999477
    vertex 639.308920074917 513.0259755943596 -5.212708042989788e-12
  endloop
endfacet
facet normal 1.0 -3.349950133036793e-16 -2.3592239273284576e-14
  outer loop
    vertex 639.3089200749173 513.0259755943596 8.99999999999477
    vertex 639.3089200749172 911.0259755943597 -5.167588579269022e-12
    vertex 639.3089200749174 911.0259755943597 8.999999999994749
  endloop
endfacet
facet normal 5.075939668586212e-16 1.0 -2.9027616121803942e-31
  outer loop
    vertex 639.3089200749174 911.0259755943597 8.999999999994749
    vertex 419.30892007491707 911.0259755943596 -2.255973186038318e-14
    vertex 419.3089200749173 911.0259755943596 8.999999999999961
  endloop
endfacet
facet normal 5.075939668586212e-16 1.0 -2.9027616121803942e-31
  outer loop
    vertex 419.30892007491707 911.0259755943596 -2.255973186038318e-14
    vertex 639.3089200749174 911.0259755943597 8.999999999994749
    vertex 639.3089200749172 911.0259755943597 -5.167588579269022e-12
  endloop
endfacet
facet normal -1.0 1.0826403983249029e-16 2.3592239273284576e-14
  outer loop
    vertex 419.3089200749173 911.0259755943596 8.999999999999961
    vertex 419.3089200749171 513.02597559436 2.255973186038318e-14
    vertex 419.3089200749173 513.02597559436 9.000000000000005
  endloop
endfacet
facet normal -1.0 1.0826403983249029e-16 2.3592239273284576e-14
  outer loop
    vertex 419.3089200749171 513.02597559436 2.255973186038318e-14
    vertex 419.3089200749173 911.0259755943596 8.999999999999961
    vertex 419.30892007491707 911.0259755943596 -2.255973186038318e-14
  endloop
endfacet
facet normal -2.1431745267364024e-15 -1.0 3.8975891693740027e-29
  outer loop
    vertex 419.3089200749171 513.02597559436 2.255973186038318e-14
    vertex 639.3089200749173 513.0259755943596 8.99999999999477
    vertex 419.3089200749173 513.02597559436 9.000000000000005
  endloop
endfacet
facet normal -2.1431745267364024e-15 -1.0 3.8975891693740027e-29
  outer loop
    vertex 639.3089200749173 513.0259755943596 8.99999999999477
    vertex 419.3089200749171 513.02597559436 2.255973186038318e-14
    vertex 639.308920074917 513.0259755943596 -5.212708042989788e-12
  endloop
endfacet
facet normal 2.3815972938251688e-14 -4.795243344919524e-42 1.0
  outer loop
    vertex 487.0723925280949 891.0259755943596 4.999999999998394
    vertex 590.2044716863745 882.0259755943597 4.999999999995937
    vertex 590.2044716863745 891.0259755943596 4.999999999995937
  endloop
endfacet
facet normal 2.3815972938251688e-14 -4.795243344919524e-42 1.0
  outer loop
    vertex 590.2044716863745 882.0259755943597 4.999999999995937
    vertex 487.0723925280949 891.0259755943596 4.999999999998394
    vertex 487.0723925280949 882.0259755943597 4.999999999998394
  endloop
endfacet
facet normal 2.7451217963238116e-43 -1.0 0.0
  outer loop
    vertex 487.0723925280949 891.0259755943596 4.999999999998394
    vertex 590.2044716863746 891.0259755943596 8.999999999995929
    vertex 487.0723925280949 891.0259755943596 8.999999999998453
  endloop
endfacet
facet normal 2.7451217963238116e-43 -1.0 0.0
  outer loop
    vertex 590.2044716863746 891.0259755943596 8.999999999995929
    vertex 487.0723925280949 891.0259755943596 4.999999999998394
    vertex 590.2044716863745 891.0259755943596 4.999999999995937
  endloop
endfacet
facet normal 1.0 -1.1812007765473828e-15 -2.3703261575747092e-14
  outer loop
    vertex 487.0723925280949 891.0259755943596 4.999999999998394
    vertex 487.0723925280949 882.0259755943597 8.999999999998453
    vertex 487.0723925280949 882.0259755943597 4.999999999998394
  endloop
endfacet
facet normal 1.0 -1.1812007765473828e-15 -2.3703261575747092e-14
  outer loop
    vertex 487.0723925280949 882.0259755943597 8.999999999998453
    vertex 487.0723925280949 891.0259755943596 4.999999999998394
    vertex 487.0723925280949 891.0259755943596 8.999999999998453
  endloop
endfacet
facet normal -2.7451217963238116e-43 1.0 0.0
  outer loop
    vertex 590.2044716863746 882.0259755943597 8.999999999995929
    vertex 487.0723925280949 882.0259755943597 4.999999999998394
    vertex 487.0723925280949 882.0259755943597 8.999999999998453
  endloop
endfacet
facet normal -2.7451217963238116e-43 1.0 0.0
  outer loop
    vertex 487.0723925280949 882.0259755943597 4.999999999998394
    vertex 590.2044716863746 882.0259755943597 8.999999999995929
    vertex 590.2044716863745 882.0259755943597 4.999999999995937
  endloop
endfacet
facet normal -1.0 -3.944304526104939e-31 2.2559731860383227e-14
  outer loop
    vertex 590.2044716863746 891.0259755943596 8.999999999995929
    vertex 590.2044716863745 882.0259755943597 4.999999999995937
    vertex 590.2044716863746 882.0259755943597 8.999999999995929
  endloop
endfacet
facet normal -1.0 -3.944304526104939e-31 2.2559731860383227e-14
  outer loop
    vertex 590.2044716863745 882.0259755943597 4.999999999995937
    vertex 590.2044716863746 891.0259755943596 8.999999999995929
    vertex 590.2044716863745 891.0259755943596 4.999999999995937
  endloop
endfacet
facet normal -1.0 1.2013944802734227e-44 2.255973186038323e-14
  outer loop
    vertex 590.2044716863742 542.0259755943598 8.999999999995929
    vertex 590.2044716863741 533.0259755943598 4.999999999995937
    vertex 590.2044716863742 533.0259755943598 8.999999999995929
  endloop
endfacet
facet normal -1.0 1.2013944802734227e-44 2.255973186038323e-14
  outer loop
    vertex 590.2044716863741 533.0259755943598 4.999999999995937
    vertex 590.2044716863742 542.0259755943598 8.999999999995929
    vertex 590.2044716863741 542.0259755943598 4.999999999995937
  endloop
endfacet
facet normal 1.0 5.0132737467518664e-15 -1.1279865930191546e-14
  outer loop
    vertex 487.07239252809455 542.0259755943598 4.999999999998371
    vertex 487.07239252809467 533.0259755943599 8.999999999998362
    vertex 487.07239252809455 533.0259755943599 4.999999999998371
  endloop
endfacet
facet normal 1.0 5.0132737467518664e-15 -1.1279865930191546e-14
  outer loop
    vertex 487.07239252809467 533.0259755943599 8.999999999998362
    vertex 487.07239252809455 542.0259755943598 4.999999999998371
    vertex 487.07239252809455 542.0259755943598 8.999999999998385
  endloop
endfacet
facet normal -0.9914448613738078 0.13052619222007128 2.549982814258712e-14
  outer loop
    vertex 479.07239252809495 886.5259755943599 8.999999999998641
    vertex 479.0042441806729 886.0083375041548 -1.3860135261722915e-12
    vertex 479.0042441806731 886.0083375041548 8.999999999998643
  endloop
endfacet
facet normal -0.9914448613738078 0.13052619222007128 2.549982814258712e-14
  outer loop
    vertex 479.0042441806729 886.0083375041548 -1.3860135261722915e-12
    vertex 479.07239252809495 886.5259755943599 8.999999999998641
    vertex 479.0723925280948 886.5259755943599 -1.3648637775531823e-12
  endloop
endfacet
facet normal -0.9914448613738082 -0.13052619222006895 2.5499828142587137e-14
  outer loop
    vertex 479.0042441806731 887.043613684565 8.999999999998643
    vertex 479.0723925280948 886.5259755943599 -1.3648637775531823e-12
    vertex 479.07239252809495 886.5259755943599 8.999999999998641
  endloop
endfacet
facet normal -0.9914448613738082 -0.13052619222006895 2.5499828142587137e-14
  outer loop
    vertex 479.0723925280948 886.5259755943599 -1.3648637775531823e-12
    vertex 479.0042441806731 887.043613684565 8.999999999998643
    vertex 479.0042441806729 887.043613684565 -1.3860135261722915e-12
  endloop
endfacet
facet normal -0.9238795325112769 -0.3826834323651138 2.2573543107933938e-14
  outer loop
    vertex 478.8044433356638 887.5259755943597 8.999999999998648
    vertex 479.0042441806729 887.043613684565 -1.3860135261722915e-12
    vertex 479.0042441806731 887.043613684565 8.999999999998643
  endloop
endfacet
facet normal -0.9238795325112769 -0.3826834323651138 2.2573543107933938e-14
  outer loop
    vertex 479.0042441806729 887.043613684565 -1.3860135261722915e-12
    vertex 478.8044433356638 887.5259755943597 8.999999999998648
    vertex 478.8044433356636 887.5259755943597 -1.4254930569279621e-12
  endloop
endfacet
facet normal -0.7933533402912603 -0.6087614290086879 1.8494937227485927e-14
  outer loop
    vertex 478.48660609046806 887.9401891567327 8.999999999998655
    vertex 478.8044433356636 887.5259755943597 -1.4254930569279621e-12
    vertex 478.8044433356638 887.5259755943597 8.999999999998648
  endloop
endfacet
facet normal -0.7933533402912603 -0.6087614290086879 1.8494937227485927e-14
  outer loop
    vertex 478.8044433356636 887.5259755943597 -1.4254930569279621e-12
    vertex 478.48660609046806 887.9401891567327 8.999999999998655
    vertex 478.48660609046783 887.9401891567327 -1.3507639451404428e-12
  endloop
endfacet
facet normal -0.6087614290086987 -0.7933533402912523 1.41122451129792e-14
  outer loop
    vertex 478.0723925280947 888.2580264019286 -1.3408940624515252e-12
    vertex 478.48660609046806 887.9401891567327 8.999999999998655
    vertex 478.072392528095 888.2580264019286 8.999999999998666
  endloop
endfacet
facet normal -0.6087614290086987 -0.7933533402912523 1.41122451129792e-14
  outer loop
    vertex 478.48660609046806 887.9401891567327 8.999999999998655
    vertex 478.0723925280947 888.2580264019286 -1.3408940624515252e-12
    vertex 478.48660609046783 887.9401891567327 -1.3507639451404428e-12
  endloop
endfacet
facet normal -0.38268343236508734 -0.9238795325112878 9.13938140474146e-15
  outer loop
    vertex 477.59003061829975 888.4578272469378 -1.3521739283817168e-12
    vertex 478.072392528095 888.2580264019286 8.999999999998666
    vertex 477.59003061830003 888.4578272469378 8.999999999998677
  endloop
endfacet
facet normal -0.38268343236508734 -0.9238795325112878 9.13938140474146e-15
  outer loop
    vertex 478.072392528095 888.2580264019286 8.999999999998666
    vertex 477.59003061829975 888.4578272469378 -1.3521739283817168e-12
    vertex 478.0723925280947 888.2580264019286 -1.3408940624515252e-12
  endloop
endfacet
facet normal -0.13052619222007658 -0.9914448613738072 3.266755293692266e-15
  outer loop
    vertex 477.0723925280948 888.5259755943598 -1.3141043808673202e-12
    vertex 477.59003061830003 888.4578272469378 8.999999999998677
    vertex 477.07239252809495 888.5259755943598 8.999999999998693
  endloop
endfacet
facet normal -0.13052619222007658 -0.9914448613738072 3.266755293692266e-15
  outer loop
    vertex 477.59003061830003 888.4578272469378 8.999999999998677
    vertex 477.0723925280948 888.5259755943598 -1.3141043808673202e-12
    vertex 477.59003061829975 888.4578272469378 -1.3521739283817168e-12
  endloop
endfacet
facet normal 0.1305261922200696 -0.991444861373808 -2.7671549326108037e-15
  outer loop
    vertex 476.55475443788987 888.4578272469378 8.9999999999987
    vertex 477.0723925280948 888.5259755943598 -1.3141043808673202e-12
    vertex 477.07239252809495 888.5259755943598 8.999999999998693
  endloop
endfacet
facet normal 0.1305261922200696 -0.991444861373808 -2.7671549326108037e-15
  outer loop
    vertex 477.0723925280948 888.5259755943598 -1.3141043808673202e-12
    vertex 476.55475443788987 888.4578272469378 8.9999999999987
    vertex 476.5547544378897 888.4578272469378 -1.3056444814196765e-12
  endloop
endfacet
facet normal 0.38268343236508023 -0.9238795325112908 -9.222648131588198e-15
  outer loop
    vertex 476.0723925280947 888.2580264019286 -1.3169243473498681e-12
    vertex 476.55475443788987 888.4578272469378 8.9999999999987
    vertex 476.0723925280949 888.2580264019286 8.999999999998712
  endloop
endfacet
facet normal 0.38268343236508023 -0.9238795325112908 -9.222648131588198e-15
  outer loop
    vertex 476.55475443788987 888.4578272469378 8.9999999999987
    vertex 476.0723925280947 888.2580264019286 -1.3169243473498681e-12
    vertex 476.5547544378897 888.4578272469378 -1.3056444814196765e-12
  endloop
endfacet
facet normal 0.6087614290086923 -0.793353340291257 -1.594411310361057e-14
  outer loop
    vertex 475.6581789657217 887.9401891567327 -1.3521739283817168e-12
    vertex 476.0723925280949 888.2580264019286 8.999999999998712
    vertex 475.65817896572185 887.9401891567327 8.999999999998721
  endloop
endfacet
facet normal 0.6087614290086923 -0.793353340291257 -1.594411310361057e-14
  outer loop
    vertex 476.0723925280949 888.2580264019286 8.999999999998712
    vertex 475.6581789657217 887.9401891567327 -1.3521739283817168e-12
    vertex 476.0723925280947 888.2580264019286 -1.3169243473498681e-12
  endloop
endfacet
facet normal 0.7933533402912589 -0.60876142900869 -2.0881916730430004e-14
  outer loop
    vertex 475.6581789657217 887.9401891567327 -1.3521739283817168e-12
    vertex 475.34034172052606 887.5259755943597 8.999999999998733
    vertex 475.3403417205259 887.5259755943597 -1.2732148668703756e-12
  endloop
endfacet
facet normal 0.7933533402912589 -0.60876142900869 -2.0881916730430004e-14
  outer loop
    vertex 475.34034172052606 887.5259755943597 8.999999999998733
    vertex 475.6581789657217 887.9401891567327 -1.3521739283817168e-12
    vertex 475.65817896572185 887.9401891567327 8.999999999998721
  endloop
endfacet
facet normal 0.923879532511293 -0.3826834323650746 -2.2795587712859364e-14
  outer loop
    vertex 475.3403417205259 887.5259755943597 -1.2732148668703756e-12
    vertex 475.14054087551676 887.043613684565 8.999999999998733
    vertex 475.1405408755166 887.043613684565 -1.3394840792102514e-12
  endloop
endfacet
facet normal 0.923879532511293 -0.3826834323650746 -2.2795587712859364e-14
  outer loop
    vertex 475.14054087551676 887.043613684565 8.999999999998733
    vertex 475.3403417205259 887.5259755943597 -1.2732148668703756e-12
    vertex 475.34034172052606 887.5259755943597 8.999999999998733
  endloop
endfacet
facet normal 0.9914448613738032 -0.1305261922201067 -2.2502225976099097e-14
  outer loop
    vertex 475.1405408755166 887.043613684565 -1.3394840792102514e-12
    vertex 475.07239252809495 886.5259755943599 8.999999999998735
    vertex 475.0723925280948 886.5259755943599 -1.292954632248211e-12
  endloop
endfacet
facet normal 0.9914448613738032 -0.1305261922201067 -2.2502225976099097e-14
  outer loop
    vertex 475.07239252809495 886.5259755943599 8.999999999998735
    vertex 475.1405408755166 887.043613684565 -1.3394840792102514e-12
    vertex 475.14054087551676 887.043613684565 8.999999999998733
  endloop
endfacet
facet normal 0.9914448613738036 0.13052619222010436 -2.2557737127330374e-14
  outer loop
    vertex 475.0723925280948 886.5259755943599 -1.292954632248211e-12
    vertex 475.14054087551676 886.0083375041548 8.999999999998733
    vertex 475.1405408755166 886.0083375041548 -1.3394840792102514e-12
  endloop
endfacet
facet normal 0.9914448613738036 0.13052619222010436 -2.2557737127330374e-14
  outer loop
    vertex 475.14054087551676 886.0083375041548 8.999999999998733
    vertex 475.0723925280948 886.5259755943599 -1.292954632248211e-12
    vertex 475.07239252809495 886.5259755943599 8.999999999998735
  endloop
endfacet
facet normal 0.9238795325112941 0.3826834323650725 -2.3017632317784414e-14
  outer loop
    vertex 475.1405408755166 886.0083375041548 -1.3394840792102514e-12
    vertex 475.34034172052606 885.5259755943597 8.999999999998733
    vertex 475.3403417205259 885.5259755943597 -1.2732148668703756e-12
  endloop
endfacet
facet normal 0.9238795325112941 0.3826834323650725 -2.3017632317784414e-14
  outer loop
    vertex 475.34034172052606 885.5259755943597 8.999999999998733
    vertex 475.1405408755166 886.0083375041548 -1.3394840792102514e-12
    vertex 475.14054087551676 886.0083375041548 8.999999999998733
  endloop
endfacet
facet normal 0.7933533402912603 0.6087614290086879 -2.1103961335355045e-14
  outer loop
    vertex 475.3403417205259 885.5259755943597 -1.2732148668703756e-12
    vertex 475.65817896572185 885.1117620319867 8.999999999998721
    vertex 475.6581789657217 885.1117620319867 -1.3521739283817168e-12
  endloop
endfacet
facet normal 0.7933533402912603 0.6087614290086879 -2.1103961335355045e-14
  outer loop
    vertex 475.65817896572185 885.1117620319867 8.999999999998721
    vertex 475.3403417205259 885.5259755943597 -1.2732148668703756e-12
    vertex 475.34034172052606 885.5259755943597 8.999999999998733
  endloop
endfacet
facet normal 0.6087614290086942 0.7933533402912555 -1.6249424435382513e-14
  outer loop
    vertex 476.0723925280947 884.7939247867907 -1.3169243473498681e-12
    vertex 475.65817896572185 885.1117620319867 8.999999999998721
    vertex 476.0723925280949 884.7939247867907 8.999999999998712
  endloop
endfacet
facet normal 0.6087614290086942 0.7933533402912555 -1.6249424435382513e-14
  outer loop
    vertex 475.65817896572185 885.1117620319867 8.999999999998721
    vertex 476.0723925280947 884.7939247867907 -1.3169243473498681e-12
    vertex 475.6581789657217 885.1117620319867 -1.3521739283817168e-12
  endloop
endfacet
facet normal 0.38268343236508234 0.92387953251129 -9.583470614591404e-15
  outer loop
    vertex 476.5547544378897 884.5941239417816 -1.3056444814196765e-12
    vertex 476.0723925280949 884.7939247867907 8.999999999998712
    vertex 476.55475443788987 884.5941239417816 8.9999999999987
  endloop
endfacet
facet normal 0.38268343236508234 0.92387953251129 -9.583470614591404e-15
  outer loop
    vertex 476.0723925280949 884.7939247867907 8.999999999998712
    vertex 476.5547544378897 884.5941239417816 -1.3056444814196765e-12
    vertex 476.0723925280947 884.7939247867907 -1.3169243473498681e-12
  endloop
endfacet
facet normal 0.13052619222007195 0.9914448613738078 -3.1973663546530846e-15
  outer loop
    vertex 477.0723925280948 884.5259755943596 -1.3141043808673202e-12
    vertex 476.55475443788987 884.5941239417816 8.9999999999987
    vertex 477.07239252809495 884.5259755943596 8.999999999998693
  endloop
endfacet
facet normal 0.13052619222007195 0.9914448613738078 -3.1973663546530846e-15
  outer loop
    vertex 476.55475443788987 884.5941239417816 8.9999999999987
    vertex 477.0723925280948 884.5259755943596 -1.3141043808673202e-12
    vertex 476.5547544378897 884.5941239417816 -1.3056444814196765e-12
  endloop
endfacet
facet normal -0.13052619222007064 0.991444861373808 2.6353159484365912e-15
  outer loop
    vertex 477.59003061830003 884.5941239417816 8.999999999998677
    vertex 477.0723925280948 884.5259755943596 -1.3141043808673202e-12
    vertex 477.07239252809495 884.5259755943596 8.999999999998693
  endloop
endfacet
facet normal -0.13052619222007064 0.991444861373808 2.6353159484365912e-15
  outer loop
    vertex 477.0723925280948 884.5259755943596 -1.3141043808673202e-12
    vertex 477.59003061830003 884.5941239417816 8.999999999998677
    vertex 477.5900306182998 884.5941239417816 -1.3296141965213336e-12
  endloop
endfacet
facet normal -0.38268343236509456 0.923879532511285 8.16793625819464e-15
  outer loop
    vertex 478.0723925280947 884.7939247867907 -1.3408940624515252e-12
    vertex 477.59003061830003 884.5941239417816 8.999999999998677
    vertex 478.072392528095 884.7939247867907 8.999999999998666
  endloop
endfacet
facet normal -0.38268343236509456 0.923879532511285 8.16793625819464e-15
  outer loop
    vertex 477.59003061830003 884.5941239417816 8.999999999998677
    vertex 478.0723925280947 884.7939247867907 -1.3408940624515252e-12
    vertex 477.5900306182998 884.5941239417816 -1.3296141965213336e-12
  endloop
endfacet
facet normal -0.6087614290086968 0.7933533402912535 1.3806933781207247e-14
  outer loop
    vertex 478.48660609046783 885.1117620319867 -1.3507639451404428e-12
    vertex 478.072392528095 884.7939247867907 8.999999999998666
    vertex 478.48660609046806 885.1117620319867 8.999999999998655
  endloop
endfacet
facet normal -0.6087614290086968 0.7933533402912535 1.3806933781207247e-14
  outer loop
    vertex 478.072392528095 884.7939247867907 8.999999999998666
    vertex 478.48660609046783 885.1117620319867 -1.3507639451404428e-12
    vertex 478.0723925280947 884.7939247867907 -1.3408940624515252e-12
  endloop
endfacet
facet normal -0.7933533402912589 0.60876142900869 1.8328403773792144e-14
  outer loop
    vertex 478.8044433356638 885.5259755943597 8.999999999998648
    vertex 478.48660609046783 885.1117620319867 -1.3507639451404428e-12
    vertex 478.48660609046806 885.1117620319867 8.999999999998655
  endloop
endfacet
facet normal -0.7933533402912589 0.60876142900869 1.8328403773792144e-14
  outer loop
    vertex 478.48660609046783 885.1117620319867 -1.3507639451404428e-12
    vertex 478.8044433356638 885.5259755943597 8.999999999998648
    vertex 478.8044433356636 885.5259755943597 -1.4254930569279621e-12
  endloop
endfacet
facet normal -0.923879532511276 0.38268343236511604 2.235149850300891e-14
  outer loop
    vertex 479.0042441806731 886.0083375041548 8.999999999998643
    vertex 478.8044433356636 885.5259755943597 -1.4254930569279621e-12
    vertex 478.8044433356638 885.5259755943597 8.999999999998648
  endloop
endfacet
facet normal -0.923879532511276 0.38268343236511604 2.235149850300891e-14
  outer loop
    vertex 478.8044433356636 885.5259755943597 -1.4254930569279621e-12
    vertex 479.0042441806731 886.0083375041548 8.999999999998643
    vertex 479.0042441806729 886.0083375041548 -1.3860135261722915e-12
  endloop
endfacet
facet normal 0.9914448613738197 -0.13052619221998144 -2.9822531847683686e-14
  outer loop
    vertex 603.2726200337962 887.0436136845645 -4.3173686847808314e-12
    vertex 603.2044716863746 886.5259755943595 8.99999999999569
    vertex 603.2044716863744 886.5259755943595 -4.293398969679174e-12
  endloop
endfacet
facet normal 0.9914448613738197 -0.13052619221998144 -2.9822531847683686e-14
  outer loop
    vertex 603.2044716863746 886.5259755943595 8.99999999999569
    vertex 603.2726200337962 887.0436136845645 -4.3173686847808314e-12
    vertex 603.2726200337964 887.0436136845645 8.999999999995689
  endloop
endfacet
facet normal 0.9914448613738197 0.13052619221998144 -2.9822295021827973e-14
  outer loop
    vertex 603.2044716863744 886.5259755943595 -4.293398969679174e-12
    vertex 603.2726200337964 886.0083375041545 8.999999999995689
    vertex 603.2726200337962 886.0083375041545 -4.3173686847808314e-12
  endloop
endfacet
facet normal 0.9914448613738197 0.13052619221998144 -2.9822295021827973e-14
  outer loop
    vertex 603.2726200337964 886.0083375041545 8.999999999995689
    vertex 603.2044716863744 886.5259755943595 -4.293398969679174e-12
    vertex 603.2044716863746 886.5259755943595 8.99999999999569
  endloop
endfacet
facet normal 0.9238795325112694 0.3826834323651317 -2.3157235784629656e-14
  outer loop
    vertex 603.2726200337962 886.0083375041545 -4.3173686847808314e-12
    vertex 603.4724208788057 885.5259755943596 8.999999999995705
    vertex 603.4724208788056 885.5259755943596 -4.323008617745927e-12
  endloop
endfacet
facet normal 0.9238795325112694 0.3826834323651317 -2.3157235784629656e-14
  outer loop
    vertex 603.4724208788057 885.5259755943596 8.999999999995705
    vertex 603.2726200337962 886.0083375041545 -4.3173686847808314e-12
    vertex 603.2726200337964 886.0083375041545 8.999999999995689
  endloop
endfacet
facet normal 0.793353340291178 0.6087614290087953 -1.9888047969994504e-14
  outer loop
    vertex 603.4724208788056 885.5259755943596 -4.323008617745927e-12
    vertex 603.7902581240015 885.1117620319865 8.999999999995653
    vertex 603.7902581240013 885.1117620319865 -4.3300585339522965e-12
  endloop
endfacet
facet normal 0.793353340291178 0.6087614290087953 -1.9888047969994504e-14
  outer loop
    vertex 603.7902581240015 885.1117620319865 8.999999999995653
    vertex 603.4724208788056 885.5259755943596 -4.323008617745927e-12
    vertex 603.4724208788057 885.5259755943596 8.999999999995705
  endloop
endfacet
facet normal 0.6087614290087409 0.7933533402912198 -1.8309543737338964e-14
  outer loop
    vertex 604.2044716863743 884.7939247867907 -4.339928416641214e-12
    vertex 603.7902581240015 885.1117620319865 8.999999999995653
    vertex 604.2044716863746 884.7939247867907 8.999999999995644
  endloop
endfacet
facet normal 0.6087614290087409 0.7933533402912198 -1.8309543737338964e-14
  outer loop
    vertex 603.7902581240015 885.1117620319865 8.999999999995653
    vertex 604.2044716863743 884.7939247867907 -4.339928416641214e-12
    vertex 603.7902581240013 885.1117620319865 -4.3300585339522965e-12
  endloop
endfacet
facet normal 0.38268343236514435 0.9238795325112642 -1.1510939194713032e-14
  outer loop
    vertex 604.6868335961693 884.5941239417814 -4.3737680144317886e-12
    vertex 604.2044716863746 884.7939247867907 8.999999999995644
    vertex 604.6868335961695 884.5941239417814 8.999999999995678
  endloop
endfacet
facet normal 0.38268343236514435 0.9238795325112642 -1.1510939194713032e-14
  outer loop
    vertex 604.2044716863746 884.7939247867907 8.999999999995644
    vertex 604.6868335961693 884.5941239417814 -4.3737680144317886e-12
    vertex 604.2044716863743 884.7939247867907 -4.339928416641214e-12
  endloop
endfacet
facet normal 0.13052619221998144 0.9914448613738197 -3.9261489988281395e-15
  outer loop
    vertex 605.2044716863746 884.5259755943596 8.999999999995664
    vertex 604.6868335961693 884.5941239417814 -4.3737680144317886e-12
    vertex 604.6868335961695 884.5941239417814 8.999999999995678
  endloop
endfacet
facet normal 0.13052619221998144 0.9914448613738197 -3.9261489988281395e-15
  outer loop
    vertex 604.6868335961693 884.5941239417814 -4.3737680144317886e-12
    vertex 605.2044716863746 884.5259755943596 8.999999999995664
    vertex 605.2044716863744 884.5259755943596 -4.341338399882488e-12
  endloop
endfacet
facet normal -0.13052619221999262 0.9914448613738182 3.271929797266604e-15
  outer loop
    vertex 605.7221097765795 884.5941239417814 -4.442857193254212e-12
    vertex 605.2044716863746 884.5259755943596 8.999999999995664
    vertex 605.7221097765796 884.5941239417814 8.999999999995653
  endloop
endfacet
facet normal -0.13052619221999262 0.9914448613738182 3.271929797266604e-15
  outer loop
    vertex 605.2044716863746 884.5259755943596 8.999999999995664
    vertex 605.7221097765795 884.5941239417814 -4.442857193254212e-12
    vertex 605.2044716863744 884.5259755943596 -4.341338399882488e-12
  endloop
endfacet
facet normal -0.3826834323651751 0.9238795325112517 9.592643700723124e-15
  outer loop
    vertex 606.2044716863743 884.7939247867907 -4.454137059184404e-12
    vertex 605.7221097765796 884.5941239417814 8.999999999995653
    vertex 606.2044716863746 884.7939247867907 8.999999999995643
  endloop
endfacet
facet normal -0.3826834323651751 0.9238795325112517 9.592643700723124e-15
  outer loop
    vertex 605.7221097765796 884.5941239417814 8.999999999995653
    vertex 606.2044716863743 884.7939247867907 -4.454137059184404e-12
    vertex 605.7221097765795 884.5941239417814 -4.442857193254212e-12
  endloop
endfacet
facet normal -0.608761429008699 0.7933533402912517 1.525880894486148e-14
  outer loop
    vertex 606.6186852487475 885.1117620319865 -4.441447210012939e-12
    vertex 606.2044716863746 884.7939247867907 8.999999999995643
    vertex 606.6186852487476 885.1117620319865 8.999999999995632
  endloop
endfacet
facet normal -0.608761429008699 0.7933533402912517 1.525880894486148e-14
  outer loop
    vertex 606.2044716863746 884.7939247867907 8.999999999995643
    vertex 606.6186852487475 885.1117620319865 -4.441447210012939e-12
    vertex 606.2044716863743 884.7939247867907 -4.454137059184404e-12
  endloop
endfacet
facet normal -0.793353340291178 0.6087614290087953 1.9885280392576508e-14
  outer loop
    vertex 606.9365224939435 885.5259755943596 8.999999999995579
    vertex 606.6186852487475 885.1117620319865 -4.441447210012939e-12
    vertex 606.6186852487476 885.1117620319865 8.999999999995632
  endloop
endfacet
facet normal -0.793353340291178 0.6087614290087953 1.9885280392576508e-14
  outer loop
    vertex 606.6186852487475 885.1117620319865 -4.441447210012939e-12
    vertex 606.9365224939435 885.5259755943596 8.999999999995579
    vertex 606.9365224939432 885.5259755943596 -4.427347377600199e-12
  endloop
endfacet
facet normal -0.9238795325112694 0.3826834323651317 2.3158275836009024e-14
  outer loop
    vertex 607.1363233389527 886.0083375041545 8.999999999995575
    vertex 606.9365224939432 885.5259755943596 -4.427347377600199e-12
    vertex 606.9365224939435 885.5259755943596 8.999999999995579
  endloop
endfacet
facet normal -0.9238795325112694 0.3826834323651317 2.3158275836009024e-14
  outer loop
    vertex 606.9365224939432 885.5259755943596 -4.427347377600199e-12
    vertex 607.1363233389527 886.0083375041545 8.999999999995575
    vertex 607.1363233389526 886.0083375041545 -4.454137059184404e-12
  endloop
endfacet
facet normal -0.9914448613738086 0.1305261922200664 2.485231105838396e-14
  outer loop
    vertex 607.2044716863746 886.5259755943595 8.999999999995618
    vertex 607.1363233389526 886.0083375041545 -4.454137059184404e-12
    vertex 607.1363233389527 886.0083375041545 8.999999999995575
  endloop
endfacet
facet normal -0.9914448613738086 0.1305261922200664 2.485231105838396e-14
  outer loop
    vertex 607.1363233389526 886.0083375041545 -4.454137059184404e-12
    vertex 607.2044716863746 886.5259755943595 8.999999999995618
    vertex 607.2044716863744 886.5259755943595 -4.455547042425678e-12
  endloop
endfacet
facet normal -0.9914448613738086 -0.1305261922200664 2.4852097015269123e-14
  outer loop
    vertex 607.1363233389527 887.0436136845645 8.999999999995575
    vertex 607.2044716863744 886.5259755943595 -4.455547042425678e-12
    vertex 607.2044716863746 886.5259755943595 8.999999999995618
  endloop
endfacet
facet normal -0.9914448613738086 -0.1305261922200664 2.4852097015269123e-14
  outer loop
    vertex 607.2044716863744 886.5259755943595 -4.455547042425678e-12
    vertex 607.1363233389527 887.0436136845645 8.999999999995575
    vertex 607.1363233389526 887.0436136845645 -4.454137059184404e-12
  endloop
endfacet
facet normal -0.92387953251132 -0.38268343236500946 2.315827583601027e-14
  outer loop
    vertex 606.9365224939435 887.5259755943597 8.999999999995579
    vertex 607.1363233389526 887.0436136845645 -4.454137059184404e-12
    vertex 607.1363233389527 887.0436136845645 8.999999999995575
  endloop
endfacet
facet normal -0.92387953251132 -0.38268343236500946 2.315827583601027e-14
  outer loop
    vertex 607.1363233389526 887.0436136845645 -4.454137059184404e-12
    vertex 606.9365224939435 887.5259755943597 8.999999999995579
    vertex 606.9365224939432 887.5259755943597 -4.427347377600199e-12
  endloop
endfacet
facet normal -0.793353340291178 -0.6087614290087953 1.9885280392576496e-14
  outer loop
    vertex 606.6186852487476 887.9401891567327 8.999999999995632
    vertex 606.9365224939432 887.5259755943597 -4.427347377600199e-12
    vertex 606.9365224939435 887.5259755943597 8.999999999995579
  endloop
endfacet
facet normal -0.793353340291178 -0.6087614290087953 1.9885280392576496e-14
  outer loop
    vertex 606.9365224939432 887.5259755943597 -4.427347377600199e-12
    vertex 606.6186852487476 887.9401891567327 8.999999999995632
    vertex 606.6186852487475 887.9401891567327 -4.441447210012939e-12
  endloop
endfacet
facet normal -0.6087614290086992 -0.7933533402912517 1.5260179161818522e-14
  outer loop
    vertex 606.2044716863743 888.2580264019285 -4.454137059184404e-12
    vertex 606.6186852487476 887.9401891567327 8.999999999995632
    vertex 606.2044716863746 888.2580264019285 8.999999999995643
  endloop
endfacet
facet normal -0.6087614290086992 -0.7933533402912517 1.5260179161818522e-14
  outer loop
    vertex 606.6186852487476 887.9401891567327 8.999999999995632
    vertex 606.2044716863743 888.2580264019285 -4.454137059184404e-12
    vertex 606.6186852487475 887.9401891567327 -4.441447210012939e-12
  endloop
endfacet
facet normal -0.382683432365175 -0.9238795325112514 9.592889955907018e-15
  outer loop
    vertex 605.7221097765796 888.4578272469378 8.999999999995609
    vertex 606.2044716863743 888.2580264019285 -4.454137059184404e-12
    vertex 606.2044716863746 888.2580264019285 8.999999999995643
  endloop
endfacet
facet normal -0.382683432365175 -0.9238795325112514 9.592889955907018e-15
  outer loop
    vertex 606.2044716863743 888.2580264019285 -4.454137059184404e-12
    vertex 605.7221097765796 888.4578272469378 8.999999999995609
    vertex 605.7221097765795 888.4578272469378 -4.4202974613938295e-12
  endloop
endfacet
facet normal -0.13052619221999262 -0.9914448613738182 3.271665402822963e-15
  outer loop
    vertex 605.2044716863744 888.5259755943596 -4.341338399882488e-12
    vertex 605.7221097765796 888.4578272469378 8.999999999995609
    vertex 605.2044716863746 888.5259755943596 8.999999999995664
  endloop
endfacet
facet normal -0.13052619221999262 -0.9914448613738182 3.271665402822963e-15
  outer loop
    vertex 605.7221097765796 888.4578272469378 8.999999999995609
    vertex 605.2044716863744 888.5259755943596 -4.341338399882488e-12
    vertex 605.7221097765795 888.4578272469378 -4.4202974613938295e-12
  endloop
endfacet
facet normal 0.13052619221998146 -0.9914448613738197 -3.926160390198584e-15
  outer loop
    vertex 604.6868335961693 888.4578272469378 -4.3737680144317886e-12
    vertex 605.2044716863746 888.5259755943596 8.999999999995664
    vertex 604.6868335961695 888.4578272469378 8.999999999995678
  endloop
endfacet
facet normal 0.13052619221998146 -0.9914448613738197 -3.926160390198584e-15
  outer loop
    vertex 605.2044716863746 888.5259755943596 8.999999999995664
    vertex 604.6868335961693 888.4578272469378 -4.3737680144317886e-12
    vertex 605.2044716863744 888.5259755943596 -4.341338399882488e-12
  endloop
endfacet
facet normal 0.38268343236514435 -0.9238795325112642 -1.1510939194713032e-14
  outer loop
    vertex 604.2044716863746 888.2580264019285 8.999999999995644
    vertex 604.6868335961693 888.4578272469378 -4.3737680144317886e-12
    vertex 604.6868335961695 888.4578272469378 8.999999999995678
  endloop
endfacet
facet normal 0.38268343236514435 -0.9238795325112642 -1.1510939194713032e-14
  outer loop
    vertex 604.6868335961693 888.4578272469378 -4.3737680144317886e-12
    vertex 604.2044716863746 888.2580264019285 8.999999999995644
    vertex 604.2044716863743 888.2580264019285 -4.339928416641214e-12
  endloop
endfacet
facet normal 0.6087614290087409 -0.7933533402912198 -1.831228417125305e-14
  outer loop
    vertex 603.7902581240013 887.9401891567327 -4.3300585339522965e-12
    vertex 604.2044716863746 888.2580264019285 8.999999999995644
    vertex 603.7902581240015 887.9401891567327 8.999999999995653
  endloop
endfacet
facet normal 0.6087614290087409 -0.7933533402912198 -1.831228417125305e-14
  outer loop
    vertex 604.2044716863746 888.2580264019285 8.999999999995644
    vertex 603.7902581240013 887.9401891567327 -4.3300585339522965e-12
    vertex 604.2044716863743 888.2580264019285 -4.339928416641214e-12
  endloop
endfacet
facet normal 0.793353340291178 -0.6087614290087952 -1.9885307536080437e-14
  outer loop
    vertex 603.7902581240013 887.9401891567327 -4.3300585339522965e-12
    vertex 603.4724208788057 887.5259755943597 8.999999999995705
    vertex 603.4724208788056 887.5259755943597 -4.323008617745927e-12
  endloop
endfacet
facet normal 0.793353340291178 -0.6087614290087952 -1.9885307536080437e-14
  outer loop
    vertex 603.4724208788057 887.5259755943597 8.999999999995705
    vertex 603.7902581240013 887.9401891567327 -4.3300585339522965e-12
    vertex 603.7902581240015 887.9401891567327 8.999999999995653
  endloop
endfacet
facet normal 0.92387953251132 -0.38268343236500946 -2.3157896725099158e-14
  outer loop
    vertex 603.4724208788056 887.5259755943597 -4.323008617745927e-12
    vertex 603.2726200337964 887.0436136845645 8.999999999995689
    vertex 603.2726200337962 887.0436136845645 -4.3173686847808314e-12
  endloop
endfacet
facet normal 0.92387953251132 -0.38268343236500946 -2.3157896725099158e-14
  outer loop
    vertex 603.2726200337964 887.0436136845645 8.999999999995689
    vertex 603.4724208788056 887.5259755943597 -4.323008617745927e-12
    vertex 603.4724208788057 887.5259755943597 8.999999999995705
  endloop
endfacet
facet normal -0.9914448613738086 0.13052619222006637 2.4852011243398684e-14
  outer loop
    vertex 479.07239252809455 537.5259755943598 8.999999999998597
    vertex 479.00424418067246 537.0083375041547 -1.6567303084968898e-12
    vertex 479.00424418067274 537.0083375041547 8.99999999999862
  endloop
endfacet
facet normal -0.9914448613738086 0.13052619222006637 2.4852011243398684e-14
  outer loop
    vertex 479.00424418067246 537.0083375041547 -1.6567303084968898e-12
    vertex 479.07239252809455 537.5259755943598 8.999999999998597
    vertex 479.0723925280944 537.5259755943598 -1.6581402917381637e-12
  endloop
endfacet
facet normal -0.9914448613738086 -0.13052619222006637 2.485201124339869e-14
  outer loop
    vertex 479.00424418067274 538.0436136845649 8.99999999999862
    vertex 479.0723925280944 537.5259755943598 -1.6581402917381637e-12
    vertex 479.07239252809455 537.5259755943598 8.999999999998597
  endloop
endfacet
facet normal -0.9914448613738086 -0.13052619222006637 2.485201124339869e-14
  outer loop
    vertex 479.0723925280944 537.5259755943598 -1.6581402917381637e-12
    vertex 479.00424418067274 538.0436136845649 8.99999999999862
    vertex 479.00424418067246 538.0436136845649 -1.6567303084968898e-12
  endloop
endfacet
facet normal -0.9238795325112694 -0.38268343236513175 2.315913272189844e-14
  outer loop
    vertex 478.80444333566345 538.5259755943598 8.999999999998625
    vertex 479.00424418067246 538.0436136845649 -1.6567303084968898e-12
    vertex 479.00424418067274 538.0436136845649 8.99999999999862
  endloop
endfacet
facet normal -0.9238795325112694 -0.38268343236513175 2.315913272189844e-14
  outer loop
    vertex 479.00424418067246 538.0436136845649 -1.6567303084968898e-12
    vertex 478.80444333566345 538.5259755943598 8.999999999998625
    vertex 478.8044433356633 538.5259755943598 -1.6976198224938343e-12
  endloop
endfacet
facet normal -0.7933533402912838 -0.6087614290086573 1.590891078324919e-14
  outer loop
    vertex 478.48660609046766 538.9401891567329 8.999999999998655
    vertex 478.8044433356633 538.5259755943598 -1.6976198224938343e-12
    vertex 478.80444333566345 538.5259755943598 8.999999999998625
  endloop
endfacet
facet normal -0.7933533402912838 -0.6087614290086573 1.590891078324919e-14
  outer loop
    vertex 478.8044433356633 538.5259755943598 -1.6976198224938343e-12
    vertex 478.48660609046766 538.9401891567329 8.999999999998655
    vertex 478.4866060904675 538.9401891567329 -1.6891599230461905e-12
  endloop
endfacet
facet normal -0.6087614290086992 -0.7933533402912517 1.526030127225246e-14
  outer loop
    vertex 478.0723925280946 539.2580264019288 8.99999999999862
    vertex 478.4866060904675 538.9401891567329 -1.6891599230461905e-12
    vertex 478.48660609046766 538.9401891567329 8.999999999998655
  endloop
endfacet
facet normal -0.6087614290086992 -0.7933533402912517 1.526030127225246e-14
  outer loop
    vertex 478.4866060904675 538.9401891567329 -1.6891599230461905e-12
    vertex 478.0723925280946 539.2580264019288 8.99999999999862
    vertex 478.0723925280943 539.2580264019288 -1.679290040357273e-12
  endloop
endfacet
facet normal -0.38268343236520547 -0.9238795325112388 1.151044668434652e-14
  outer loop
    vertex 477.59003061829947 539.457827246938 -1.6454504425666982e-12
    vertex 478.0723925280946 539.2580264019288 8.99999999999862
    vertex 477.59003061829975 539.457827246938 8.999999999998632
  endloop
endfacet
facet normal -0.38268343236520547 -0.9238795325112388 1.151044668434652e-14
  outer loop
    vertex 478.0723925280946 539.2580264019288 8.99999999999862
    vertex 477.59003061829947 539.457827246938 -1.6454504425666982e-12
    vertex 478.0723925280943 539.2580264019288 -1.679290040357273e-12
  endloop
endfacet
facet normal -0.1305261922199591 -0.9914448613738227 3.926116644392255e-15
  outer loop
    vertex 477.0723925280943 539.5259755943598 -1.6313506101539587e-12
    vertex 477.59003061829975 539.457827246938 8.999999999998632
    vertex 477.07239252809455 539.5259755943598 8.999999999998645
  endloop
endfacet
facet normal -0.1305261922199591 -0.9914448613738227 3.926116644392255e-15
  outer loop
    vertex 477.59003061829975 539.457827246938 8.999999999998632
    vertex 477.0723925280943 539.5259755943598 -1.6313506101539587e-12
    vertex 477.59003061829947 539.457827246938 -1.6454504425666982e-12
  endloop
endfacet
facet normal 0.13052619221999262 -0.9914448613738182 -3.271448293602477e-15
  outer loop
    vertex 476.5547544378895 539.457827246938 8.999999999998655
    vertex 477.0723925280943 539.5259755943598 -1.6313506101539587e-12
    vertex 477.07239252809455 539.5259755943598 8.999999999998645
  endloop
endfacet
facet normal 0.13052619221999262 -0.9914448613738182 -3.271448293602477e-15
  outer loop
    vertex 477.0723925280943 539.5259755943598 -1.6313506101539587e-12
    vertex 476.5547544378895 539.457827246938 8.999999999998655
    vertex 476.5547544378893 539.457827246938 -1.6440404593254242e-12
  endloop
endfacet
facet normal 0.3826834323651751 -0.9238795325112517 -9.591490249886811e-15
  outer loop
    vertex 476.0723925280943 539.2580264019288 -1.6102008615348495e-12
    vertex 476.5547544378895 539.457827246938 8.999999999998655
    vertex 476.0723925280946 539.2580264019288 8.999999999998689
  endloop
endfacet
facet normal 0.3826834323651751 -0.9238795325112517 -9.591490249886811e-15
  outer loop
    vertex 476.5547544378895 539.457827246938 8.999999999998655
    vertex 476.0723925280943 539.2580264019288 -1.6102008615348495e-12
    vertex 476.5547544378893 539.457827246938 -1.6440404593254242e-12
  endloop
endfacet
facet normal 0.6087614290086991 -0.7933533402912517 -1.526154937877479e-14
  outer loop
    vertex 475.6581789657213 538.9401891567329 -1.622890710706315e-12
    vertex 476.0723925280946 539.2580264019288 8.999999999998689
    vertex 475.6581789657215 538.9401891567329 8.9999999999987
  endloop
endfacet
facet normal 0.6087614290086991 -0.7933533402912517 -1.526154937877479e-14
  outer loop
    vertex 476.0723925280946 539.2580264019288 8.999999999998689
    vertex 475.6581789657213 538.9401891567329 -1.622890710706315e-12
    vertex 476.0723925280943 539.2580264019288 -1.6102008615348495e-12
  endloop
endfacet
facet normal 0.7933533402912422 -0.6087614290087118 -1.9888047969994706e-14
  outer loop
    vertex 475.6581789657213 538.9401891567329 -1.622890710706315e-12
    vertex 475.3403417205257 538.5259755943598 8.999999999998732
    vertex 475.34034172052543 538.5259755943598 -1.590461096157014e-12
  endloop
endfacet
facet normal 0.7933533402912422 -0.6087614290087118 -1.9888047969994706e-14
  outer loop
    vertex 475.3403417205257 538.5259755943598 8.999999999998732
    vertex 475.6581789657213 538.9401891567329 -1.622890710706315e-12
    vertex 475.6581789657215 538.9401891567329 8.9999999999987
  endloop
endfacet
facet normal 0.9238795325113 -0.3826834323650579 -2.7789826606981186e-14
  outer loop
    vertex 475.34034172052543 538.5259755943598 -1.590461096157014e-12
    vertex 475.1405408755165 538.0436136845649 8.999999999998712
    vertex 475.14054087551625 538.0436136845649 -1.6102008615348495e-12
  endloop
endfacet
facet normal 0.9238795325113 -0.3826834323650579 -2.7789826606981186e-14
  outer loop
    vertex 475.1405408755165 538.0436136845649 8.999999999998712
    vertex 475.34034172052543 538.5259755943598 -1.590461096157014e-12
    vertex 475.3403417205257 538.5259755943598 8.999999999998732
  endloop
endfacet
facet normal 0.9914448613738086 -0.1305261922200664 -2.4851746848954828e-14
  outer loop
    vertex 475.14054087551625 538.0436136845649 -1.6102008615348495e-12
    vertex 475.07239252809455 537.5259755943598 8.99999999999869
    vertex 475.0723925280944 537.5259755943598 -1.5862311464331924e-12
  endloop
endfacet
facet normal 0.9914448613738086 -0.1305261922200664 -2.4851746848954828e-14
  outer loop
    vertex 475.07239252809455 537.5259755943598 8.99999999999869
    vertex 475.14054087551625 538.0436136845649 -1.6102008615348495e-12
    vertex 475.1405408755165 538.0436136845649 8.999999999998712
  endloop
endfacet
facet normal 0.9914448613738086 0.1305261922200664 -2.4851746848954828e-14
  outer loop
    vertex 475.0723925280944 537.5259755943598 -1.5862311464331924e-12
    vertex 475.1405408755165 537.0083375041547 8.999999999998712
    vertex 475.14054087551625 537.0083375041547 -1.6102008615348495e-12
  endloop
endfacet
facet normal 0.9914448613738086 0.1305261922200664 -2.4851746848954828e-14
  outer loop
    vertex 475.1405408755165 537.0083375041547 8.999999999998712
    vertex 475.0723925280944 537.5259755943598 -1.5862311464331924e-12
    vertex 475.07239252809455 537.5259755943598 8.99999999999869
  endloop
endfacet
facet normal 0.9238795325113254 0.38268343236499697 -2.778982660698195e-14
  outer loop
    vertex 475.14054087551625 537.0083375041547 -1.6102008615348495e-12
    vertex 475.3403417205257 536.5259755943598 8.999999999998732
    vertex 475.34034172052543 536.5259755943598 -1.590461096157014e-12
  endloop
endfacet
facet normal 0.9238795325113254 0.38268343236499697 -2.778982660698195e-14
  outer loop
    vertex 475.3403417205257 536.5259755943598 8.999999999998732
    vertex 475.14054087551625 537.0083375041547 -1.6102008615348495e-12
    vertex 475.1405408755165 537.0083375041547 8.999999999998712
  endloop
endfacet
facet normal 0.793353340291178 0.6087614290087952 -1.9885307536079024e-14
  outer loop
    vertex 475.34034172052543 536.5259755943598 -1.590461096157014e-12
    vertex 475.6581789657215 536.1117620319867 8.9999999999987
    vertex 475.6581789657213 536.1117620319867 -1.622890710706315e-12
  endloop
endfacet
facet normal 0.793353340291178 0.6087614290087952 -1.9885307536079024e-14
  outer loop
    vertex 475.6581789657215 536.1117620319867 8.9999999999987
    vertex 475.34034172052543 536.5259755943598 -1.590461096157014e-12
    vertex 475.3403417205257 536.5259755943598 8.999999999998732
  endloop
endfacet
facet normal 0.6087614290086991 0.7933533402912517 -1.5260179161817752e-14
  outer loop
    vertex 476.0723925280943 535.793924786791 -1.6102008615348495e-12
    vertex 475.6581789657215 536.1117620319867 8.9999999999987
    vertex 476.0723925280946 535.793924786791 8.999999999998689
  endloop
endfacet
facet normal 0.6087614290086991 0.7933533402912517 -1.5260179161817752e-14
  outer loop
    vertex 475.6581789657215 536.1117620319867 8.9999999999987
    vertex 476.0723925280943 535.793924786791 -1.6102008615348495e-12
    vertex 475.6581789657213 536.1117620319867 -1.622890710706315e-12
  endloop
endfacet
facet normal 0.38268343236517494 0.9238795325112514 -9.591490249886813e-15
  outer loop
    vertex 476.5547544378895 535.5941239417817 8.999999999998655
    vertex 476.0723925280943 535.793924786791 -1.6102008615348495e-12
    vertex 476.0723925280946 535.793924786791 8.999999999998689
  endloop
endfacet
facet normal 0.38268343236517494 0.9238795325112514 -9.591490249886813e-15
  outer loop
    vertex 476.0723925280943 535.793924786791 -1.6102008615348495e-12
    vertex 476.5547544378895 535.5941239417817 8.999999999998655
    vertex 476.5547544378893 535.5941239417817 -1.6440404593254242e-12
  endloop
endfacet
facet normal 0.13052619221999262 0.9914448613738182 -3.2721132056878903e-15
  outer loop
    vertex 477.0723925280943 535.5259755943598 -1.6313506101539587e-12
    vertex 476.5547544378895 535.5941239417817 8.999999999998655
    vertex 477.07239252809455 535.5259755943598 8.999999999998645
  endloop
endfacet
facet normal 0.13052619221999262 0.9914448613738182 -3.2721132056878903e-15
  outer loop
    vertex 476.5547544378895 535.5941239417817 8.999999999998655
    vertex 477.0723925280943 535.5259755943598 -1.6313506101539587e-12
    vertex 476.5547544378893 535.5941239417817 -1.6440404593254242e-12
  endloop
endfacet
facet normal -0.1305261922199591 0.9914448613738227 3.926116644392255e-15
  outer loop
    vertex 477.59003061829975 535.5941239417817 8.999999999998632
    vertex 477.0723925280943 535.5259755943598 -1.6313506101539587e-12
    vertex 477.07239252809455 535.5259755943598 8.999999999998645
  endloop
endfacet
facet normal -0.1305261922199591 0.9914448613738227 3.926116644392255e-15
  outer loop
    vertex 477.0723925280943 535.5259755943598 -1.6313506101539587e-12
    vertex 477.59003061829975 535.5941239417817 8.999999999998632
    vertex 477.59003061829947 535.5941239417817 -1.6454504425666982e-12
  endloop
endfacet
facet normal -0.3826834323652056 0.923879532511239 1.151110762481476e-14
  outer loop
    vertex 478.0723925280943 535.793924786791 -1.679290040357273e-12
    vertex 477.59003061829975 535.5941239417817 8.999999999998632
    vertex 478.0723925280946 535.793924786791 8.99999999999862
  endloop
endfacet
facet normal -0.3826834323652056 0.923879532511239 1.151110762481476e-14
  outer loop
    vertex 477.59003061829975 535.5941239417817 8.999999999998632
    vertex 478.0723925280943 535.793924786791 -1.679290040357273e-12
    vertex 477.59003061829947 535.5941239417817 -1.6454504425666982e-12
  endloop
endfacet
facet normal -0.6087614290086991 0.7933533402912517 1.5259249867801934e-14
  outer loop
    vertex 478.4866060904675 536.1117620319867 -1.6891599230461905e-12
    vertex 478.0723925280946 535.793924786791 8.99999999999862
    vertex 478.48660609046766 536.1117620319867 8.999999999998655
  endloop
endfacet
facet normal -0.6087614290086991 0.7933533402912517 1.5259249867801934e-14
  outer loop
    vertex 478.0723925280946 535.793924786791 8.99999999999862
    vertex 478.4866060904675 536.1117620319867 -1.6891599230461905e-12
    vertex 478.0723925280943 535.793924786791 -1.679290040357273e-12
  endloop
endfacet
facet normal -0.7933533402912198 0.6087614290087409 1.5908910783247935e-14
  outer loop
    vertex 478.80444333566345 536.5259755943598 8.999999999998625
    vertex 478.4866060904675 536.1117620319867 -1.6891599230461905e-12
    vertex 478.48660609046766 536.1117620319867 8.999999999998655
  endloop
endfacet
facet normal -0.7933533402912198 0.6087614290087409 1.5908910783247935e-14
  outer loop
    vertex 478.4866060904675 536.1117620319867 -1.6891599230461905e-12
    vertex 478.80444333566345 536.5259755943598 8.999999999998625
    vertex 478.8044433356633 536.5259755943598 -1.6976198224938343e-12
  endloop
endfacet
facet normal -0.9238795325112946 0.3826834323650706 2.3159132721899076e-14
  outer loop
    vertex 479.00424418067274 537.0083375041547 8.99999999999862
    vertex 478.8044433356633 536.5259755943598 -1.6976198224938343e-12
    vertex 478.80444333566345 536.5259755943598 8.999999999998625
  endloop
endfacet
facet normal -0.9238795325112946 0.3826834323650706 2.3159132721899076e-14
  outer loop
    vertex 478.8044433356633 536.5259755943598 -1.6976198224938343e-12
    vertex 479.00424418067274 537.0083375041547 8.99999999999862
    vertex 479.00424418067246 537.0083375041547 -1.6567303084968898e-12
  endloop
endfacet
facet normal 0.9914448613738197 -0.13052619221998144 -1.988137729865962e-14
  outer loop
    vertex 603.2726200337959 538.0436136845647 -4.4301673440827465e-12
    vertex 603.2044716863742 537.5259755943596 8.99999999999569
    vertex 603.2044716863741 537.5259755943596 -4.383637897120706e-12
  endloop
endfacet
facet normal 0.9914448613738197 -0.13052619221998144 -1.988137729865962e-14
  outer loop
    vertex 603.2044716863742 537.5259755943596 8.99999999999569
    vertex 603.2726200337959 538.0436136845647 -4.4301673440827465e-12
    vertex 603.272620033796 538.0436136845647 8.999999999995666
  endloop
endfacet
facet normal 0.9914448613738168 0.1305261922200038 -1.9881602733144854e-14
  outer loop
    vertex 603.2044716863741 537.5259755943596 -4.383637897120706e-12
    vertex 603.272620033796 537.0083375041546 8.999999999995666
    vertex 603.2726200337959 537.0083375041546 -4.4301673440827465e-12
  endloop
endfacet
facet normal 0.9914448613738168 0.1305261922200038 -1.9881602733144854e-14
  outer loop
    vertex 603.272620033796 537.0083375041546 8.999999999995666
    vertex 603.2044716863741 537.5259755943596 -4.383637897120706e-12
    vertex 603.2044716863742 537.5259755943596 8.99999999999569
  endloop
endfacet
facet normal 0.9238795325112642 0.3826834323651444 -1.8526655299003524e-14
  outer loop
    vertex 603.2726200337959 537.0083375041546 -4.4301673440827465e-12
    vertex 603.4724208788053 536.5259755943596 8.99999999999566
    vertex 603.4724208788051 536.5259755943596 -4.41324754518746e-12
  endloop
endfacet
facet normal 0.9238795325112642 0.3826834323651444 -1.8526655299003524e-14
  outer loop
    vertex 603.4724208788053 536.5259755943596 8.99999999999566
    vertex 603.2726200337959 537.0083375041546 -4.4301673440827465e-12
    vertex 603.272620033796 537.0083375041546 8.999999999995666
  endloop
endfacet
facet normal 0.7933533402912839 0.6087614290086573 -1.5908693705884316e-14
  outer loop
    vertex 603.4724208788051 536.5259755943596 -4.41324754518746e-12
    vertex 603.7902581240011 536.1117620319865 8.999999999995676
    vertex 603.790258124001 536.1117620319865 -4.442857193254212e-12
  endloop
endfacet
facet normal 0.7933533402912839 0.6087614290086573 -1.5908693705884316e-14
  outer loop
    vertex 603.7902581240011 536.1117620319865 8.999999999995676
    vertex 603.4724208788051 536.5259755943596 -4.41324754518746e-12
    vertex 603.4724208788053 536.5259755943596 8.99999999999566
  endloop
endfacet
facet normal 0.6087614290087409 0.7933533402912198 -1.2208074152386462e-14
  outer loop
    vertex 604.204471686374 535.7939247867907 -4.407607612222364e-12
    vertex 603.7902581240011 536.1117620319865 8.999999999995676
    vertex 604.2044716863742 535.7939247867907 8.999999999995666
  endloop
endfacet
facet normal 0.6087614290087409 0.7933533402912198 -1.2208074152386462e-14
  outer loop
    vertex 603.7902581240011 536.1117620319865 8.999999999995676
    vertex 604.204471686374 535.7939247867907 -4.407607612222364e-12
    vertex 603.790258124001 536.1117620319865 -4.442857193254212e-12
  endloop
endfacet
facet normal 0.38268343236499686 0.9238795325113252 -7.67434820672901e-15
  outer loop
    vertex 604.6868335961691 535.5941239417815 8.999999999995632
    vertex 604.204471686374 535.7939247867907 -4.407607612222364e-12
    vertex 604.2044716863742 535.7939247867907 8.999999999995666
  endloop
endfacet
facet normal 0.38268343236499686 0.9238795325113252 -7.67434820672901e-15
  outer loop
    vertex 604.204471686374 535.7939247867907 -4.407607612222364e-12
    vertex 604.6868335961691 535.5941239417815 8.999999999995632
    vertex 604.686833596169 535.5941239417815 -4.418887478152555e-12
  endloop
endfacet
facet normal 0.13052619222015133 0.9914448613737974 -2.61762654358027e-15
  outer loop
    vertex 605.2044716863742 535.5259755943596 8.99999999999562
    vertex 604.686833596169 535.5941239417815 -4.418887478152555e-12
    vertex 604.6868335961691 535.5941239417815 8.999999999995632
  endloop
endfacet
facet normal 0.13052619222015133 0.9914448613737974 -2.61762654358027e-15
  outer loop
    vertex 604.686833596169 535.5941239417815 -4.418887478152555e-12
    vertex 605.2044716863742 535.5259755943596 8.99999999999562
    vertex 605.2044716863741 535.5259755943596 -4.431577327324021e-12
  endloop
endfacet
facet normal -0.13052619222015133 0.9914448613737974 2.617694891802916e-15
  outer loop
    vertex 605.722109776579 535.5941239417815 -4.442857193254212e-12
    vertex 605.2044716863742 535.5259755943596 8.99999999999562
    vertex 605.7221097765793 535.5941239417815 8.999999999995609
  endloop
endfacet
facet normal -0.13052619222015133 0.9914448613737974 2.617694891802916e-15
  outer loop
    vertex 605.2044716863742 535.5259755943596 8.99999999999562
    vertex 605.722109776579 535.5941239417815 -4.442857193254212e-12
    vertex 605.2044716863741 535.5259755943596 -4.431577327324021e-12
  endloop
endfacet
facet normal -0.382683432365058 0.9238795325112998 7.673933521445826e-15
  outer loop
    vertex 606.204471686374 535.7939247867907 -4.454137059184404e-12
    vertex 605.7221097765793 535.5941239417815 8.999999999995609
    vertex 606.2044716863742 535.7939247867907 8.999999999995596
  endloop
endfacet
facet normal -0.382683432365058 0.9238795325112998 7.673933521445826e-15
  outer loop
    vertex 605.7221097765793 535.5941239417815 8.999999999995609
    vertex 606.204471686374 535.7939247867907 -4.454137059184404e-12
    vertex 605.722109776579 535.5941239417815 -4.442857193254212e-12
  endloop
endfacet
facet normal -0.6087614290086573 0.7933533402912838 1.220738900857412e-14
  outer loop
    vertex 606.6186852487472 536.1117620319865 -4.4865666737337045e-12
    vertex 606.2044716863742 535.7939247867907 8.999999999995596
    vertex 606.6186852487473 536.1117620319865 8.999999999995588
  endloop
endfacet
facet normal -0.6087614290086573 0.7933533402912838 1.220738900857412e-14
  outer loop
    vertex 606.2044716863742 535.7939247867907 8.999999999995596
    vertex 606.6186852487472 536.1117620319865 -4.4865666737337045e-12
    vertex 606.204471686374 535.7939247867907 -4.454137059184404e-12
  endloop
endfacet
facet normal -0.7933533402912838 0.6087614290086574 1.5908910783250078e-14
  outer loop
    vertex 606.936522493943 536.5259755943596 8.999999999995579
    vertex 606.6186852487472 536.1117620319865 -4.4865666737337045e-12
    vertex 606.6186852487473 536.1117620319865 8.999999999995588
  endloop
endfacet
facet normal -0.7933533402912838 0.6087614290086574 1.5908910783250078e-14
  outer loop
    vertex 606.6186852487472 536.1117620319865 -4.4865666737337045e-12
    vertex 606.936522493943 536.5259755943596 8.999999999995579
    vertex 606.9365224939429 536.5259755943596 -4.5175863050417315e-12
  endloop
endfacet
facet normal -0.9238795325112642 0.3826834323651444 1.8526956584831486e-14
  outer loop
    vertex 607.1363233389524 537.0083375041546 8.999999999995575
    vertex 606.9365224939429 536.5259755943596 -4.5175863050417315e-12
    vertex 606.936522493943 536.5259755943596 8.999999999995579
  endloop
endfacet
facet normal -0.9238795325112642 0.3826834323651444 1.8526956584831486e-14
  outer loop
    vertex 606.9365224939429 536.5259755943596 -4.5175863050417315e-12
    vertex 607.1363233389524 537.0083375041546 8.999999999995575
    vertex 607.1363233389521 537.0083375041546 -4.4766967910447875e-12
  endloop
endfacet
facet normal -0.9914448613738168 0.13052619222000383 1.9881401327829564e-14
  outer loop
    vertex 607.2044716863742 537.5259755943596 8.999999999995618
    vertex 607.1363233389521 537.0083375041546 -4.4766967910447875e-12
    vertex 607.1363233389524 537.0083375041546 8.999999999995575
  endloop
endfacet
facet normal -0.9914448613738168 0.13052619222000383 1.9881401327829564e-14
  outer loop
    vertex 607.1363233389521 537.0083375041546 -4.4766967910447875e-12
    vertex 607.2044716863742 537.5259755943596 8.999999999995618
    vertex 607.2044716863741 537.5259755943596 -4.500666506146444e-12
  endloop
endfacet
facet normal -0.9914448613738197 -0.13052619221998144 1.9881401327829624e-14
  outer loop
    vertex 607.1363233389524 538.0436136845647 8.999999999995575
    vertex 607.2044716863741 537.5259755943596 -4.500666506146444e-12
    vertex 607.2044716863742 537.5259755943596 8.999999999995618
  endloop
endfacet
facet normal -0.9914448613738197 -0.13052619221998144 1.9881401327829624e-14
  outer loop
    vertex 607.2044716863741 537.5259755943596 -4.500666506146444e-12
    vertex 607.1363233389524 538.0436136845647 8.999999999995575
    vertex 607.1363233389521 538.0436136845647 -4.4766967910447875e-12
  endloop
endfacet
facet normal -0.9238795325112642 -0.3826834323651444 1.8526295644363242e-14
  outer loop
    vertex 606.936522493943 538.5259755943596 8.999999999995579
    vertex 607.1363233389521 538.0436136845647 -4.4766967910447875e-12
    vertex 607.1363233389524 538.0436136845647 8.999999999995575
  endloop
endfacet
facet normal -0.9238795325112642 -0.3826834323651444 1.8526295644363242e-14
  outer loop
    vertex 607.1363233389521 538.0436136845647 -4.4766967910447875e-12
    vertex 606.936522493943 538.5259755943596 8.999999999995579
    vertex 606.9365224939429 538.5259755943596 -4.5175863050417315e-12
  endloop
endfacet
facet normal -0.7933533402912198 -0.6087614290087409 1.59089107832488e-14
  outer loop
    vertex 606.6186852487473 538.9401891567327 8.999999999995588
    vertex 606.9365224939429 538.5259755943596 -4.5175863050417315e-12
    vertex 606.936522493943 538.5259755943596 8.999999999995579
  endloop
endfacet
facet normal -0.7933533402912198 -0.6087614290087409 1.59089107832488e-14
  outer loop
    vertex 606.9365224939429 538.5259755943596 -4.5175863050417315e-12
    vertex 606.6186852487473 538.9401891567327 8.999999999995588
    vertex 606.6186852487472 538.9401891567327 -4.4865666737337045e-12
  endloop
endfacet
facet normal -0.6087614290086573 -0.7933533402912838 1.220875922553116e-14
  outer loop
    vertex 606.204471686374 539.2580264019284 -4.454137059184404e-12
    vertex 606.6186852487473 538.9401891567327 8.999999999995588
    vertex 606.2044716863742 539.2580264019284 8.999999999995596
  endloop
endfacet
facet normal -0.6087614290086573 -0.7933533402912838 1.220875922553116e-14
  outer loop
    vertex 606.6186852487473 538.9401891567327 8.999999999995588
    vertex 606.204471686374 539.2580264019284 -4.454137059184404e-12
    vertex 606.6186852487472 538.9401891567327 -4.4865666737337045e-12
  endloop
endfacet
facet normal -0.3826834323652055 -0.9238795325112388 7.673933521448775e-15
  outer loop
    vertex 605.722109776579 539.4578272469378 -4.442857193254212e-12
    vertex 606.2044716863742 539.2580264019284 8.999999999995596
    vertex 605.7221097765793 539.4578272469378 8.999999999995609
  endloop
endfacet
facet normal -0.3826834323652055 -0.9238795325112388 7.673933521448775e-15
  outer loop
    vertex 606.2044716863742 539.2580264019284 8.999999999995596
    vertex 605.722109776579 539.4578272469378 -4.442857193254212e-12
    vertex 606.204471686374 539.2580264019284 -4.454137059184404e-12
  endloop
endfacet
facet normal -0.13052619221998144 -0.9914448613738197 2.6176948917995215e-15
  outer loop
    vertex 605.2044716863742 539.5259755943596 8.99999999999562
    vertex 605.722109776579 539.4578272469378 -4.442857193254212e-12
    vertex 605.7221097765793 539.4578272469378 8.999999999995609
  endloop
endfacet
facet normal -0.13052619221998144 -0.9914448613738197 2.6176948917995215e-15
  outer loop
    vertex 605.722109776579 539.4578272469378 -4.442857193254212e-12
    vertex 605.2044716863742 539.5259755943596 8.99999999999562
    vertex 605.2044716863741 539.5259755943596 -4.431577327324021e-12
  endloop
endfacet
facet normal 0.13052619221998144 -0.9914448613738197 -2.6176265435768785e-15
  outer loop
    vertex 604.686833596169 539.4578272469378 -4.418887478152555e-12
    vertex 605.2044716863742 539.5259755943596 8.99999999999562
    vertex 604.6868335961691 539.4578272469378 8.999999999995632
  endloop
endfacet
facet normal 0.13052619221998144 -0.9914448613738197 -2.6176265435768785e-15
  outer loop
    vertex 605.2044716863742 539.5259755943596 8.99999999999562
    vertex 604.686833596169 539.4578272469378 -4.418887478152555e-12
    vertex 605.2044716863741 539.5259755943596 -4.431577327324021e-12
  endloop
endfacet
facet normal 0.38268343236514435 -0.9238795325112642 -7.674348206731945e-15
  outer loop
    vertex 604.204471686374 539.2580264019284 -4.407607612222364e-12
    vertex 604.6868335961691 539.4578272469378 8.999999999995632
    vertex 604.2044716863742 539.2580264019284 8.999999999995666
  endloop
endfacet
facet normal 0.38268343236514435 -0.9238795325112642 -7.674348206731945e-15
  outer loop
    vertex 604.6868335961691 539.4578272469378 8.999999999995632
    vertex 604.204471686374 539.2580264019284 -4.407607612222364e-12
    vertex 604.686833596169 539.4578272469378 -4.418887478152555e-12
  endloop
endfacet
facet normal 0.6087614290087409 -0.7933533402912198 -1.2208074152386461e-14
  outer loop
    vertex 603.790258124001 538.9401891567327 -4.442857193254212e-12
    vertex 604.2044716863742 539.2580264019284 8.999999999995666
    vertex 603.7902581240011 538.9401891567327 8.999999999995676
  endloop
endfacet
facet normal 0.6087614290087409 -0.7933533402912198 -1.2208074152386461e-14
  outer loop
    vertex 604.2044716863742 539.2580264019284 8.999999999995666
    vertex 603.790258124001 538.9401891567327 -4.442857193254212e-12
    vertex 604.204471686374 539.2580264019284 -4.407607612222364e-12
  endloop
endfacet
facet normal 0.7933533402912198 -0.6087614290087409 -1.5909745110333567e-14
  outer loop
    vertex 603.790258124001 538.9401891567327 -4.442857193254212e-12
    vertex 603.4724208788053 538.5259755943596 8.99999999999566
    vertex 603.4724208788051 538.5259755943596 -4.41324754518746e-12
  endloop
endfacet
facet normal 0.7933533402912198 -0.6087614290087409 -1.5909745110333567e-14
  outer loop
    vertex 603.4724208788053 538.5259755943596 8.99999999999566
    vertex 603.790258124001 538.9401891567327 -4.442857193254212e-12
    vertex 603.7902581240011 538.9401891567327 8.999999999995676
  endloop
endfacet
facet normal 0.9238795325112642 -0.3826834323651444 -1.8527316239471764e-14
  outer loop
    vertex 603.4724208788051 538.5259755943596 -4.41324754518746e-12
    vertex 603.272620033796 538.0436136845647 8.999999999995666
    vertex 603.2726200337959 538.0436136845647 -4.4301673440827465e-12
  endloop
endfacet
facet normal 0.9238795325112642 -0.3826834323651444 -1.8527316239471764e-14
  outer loop
    vertex 603.272620033796 538.0436136845647 8.999999999995666
    vertex 603.4724208788051 538.5259755943596 -4.41324754518746e-12
    vertex 603.4724208788053 538.5259755943596 8.99999999999566
  endloop
endfacet
facet normal 2.374539958599991e-14 8.50241150516923e-17 1.0
  outer loop
    vertex 639.3089200749174 911.0259755943597 8.999999999994749
    vertex 607.1363233389527 887.0436136845645 8.999999999995575
    vertex 607.2044716863746 886.5259755943595 8.999999999995618
  endloop
endfacet
facet normal 2.374539958599991e-14 8.50241150516923e-17 1.0
  outer loop
    vertex 607.1363233389527 887.0436136845645 8.999999999995575
    vertex 639.3089200749174 911.0259755943597 8.999999999994749
    vertex 606.9365224939435 887.5259755943597 8.999999999995579
  endloop
endfacet
facet normal 2.374539958599991e-14 8.50241150516923e-17 1.0
  outer loop
    vertex 606.9365224939435 887.5259755943597 8.999999999995579
    vertex 639.3089200749174 911.0259755943597 8.999999999994749
    vertex 606.6186852487476 887.9401891567327 8.999999999995632
  endloop
endfacet
facet normal 2.374539958599991e-14 8.50241150516923e-17 1.0
  outer loop
    vertex 606.6186852487476 887.9401891567327 8.999999999995632
    vertex 639.3089200749174 911.0259755943597 8.999999999994749
    vertex 606.2044716863746 888.2580264019285 8.999999999995643
  endloop
endfacet
facet normal 2.374539958599991e-14 8.50241150516923e-17 1.0
  outer loop
    vertex 606.2044716863746 888.2580264019285 8.999999999995643
    vertex 639.3089200749174 911.0259755943597 8.999999999994749
    vertex 605.7221097765796 888.4578272469378 8.999999999995609
  endloop
endfacet
facet normal 2.374539958599991e-14 8.50241150516923e-17 1.0
  outer loop
    vertex 605.7221097765796 888.4578272469378 8.999999999995609
    vertex 639.3089200749174 911.0259755943597 8.999999999994749
    vertex 590.2044716863746 891.0259755943596 8.999999999995929
  endloop
endfacet
facet normal 2.374539958599991e-14 8.50241150516923e-17 1.0
  outer loop
    vertex 590.2044716863746 891.0259755943596 8.999999999995929
    vertex 639.3089200749174 911.0259755943597 8.999999999994749
    vertex 419.3089200749173 911.0259755943596 8.999999999999961
  endloop
endfacet
facet normal 2.374539958599991e-14 8.50241150516923e-17 1.0
  outer loop
    vertex 605.7221097765796 888.4578272469378 8.999999999995609
    vertex 590.2044716863746 891.0259755943596 8.999999999995929
    vertex 605.2044716863746 888.5259755943596 8.999999999995664
  endloop
endfacet
facet normal 2.374539958599991e-14 8.50241150516923e-17 1.0
  outer loop
    vertex 605.2044716863746 888.5259755943596 8.999999999995664
    vertex 590.2044716863746 891.0259755943596 8.999999999995929
    vertex 604.6868335961695 888.4578272469378 8.999999999995678
  endloop
endfacet
facet normal 2.374539958599991e-14 8.50241150516923e-17 1.0
  outer loop
    vertex 604.6868335961695 888.4578272469378 8.999999999995678
    vertex 590.2044716863746 891.0259755943596 8.999999999995929
    vertex 604.2044716863746 888.2580264019285 8.999999999995644
  endloop
endfacet
facet normal 2.374539958599991e-14 8.50241150516923e-17 1.0
  outer loop
    vertex 604.2044716863746 888.2580264019285 8.999999999995644
    vertex 590.2044716863746 891.0259755943596 8.999999999995929
    vertex 603.7902581240015 887.9401891567327 8.999999999995653
  endloop
endfacet
facet normal 2.374539958599991e-14 8.50241150516923e-17 1.0
  outer loop
    vertex 603.7902581240015 887.9401891567327 8.999999999995653
    vertex 590.2044716863746 891.0259755943596 8.999999999995929
    vertex 603.4724208788057 887.5259755943597 8.999999999995705
  endloop
endfacet
facet normal 2.374539958599991e-14 8.50241150516923e-17 1.0
  outer loop
    vertex 603.4724208788057 887.5259755943597 8.999999999995705
    vertex 590.2044716863746 891.0259755943596 8.999999999995929
    vertex 603.2726200337964 887.0436136845645 8.999999999995689
  endloop
endfacet
facet normal 2.374539958599991e-14 8.50241150516923e-17 1.0
  outer loop
    vertex 603.2726200337964 887.0436136845645 8.999999999995689
    vertex 590.2044716863746 891.0259755943596 8.999999999995929
    vertex 603.2044716863746 886.5259755943595 8.99999999999569
  endloop
endfacet
facet normal 2.374539958599991e-14 8.50241150516923e-17 1.0
  outer loop
    vertex 603.2044716863746 886.5259755943595 8.99999999999569
    vertex 590.2044716863746 891.0259755943596 8.999999999995929
    vertex 603.2044716863742 537.5259755943596 8.99999999999569
  endloop
endfacet
facet normal 2.374539958599991e-14 8.50241150516923e-17 1.0
  outer loop
    vertex 590.2044716863746 891.0259755943596 8.999999999995929
    vertex 419.3089200749173 911.0259755943596 8.999999999999961
    vertex 487.0723925280949 891.0259755943596 8.999999999998453
  endloop
endfacet
facet normal 2.374539958599991e-14 8.50241150516923e-17 1.0
  outer loop
    vertex 487.0723925280949 891.0259755943596 8.999999999998453
    vertex 419.3089200749173 911.0259755943596 8.999999999999961
    vertex 477.59003061830003 888.4578272469378 8.999999999998677
  endloop
endfacet
facet normal 2.374539958599991e-14 8.50241150516923e-17 1.0
  outer loop
    vertex 487.0723925280949 891.0259755943596 8.999999999998453
    vertex 477.59003061830003 888.4578272469378 8.999999999998677
    vertex 478.072392528095 888.2580264019286 8.999999999998666
  endloop
endfacet
facet normal 2.374539958599991e-14 8.50241150516923e-17 1.0
  outer loop
    vertex 487.0723925280949 891.0259755943596 8.999999999998453
    vertex 478.072392528095 888.2580264019286 8.999999999998666
    vertex 487.0723925280949 882.0259755943597 8.999999999998453
  endloop
endfacet
facet normal 2.374539958599991e-14 8.50241150516923e-17 1.0
  outer loop
    vertex 487.0723925280949 882.0259755943597 8.999999999998453
    vertex 478.072392528095 888.2580264019286 8.999999999998666
    vertex 478.48660609046806 887.9401891567327 8.999999999998655
  endloop
endfacet
facet normal 2.374539958599991e-14 8.50241150516923e-17 1.0
  outer loop
    vertex 487.0723925280949 882.0259755943597 8.999999999998453
    vertex 478.48660609046806 887.9401891567327 8.999999999998655
    vertex 478.8044433356638 887.5259755943597 8.999999999998648
  endloop
endfacet
facet normal 2.374539958599991e-14 8.50241150516923e-17 1.0
  outer loop
    vertex 487.0723925280949 882.0259755943597 8.999999999998453
    vertex 478.8044433356638 887.5259755943597 8.999999999998648
    vertex 479.0042441806731 887.043613684565 8.999999999998643
  endloop
endfacet
facet normal 2.374539958599991e-14 8.50241150516923e-17 1.0
  outer loop
    vertex 487.0723925280949 882.0259755943597 8.999999999998453
    vertex 479.0042441806731 887.043613684565 8.999999999998643
    vertex 479.07239252809495 886.5259755943599 8.999999999998641
  endloop
endfacet
facet normal 2.374539958599991e-14 8.50241150516923e-17 1.0
  outer loop
    vertex 487.0723925280949 882.0259755943597 8.999999999998453
    vertex 479.07239252809495 886.5259755943599 8.999999999998641
    vertex 487.07239252809455 542.0259755943598 8.999999999998385
  endloop
endfacet
facet normal 2.374539958599991e-14 8.50241150516923e-17 1.0
  outer loop
    vertex 477.59003061830003 888.4578272469378 8.999999999998677
    vertex 419.3089200749173 911.0259755943596 8.999999999999961
    vertex 477.07239252809495 888.5259755943598 8.999999999998693
  endloop
endfacet
facet normal 2.374539958599991e-14 8.50241150516923e-17 1.0
  outer loop
    vertex 477.07239252809495 888.5259755943598 8.999999999998693
    vertex 419.3089200749173 911.0259755943596 8.999999999999961
    vertex 476.55475443788987 888.4578272469378 8.9999999999987
  endloop
endfacet
facet normal 2.374539958599991e-14 8.50241150516923e-17 1.0
  outer loop
    vertex 476.55475443788987 888.4578272469378 8.9999999999987
    vertex 419.3089200749173 911.0259755943596 8.999999999999961
    vertex 476.0723925280949 888.2580264019286 8.999999999998712
  endloop
endfacet
facet normal 2.374539958599991e-14 8.50241150516923e-17 1.0
  outer loop
    vertex 476.0723925280949 888.2580264019286 8.999999999998712
    vertex 419.3089200749173 911.0259755943596 8.999999999999961
    vertex 475.65817896572185 887.9401891567327 8.999999999998721
  endloop
endfacet
facet normal 2.374539958599991e-14 8.50241150516923e-17 1.0
  outer loop
    vertex 475.65817896572185 887.9401891567327 8.999999999998721
    vertex 419.3089200749173 911.0259755943596 8.999999999999961
    vertex 475.34034172052606 887.5259755943597 8.999999999998733
  endloop
endfacet
facet normal 2.374539958599991e-14 8.50241150516923e-17 1.0
  outer loop
    vertex 475.34034172052606 887.5259755943597 8.999999999998733
    vertex 419.3089200749173 911.0259755943596 8.999999999999961
    vertex 475.14054087551676 887.043613684565 8.999999999998733
  endloop
endfacet
facet normal 2.374539958599991e-14 8.50241150516923e-17 1.0
  outer loop
    vertex 475.14054087551676 887.043613684565 8.999999999998733
    vertex 419.3089200749173 911.0259755943596 8.999999999999961
    vertex 475.07239252809495 886.5259755943599 8.999999999998735
  endloop
endfacet
facet normal 2.374539958599991e-14 8.50241150516923e-17 1.0
  outer loop
    vertex 475.07239252809495 886.5259755943599 8.999999999998735
    vertex 419.3089200749173 911.0259755943596 8.999999999999961
    vertex 475.07239252809455 537.5259755943598 8.99999999999869
  endloop
endfacet
facet normal 2.374539958599991e-14 8.50241150516923e-17 1.0
  outer loop
    vertex 475.07239252809455 537.5259755943598 8.99999999999869
    vertex 419.3089200749173 911.0259755943596 8.999999999999961
    vertex 419.3089200749173 513.02597559436 9.000000000000005
  endloop
endfacet
facet normal 2.374539958599991e-14 8.50241150516923e-17 1.0
  outer loop
    vertex 639.3089200749173 513.0259755943596 8.99999999999477
    vertex 590.2044716863742 533.0259755943598 8.999999999995929
    vertex 419.3089200749173 513.02597559436 9.000000000000005
  endloop
endfacet
facet normal 2.374539958599991e-14 8.50241150516923e-17 1.0
  outer loop
    vertex 590.2044716863742 533.0259755943598 8.999999999995929
    vertex 639.3089200749173 513.0259755943596 8.99999999999477
    vertex 605.7221097765793 535.5941239417815 8.999999999995609
  endloop
endfacet
facet normal 2.374539958599991e-14 8.50241150516923e-17 1.0
  outer loop
    vertex 605.7221097765793 535.5941239417815 8.999999999995609
    vertex 639.3089200749173 513.0259755943596 8.99999999999477
    vertex 606.2044716863742 535.7939247867907 8.999999999995596
  endloop
endfacet
facet normal 2.374539958599991e-14 8.50241150516923e-17 1.0
  outer loop
    vertex 606.2044716863742 535.7939247867907 8.999999999995596
    vertex 639.3089200749173 513.0259755943596 8.99999999999477
    vertex 606.6186852487473 536.1117620319865 8.999999999995588
  endloop
endfacet
facet normal 2.374539958599991e-14 8.50241150516923e-17 1.0
  outer loop
    vertex 606.6186852487473 536.1117620319865 8.999999999995588
    vertex 639.3089200749173 513.0259755943596 8.99999999999477
    vertex 606.936522493943 536.5259755943596 8.999999999995579
  endloop
endfacet
facet normal 2.374539958599991e-14 8.50241150516923e-17 1.0
  outer loop
    vertex 606.936522493943 536.5259755943596 8.999999999995579
    vertex 639.3089200749173 513.0259755943596 8.99999999999477
    vertex 607.1363233389524 537.0083375041546 8.999999999995575
  endloop
endfacet
facet normal 2.374539958599991e-14 8.50241150516923e-17 1.0
  outer loop
    vertex 607.1363233389524 537.0083375041546 8.999999999995575
    vertex 639.3089200749173 513.0259755943596 8.99999999999477
    vertex 607.2044716863742 537.5259755943596 8.999999999995618
  endloop
endfacet
facet normal 2.374539958599991e-14 8.50241150516923e-17 1.0
  outer loop
    vertex 607.2044716863742 537.5259755943596 8.999999999995618
    vertex 639.3089200749173 513.0259755943596 8.99999999999477
    vertex 639.3089200749174 911.0259755943597 8.999999999994749
  endloop
endfacet
facet normal 2.374539958599991e-14 8.50241150516923e-17 1.0
  outer loop
    vertex 607.2044716863742 537.5259755943596 8.999999999995618
    vertex 639.3089200749174 911.0259755943597 8.999999999994749
    vertex 607.2044716863746 886.5259755943595 8.999999999995618
  endloop
endfacet
facet normal 2.374539958599991e-14 8.50241150516923e-17 1.0
  outer loop
    vertex 590.2044716863742 533.0259755943598 8.999999999995929
    vertex 605.7221097765793 535.5941239417815 8.999999999995609
    vertex 605.2044716863742 535.5259755943596 8.99999999999562
  endloop
endfacet
facet normal 2.374539958599991e-14 8.50241150516923e-17 1.0
  outer loop
    vertex 590.2044716863742 533.0259755943598 8.999999999995929
    vertex 605.2044716863742 535.5259755943596 8.99999999999562
    vertex 604.6868335961691 535.5941239417815 8.999999999995632
  endloop
endfacet
facet normal 2.374539958599991e-14 8.50241150516923e-17 1.0
  outer loop
    vertex 590.2044716863742 533.0259755943598 8.999999999995929
    vertex 604.6868335961691 535.5941239417815 8.999999999995632
    vertex 604.2044716863742 535.7939247867907 8.999999999995666
  endloop
endfacet
facet normal 2.374539958599991e-14 8.50241150516923e-17 1.0
  outer loop
    vertex 590.2044716863742 533.0259755943598 8.999999999995929
    vertex 604.2044716863742 535.7939247867907 8.999999999995666
    vertex 603.7902581240011 536.1117620319865 8.999999999995676
  endloop
endfacet
facet normal 2.374539958599991e-14 8.50241150516923e-17 1.0
  outer loop
    vertex 590.2044716863742 533.0259755943598 8.999999999995929
    vertex 603.7902581240011 536.1117620319865 8.999999999995676
    vertex 603.4724208788053 536.5259755943596 8.99999999999566
  endloop
endfacet
facet normal 2.374539958599991e-14 8.50241150516923e-17 1.0
  outer loop
    vertex 590.2044716863742 533.0259755943598 8.999999999995929
    vertex 603.4724208788053 536.5259755943596 8.99999999999566
    vertex 603.272620033796 537.0083375041546 8.999999999995666
  endloop
endfacet
facet normal 2.374539958599991e-14 8.50241150516923e-17 1.0
  outer loop
    vertex 590.2044716863742 533.0259755943598 8.999999999995929
    vertex 603.272620033796 537.0083375041546 8.999999999995666
    vertex 603.2044716863742 537.5259755943596 8.99999999999569
  endloop
endfacet
facet normal 2.374539958599991e-14 8.50241150516923e-17 1.0
  outer loop
    vertex 590.2044716863742 533.0259755943598 8.999999999995929
    vertex 603.2044716863742 537.5259755943596 8.99999999999569
    vertex 590.2044716863746 882.0259755943597 8.999999999995929
  endloop
endfacet
facet normal 2.374539958599991e-14 8.50241150516923e-17 1.0
  outer loop
    vertex 590.2044716863746 882.0259755943597 8.999999999995929
    vertex 603.2044716863742 537.5259755943596 8.99999999999569
    vertex 590.2044716863746 891.0259755943596 8.999999999995929
  endloop
endfacet
facet normal 2.374539958599991e-14 8.50241150516923e-17 1.0
  outer loop
    vertex 590.2044716863742 533.0259755943598 8.999999999995929
    vertex 590.2044716863746 882.0259755943597 8.999999999995929
    vertex 590.2044716863742 542.0259755943598 8.999999999995929
  endloop
endfacet
facet normal 2.374539958599991e-14 8.50241150516923e-17 1.0
  outer loop
    vertex 419.3089200749173 513.02597559436 9.000000000000005
    vertex 590.2044716863742 533.0259755943598 8.999999999995929
    vertex 487.07239252809467 533.0259755943599 8.999999999998362
  endloop
endfacet
facet normal 2.374539958599991e-14 8.50241150516923e-17 1.0
  outer loop
    vertex 419.3089200749173 513.02597559436 9.000000000000005
    vertex 487.07239252809467 533.0259755943599 8.999999999998362
    vertex 477.59003061829975 535.5941239417817 8.999999999998632
  endloop
endfacet
facet normal 2.374539958599991e-14 8.50241150516923e-17 1.0
  outer loop
    vertex 477.59003061829975 535.5941239417817 8.999999999998632
    vertex 487.07239252809467 533.0259755943599 8.999999999998362
    vertex 478.0723925280946 535.793924786791 8.99999999999862
  endloop
endfacet
facet normal 2.374539958599991e-14 8.50241150516923e-17 1.0
  outer loop
    vertex 478.0723925280946 535.793924786791 8.99999999999862
    vertex 487.07239252809467 533.0259755943599 8.999999999998362
    vertex 487.07239252809455 542.0259755943598 8.999999999998385
  endloop
endfacet
facet normal 2.374539958599991e-14 8.50241150516923e-17 1.0
  outer loop
    vertex 478.0723925280946 535.793924786791 8.99999999999862
    vertex 487.07239252809455 542.0259755943598 8.999999999998385
    vertex 478.48660609046766 536.1117620319867 8.999999999998655
  endloop
endfacet
facet normal 2.374539958599991e-14 8.50241150516923e-17 1.0
  outer loop
    vertex 478.48660609046766 536.1117620319867 8.999999999998655
    vertex 487.07239252809455 542.0259755943598 8.999999999998385
    vertex 478.80444333566345 536.5259755943598 8.999999999998625
  endloop
endfacet
facet normal 2.374539958599991e-14 8.50241150516923e-17 1.0
  outer loop
    vertex 478.80444333566345 536.5259755943598 8.999999999998625
    vertex 487.07239252809455 542.0259755943598 8.999999999998385
    vertex 479.00424418067274 537.0083375041547 8.99999999999862
  endloop
endfacet
facet normal 2.374539958599991e-14 8.50241150516923e-17 1.0
  outer loop
    vertex 479.00424418067274 537.0083375041547 8.99999999999862
    vertex 487.07239252809455 542.0259755943598 8.999999999998385
    vertex 479.07239252809455 537.5259755943598 8.999999999998597
  endloop
endfacet
facet normal 2.374539958599991e-14 8.50241150516923e-17 1.0
  outer loop
    vertex 479.07239252809455 537.5259755943598 8.999999999998597
    vertex 487.07239252809455 542.0259755943598 8.999999999998385
    vertex 479.07239252809495 886.5259755943599 8.999999999998641
  endloop
endfacet
facet normal 2.374539958599991e-14 8.50241150516923e-17 1.0
  outer loop
    vertex 419.3089200749173 513.02597559436 9.000000000000005
    vertex 477.59003061829975 535.5941239417817 8.999999999998632
    vertex 477.07239252809455 535.5259755943598 8.999999999998645
  endloop
endfacet
facet normal 2.374539958599991e-14 8.50241150516923e-17 1.0
  outer loop
    vertex 419.3089200749173 513.02597559436 9.000000000000005
    vertex 477.07239252809455 535.5259755943598 8.999999999998645
    vertex 476.5547544378895 535.5941239417817 8.999999999998655
  endloop
endfacet
facet normal 2.374539958599991e-14 8.50241150516923e-17 1.0
  outer loop
    vertex 419.3089200749173 513.02597559436 9.000000000000005
    vertex 476.5547544378895 535.5941239417817 8.999999999998655
    vertex 476.0723925280946 535.793924786791 8.999999999998689
  endloop
endfacet
facet normal 2.374539958599991e-14 8.50241150516923e-17 1.0
  outer loop
    vertex 419.3089200749173 513.02597559436 9.000000000000005
    vertex 476.0723925280946 535.793924786791 8.999999999998689
    vertex 475.6581789657215 536.1117620319867 8.9999999999987
  endloop
endfacet
facet normal 2.374539958599991e-14 8.50241150516923e-17 1.0
  outer loop
    vertex 419.3089200749173 513.02597559436 9.000000000000005
    vertex 475.6581789657215 536.1117620319867 8.9999999999987
    vertex 475.3403417205257 536.5259755943598 8.999999999998732
  endloop
endfacet
facet normal 2.374539958599991e-14 8.50241150516923e-17 1.0
  outer loop
    vertex 419.3089200749173 513.02597559436 9.000000000000005
    vertex 475.3403417205257 536.5259755943598 8.999999999998732
    vertex 475.1405408755165 537.0083375041547 8.999999999998712
  endloop
endfacet
facet normal 2.374539958599991e-14 8.50241150516923e-17 1.0
  outer loop
    vertex 419.3089200749173 513.02597559436 9.000000000000005
    vertex 475.1405408755165 537.0083375041547 8.999999999998712
    vertex 475.07239252809455 537.5259755943598 8.99999999999869
  endloop
endfacet
facet normal 2.374539958599991e-14 8.50241150516923e-17 1.0
  outer loop
    vertex 479.0042441806731 886.0083375041548 8.999999999998643
    vertex 479.07239252809455 537.5259755943598 8.999999999998597
    vertex 479.07239252809495 886.5259755943599 8.999999999998641
  endloop
endfacet
facet normal 2.374539958599991e-14 8.50241150516923e-17 1.0
  outer loop
    vertex 479.07239252809455 537.5259755943598 8.999999999998597
    vertex 479.0042441806731 886.0083375041548 8.999999999998643
    vertex 479.00424418067274 538.0436136845649 8.99999999999862
  endloop
endfacet
facet normal 2.374539958599991e-14 8.50241150516923e-17 1.0
  outer loop
    vertex 479.00424418067274 538.0436136845649 8.99999999999862
    vertex 479.0042441806731 886.0083375041548 8.999999999998643
    vertex 478.8044433356638 885.5259755943597 8.999999999998648
  endloop
endfacet
facet normal 2.374539958599991e-14 8.50241150516923e-17 1.0
  outer loop
    vertex 479.00424418067274 538.0436136845649 8.99999999999862
    vertex 478.8044433356638 885.5259755943597 8.999999999998648
    vertex 478.80444333566345 538.5259755943598 8.999999999998625
  endloop
endfacet
facet normal 2.374539958599991e-14 8.50241150516923e-17 1.0
  outer loop
    vertex 478.80444333566345 538.5259755943598 8.999999999998625
    vertex 478.8044433356638 885.5259755943597 8.999999999998648
    vertex 478.48660609046806 885.1117620319867 8.999999999998655
  endloop
endfacet
facet normal 2.374539958599991e-14 8.50241150516923e-17 1.0
  outer loop
    vertex 478.80444333566345 538.5259755943598 8.999999999998625
    vertex 478.48660609046806 885.1117620319867 8.999999999998655
    vertex 478.48660609046766 538.9401891567329 8.999999999998655
  endloop
endfacet
facet normal 2.374539958599991e-14 8.50241150516923e-17 1.0
  outer loop
    vertex 478.48660609046766 538.9401891567329 8.999999999998655
    vertex 478.48660609046806 885.1117620319867 8.999999999998655
    vertex 478.072392528095 884.7939247867907 8.999999999998666
  endloop
endfacet
facet normal 2.374539958599991e-14 8.50241150516923e-17 1.0
  outer loop
    vertex 478.48660609046766 538.9401891567329 8.999999999998655
    vertex 478.072392528095 884.7939247867907 8.999999999998666
    vertex 478.0723925280946 539.2580264019288 8.99999999999862
  endloop
endfacet
facet normal 2.374539958599991e-14 8.50241150516923e-17 1.0
  outer loop
    vertex 478.0723925280946 539.2580264019288 8.99999999999862
    vertex 478.072392528095 884.7939247867907 8.999999999998666
    vertex 477.59003061830003 884.5941239417816 8.999999999998677
  endloop
endfacet
facet normal 2.374539958599991e-14 8.50241150516923e-17 1.0
  outer loop
    vertex 478.0723925280946 539.2580264019288 8.99999999999862
    vertex 477.59003061830003 884.5941239417816 8.999999999998677
    vertex 477.59003061829975 539.457827246938 8.999999999998632
  endloop
endfacet
facet normal 2.374539958599991e-14 8.50241150516923e-17 1.0
  outer loop
    vertex 477.59003061829975 539.457827246938 8.999999999998632
    vertex 477.59003061830003 884.5941239417816 8.999999999998677
    vertex 477.07239252809455 539.5259755943598 8.999999999998645
  endloop
endfacet
facet normal 2.374539958599991e-14 8.50241150516923e-17 1.0
  outer loop
    vertex 477.07239252809455 539.5259755943598 8.999999999998645
    vertex 477.59003061830003 884.5941239417816 8.999999999998677
    vertex 477.07239252809495 884.5259755943596 8.999999999998693
  endloop
endfacet
facet normal 2.374539958599991e-14 8.50241150516923e-17 1.0
  outer loop
    vertex 477.07239252809455 539.5259755943598 8.999999999998645
    vertex 477.07239252809495 884.5259755943596 8.999999999998693
    vertex 476.55475443788987 884.5941239417816 8.9999999999987
  endloop
endfacet
facet normal 2.374539958599991e-14 8.50241150516923e-17 1.0
  outer loop
    vertex 477.07239252809455 539.5259755943598 8.999999999998645
    vertex 476.55475443788987 884.5941239417816 8.9999999999987
    vertex 476.5547544378895 539.457827246938 8.999999999998655
  endloop
endfacet
facet normal 2.374539958599991e-14 8.50241150516923e-17 1.0
  outer loop
    vertex 476.5547544378895 539.457827246938 8.999999999998655
    vertex 476.55475443788987 884.5941239417816 8.9999999999987
    vertex 476.0723925280949 884.7939247867907 8.999999999998712
  endloop
endfacet
facet normal 2.374539958599991e-14 8.50241150516923e-17 1.0
  outer loop
    vertex 476.5547544378895 539.457827246938 8.999999999998655
    vertex 476.0723925280949 884.7939247867907 8.999999999998712
    vertex 476.0723925280946 539.2580264019288 8.999999999998689
  endloop
endfacet
facet normal 2.374539958599991e-14 8.50241150516923e-17 1.0
  outer loop
    vertex 476.0723925280946 539.2580264019288 8.999999999998689
    vertex 476.0723925280949 884.7939247867907 8.999999999998712
    vertex 475.6581789657215 538.9401891567329 8.9999999999987
  endloop
endfacet
facet normal 2.374539958599991e-14 8.50241150516923e-17 1.0
  outer loop
    vertex 475.6581789657215 538.9401891567329 8.9999999999987
    vertex 476.0723925280949 884.7939247867907 8.999999999998712
    vertex 475.65817896572185 885.1117620319867 8.999999999998721
  endloop
endfacet
facet normal 2.374539958599991e-14 8.50241150516923e-17 1.0
  outer loop
    vertex 475.6581789657215 538.9401891567329 8.9999999999987
    vertex 475.65817896572185 885.1117620319867 8.999999999998721
    vertex 475.34034172052606 885.5259755943597 8.999999999998733
  endloop
endfacet
facet normal 2.374539958599991e-14 8.50241150516923e-17 1.0
  outer loop
    vertex 475.6581789657215 538.9401891567329 8.9999999999987
    vertex 475.34034172052606 885.5259755943597 8.999999999998733
    vertex 475.3403417205257 538.5259755943598 8.999999999998732
  endloop
endfacet
facet normal 2.374539958599991e-14 8.50241150516923e-17 1.0
  outer loop
    vertex 475.3403417205257 538.5259755943598 8.999999999998732
    vertex 475.34034172052606 885.5259755943597 8.999999999998733
    vertex 475.14054087551676 886.0083375041548 8.999999999998733
  endloop
endfacet
facet normal 2.374539958599991e-14 8.50241150516923e-17 1.0
  outer loop
    vertex 475.3403417205257 538.5259755943598 8.999999999998732
    vertex 475.14054087551676 886.0083375041548 8.999999999998733
    vertex 475.1405408755165 538.0436136845649 8.999999999998712
  endloop
endfacet
facet normal 2.374539958599991e-14 8.50241150516923e-17 1.0
  outer loop
    vertex 475.1405408755165 538.0436136845649 8.999999999998712
    vertex 475.14054087551676 886.0083375041548 8.999999999998733
    vertex 475.07239252809455 537.5259755943598 8.99999999999869
  endloop
endfacet
facet normal 2.374539958599991e-14 8.50241150516923e-17 1.0
  outer loop
    vertex 475.07239252809455 537.5259755943598 8.99999999999869
    vertex 475.14054087551676 886.0083375041548 8.999999999998733
    vertex 475.07239252809495 886.5259755943599 8.999999999998735
  endloop
endfacet
facet normal 2.374539958599991e-14 8.50241150516923e-17 1.0
  outer loop
    vertex 487.0723925280949 882.0259755943597 8.999999999998453
    vertex 590.2044716863742 542.0259755943598 8.999999999995929
    vertex 590.2044716863746 882.0259755943597 8.999999999995929
  endloop
endfacet
facet normal 2.374539958599991e-14 8.50241150516923e-17 1.0
  outer loop
    vertex 590.2044716863742 542.0259755943598 8.999999999995929
    vertex 487.0723925280949 882.0259755943597 8.999999999998453
    vertex 487.07239252809455 542.0259755943598 8.999999999998385
  endloop
endfacet
facet normal 2.374539958599991e-14 8.50241150516923e-17 1.0
  outer loop
    vertex 607.1363233389527 886.0083375041545 8.999999999995575
    vertex 607.2044716863742 537.5259755943596 8.999999999995618
    vertex 607.2044716863746 886.5259755943595 8.999999999995618
  endloop
endfacet
facet normal 2.374539958599991e-14 8.50241150516923e-17 1.0
  outer loop
    vertex 607.2044716863742 537.5259755943596 8.999999999995618
    vertex 607.1363233389527 886.0083375041545 8.999999999995575
    vertex 607.1363233389524 538.0436136845647 8.999999999995575
  endloop
endfacet
facet normal 2.374539958599991e-14 8.50241150516923e-17 1.0
  outer loop
    vertex 607.1363233389524 538.0436136845647 8.999999999995575
    vertex 607.1363233389527 886.0083375041545 8.999999999995575
    vertex 606.9365224939435 885.5259755943596 8.999999999995579
  endloop
endfacet
facet normal 2.374539958599991e-14 8.50241150516923e-17 1.0
  outer loop
    vertex 607.1363233389524 538.0436136845647 8.999999999995575
    vertex 606.9365224939435 885.5259755943596 8.999999999995579
    vertex 606.936522493943 538.5259755943596 8.999999999995579
  endloop
endfacet
facet normal 2.374539958599991e-14 8.50241150516923e-17 1.0
  outer loop
    vertex 606.936522493943 538.5259755943596 8.999999999995579
    vertex 606.9365224939435 885.5259755943596 8.999999999995579
    vertex 606.6186852487476 885.1117620319865 8.999999999995632
  endloop
endfacet
facet normal 2.374539958599991e-14 8.50241150516923e-17 1.0
  outer loop
    vertex 606.936522493943 538.5259755943596 8.999999999995579
    vertex 606.6186852487476 885.1117620319865 8.999999999995632
    vertex 606.6186852487473 538.9401891567327 8.999999999995588
  endloop
endfacet
facet normal 2.374539958599991e-14 8.50241150516923e-17 1.0
  outer loop
    vertex 606.6186852487473 538.9401891567327 8.999999999995588
    vertex 606.6186852487476 885.1117620319865 8.999999999995632
    vertex 606.2044716863746 884.7939247867907 8.999999999995643
  endloop
endfacet
facet normal 2.374539958599991e-14 8.50241150516923e-17 1.0
  outer loop
    vertex 606.6186852487473 538.9401891567327 8.999999999995588
    vertex 606.2044716863746 884.7939247867907 8.999999999995643
    vertex 606.2044716863742 539.2580264019284 8.999999999995596
  endloop
endfacet
facet normal 2.374539958599991e-14 8.50241150516923e-17 1.0
  outer loop
    vertex 606.2044716863742 539.2580264019284 8.999999999995596
    vertex 606.2044716863746 884.7939247867907 8.999999999995643
    vertex 605.7221097765796 884.5941239417814 8.999999999995653
  endloop
endfacet
facet normal 2.374539958599991e-14 8.50241150516923e-17 1.0
  outer loop
    vertex 606.2044716863742 539.2580264019284 8.999999999995596
    vertex 605.7221097765796 884.5941239417814 8.999999999995653
    vertex 605.7221097765793 539.4578272469378 8.999999999995609
  endloop
endfacet
facet normal 2.374539958599991e-14 8.50241150516923e-17 1.0
  outer loop
    vertex 605.7221097765793 539.4578272469378 8.999999999995609
    vertex 605.7221097765796 884.5941239417814 8.999999999995653
    vertex 605.2044716863746 884.5259755943596 8.999999999995664
  endloop
endfacet
facet normal 2.374539958599991e-14 8.50241150516923e-17 1.0
  outer loop
    vertex 605.7221097765793 539.4578272469378 8.999999999995609
    vertex 605.2044716863746 884.5259755943596 8.999999999995664
    vertex 605.2044716863742 539.5259755943596 8.99999999999562
  endloop
endfacet
facet normal 2.374539958599991e-14 8.50241150516923e-17 1.0
  outer loop
    vertex 605.2044716863742 539.5259755943596 8.99999999999562
    vertex 605.2044716863746 884.5259755943596 8.999999999995664
    vertex 604.6868335961695 884.5941239417814 8.999999999995678
  endloop
endfacet
facet normal 2.374539958599991e-14 8.50241150516923e-17 1.0
  outer loop
    vertex 605.2044716863742 539.5259755943596 8.99999999999562
    vertex 604.6868335961695 884.5941239417814 8.999999999995678
    vertex 604.6868335961691 539.4578272469378 8.999999999995632
  endloop
endfacet
facet normal 2.374539958599991e-14 8.50241150516923e-17 1.0
  outer loop
    vertex 604.6868335961691 539.4578272469378 8.999999999995632
    vertex 604.6868335961695 884.5941239417814 8.999999999995678
    vertex 604.2044716863746 884.7939247867907 8.999999999995644
  endloop
endfacet
facet normal 2.374539958599991e-14 8.50241150516923e-17 1.0
  outer loop
    vertex 604.6868335961691 539.4578272469378 8.999999999995632
    vertex 604.2044716863746 884.7939247867907 8.999999999995644
    vertex 604.2044716863742 539.2580264019284 8.999999999995666
  endloop
endfacet
facet normal 2.374539958599991e-14 8.50241150516923e-17 1.0
  outer loop
    vertex 604.2044716863742 539.2580264019284 8.999999999995666
    vertex 604.2044716863746 884.7939247867907 8.999999999995644
    vertex 603.7902581240015 885.1117620319865 8.999999999995653
  endloop
endfacet
facet normal 2.374539958599991e-14 8.50241150516923e-17 1.0
  outer loop
    vertex 604.2044716863742 539.2580264019284 8.999999999995666
    vertex 603.7902581240015 885.1117620319865 8.999999999995653
    vertex 603.7902581240011 538.9401891567327 8.999999999995676
  endloop
endfacet
facet normal 2.374539958599991e-14 8.50241150516923e-17 1.0
  outer loop
    vertex 603.7902581240011 538.9401891567327 8.999999999995676
    vertex 603.7902581240015 885.1117620319865 8.999999999995653
    vertex 603.4724208788057 885.5259755943596 8.999999999995705
  endloop
endfacet
facet normal 2.374539958599991e-14 8.50241150516923e-17 1.0
  outer loop
    vertex 603.7902581240011 538.9401891567327 8.999999999995676
    vertex 603.4724208788057 885.5259755943596 8.999999999995705
    vertex 603.4724208788053 538.5259755943596 8.99999999999566
  endloop
endfacet
facet normal 2.374539958599991e-14 8.50241150516923e-17 1.0
  outer loop
    vertex 603.4724208788053 538.5259755943596 8.99999999999566
    vertex 603.4724208788057 885.5259755943596 8.999999999995705
    vertex 603.2726200337964 886.0083375041545 8.999999999995689
  endloop
endfacet
facet normal 2.374539958599991e-14 8.50241150516923e-17 1.0
  outer loop
    vertex 603.4724208788053 538.5259755943596 8.99999999999566
    vertex 603.2726200337964 886.0083375041545 8.999999999995689
    vertex 603.272620033796 538.0436136845647 8.999999999995666
  endloop
endfacet
facet normal 2.374539958599991e-14 8.50241150516923e-17 1.0
  outer loop
    vertex 603.272620033796 538.0436136845647 8.999999999995666
    vertex 603.2726200337964 886.0083375041545 8.999999999995689
    vertex 603.2044716863746 886.5259755943595 8.99999999999569
  endloop
endfacet
facet normal 2.374539958599991e-14 8.50241150516923e-17 1.0
  outer loop
    vertex 603.272620033796 538.0436136845647 8.999999999995666
    vertex 603.2044716863746 886.5259755943595 8.99999999999569
    vertex 603.2044716863742 537.5259755943596 8.99999999999569
  endloop
endfacet
facet normal -2.3591583232406386e-14 3.158351499003683e-30 -1.0
  outer loop
    vertex 639.308920074917 513.0259755943596 -5.212708042989788e-12
    vertex 607.2044716863741 537.5259755943596 -4.500666506146444e-12
    vertex 639.3089200749172 911.0259755943597 -5.167588579269022e-12
  endloop
endfacet
facet normal -2.3591583232406386e-14 3.158351499003683e-30 -1.0
  outer loop
    vertex 607.2044716863741 537.5259755943596 -4.500666506146444e-12
    vertex 639.308920074917 513.0259755943596 -5.212708042989788e-12
    vertex 607.1363233389521 537.0083375041546 -4.4766967910447875e-12
  endloop
endfacet
facet normal -2.3591583232406386e-14 3.158351499003683e-30 -1.0
  outer loop
    vertex 607.1363233389521 537.0083375041546 -4.4766967910447875e-12
    vertex 639.308920074917 513.0259755943596 -5.212708042989788e-12
    vertex 606.9365224939429 536.5259755943596 -4.5175863050417315e-12
  endloop
endfacet
facet normal -2.3591583232406386e-14 3.158351499003683e-30 -1.0
  outer loop
    vertex 606.9365224939429 536.5259755943596 -4.5175863050417315e-12
    vertex 639.308920074917 513.0259755943596 -5.212708042989788e-12
    vertex 606.6186852487472 536.1117620319865 -4.4865666737337045e-12
  endloop
endfacet
facet normal -2.3591583232406386e-14 3.158351499003683e-30 -1.0
  outer loop
    vertex 606.6186852487472 536.1117620319865 -4.4865666737337045e-12
    vertex 639.308920074917 513.0259755943596 -5.212708042989788e-12
    vertex 606.204471686374 535.7939247867907 -4.454137059184404e-12
  endloop
endfacet
facet normal -2.3591583232406386e-14 3.158351499003683e-30 -1.0
  outer loop
    vertex 606.204471686374 535.7939247867907 -4.454137059184404e-12
    vertex 639.308920074917 513.0259755943596 -5.212708042989788e-12
    vertex 605.722109776579 535.5941239417815 -4.442857193254212e-12
  endloop
endfacet
facet normal -2.3591583232406386e-14 3.158351499003683e-30 -1.0
  outer loop
    vertex 605.722109776579 535.5941239417815 -4.442857193254212e-12
    vertex 639.308920074917 513.0259755943596 -5.212708042989788e-12
    vertex 605.2044716863741 535.5259755943596 -4.431577327324021e-12
  endloop
endfacet
facet normal -2.3591583232406386e-14 3.158351499003683e-30 -1.0
  outer loop
    vertex 605.2044716863741 535.5259755943596 -4.431577327324021e-12
    vertex 639.308920074917 513.0259755943596 -5.212708042989788e-12
    vertex 419.3089200749171 513.02597559436 2.255973186038318e-14
  endloop
endfacet
facet normal -2.3591583232406386e-14 3.158351499003683e-30 -1.0
  outer loop
    vertex 605.2044716863741 535.5259755943596 -4.431577327324021e-12
    vertex 419.3089200749171 513.02597559436 2.255973186038318e-14
    vertex 604.686833596169 535.5941239417815 -4.418887478152555e-12
  endloop
endfacet
facet normal -2.3591583232406386e-14 3.158351499003683e-30 -1.0
  outer loop
    vertex 604.686833596169 535.5941239417815 -4.418887478152555e-12
    vertex 419.3089200749171 513.02597559436 2.255973186038318e-14
    vertex 604.204471686374 535.7939247867907 -4.407607612222364e-12
  endloop
endfacet
facet normal -2.3591583232406386e-14 3.158351499003683e-30 -1.0
  outer loop
    vertex 604.204471686374 535.7939247867907 -4.407607612222364e-12
    vertex 419.3089200749171 513.02597559436 2.255973186038318e-14
    vertex 603.790258124001 536.1117620319865 -4.442857193254212e-12
  endloop
endfacet
facet normal -2.3591583232406386e-14 3.158351499003683e-30 -1.0
  outer loop
    vertex 603.790258124001 536.1117620319865 -4.442857193254212e-12
    vertex 419.3089200749171 513.02597559436 2.255973186038318e-14
    vertex 603.4724208788051 536.5259755943596 -4.41324754518746e-12
  endloop
endfacet
facet normal -2.3591583232406386e-14 3.158351499003683e-30 -1.0
  outer loop
    vertex 603.4724208788051 536.5259755943596 -4.41324754518746e-12
    vertex 419.3089200749171 513.02597559436 2.255973186038318e-14
    vertex 603.2726200337959 537.0083375041546 -4.4301673440827465e-12
  endloop
endfacet
facet normal -2.3591583232406386e-14 3.158351499003683e-30 -1.0
  outer loop
    vertex 603.2726200337959 537.0083375041546 -4.4301673440827465e-12
    vertex 419.3089200749171 513.02597559436 2.255973186038318e-14
    vertex 603.2044716863741 537.5259755943596 -4.383637897120706e-12
  endloop
endfacet
facet normal -2.3591583232406386e-14 3.158351499003683e-30 -1.0
  outer loop
    vertex 603.2044716863741 537.5259755943596 -4.383637897120706e-12
    vertex 419.3089200749171 513.02597559436 2.255973186038318e-14
    vertex 477.59003061829947 535.5941239417817 -1.6454504425666982e-12
  endloop
endfacet
facet normal -2.3591583232406386e-14 3.158351499003683e-30 -1.0
  outer loop
    vertex 603.2044716863741 537.5259755943596 -4.383637897120706e-12
    vertex 477.59003061829947 535.5941239417817 -1.6454504425666982e-12
    vertex 478.0723925280943 535.793924786791 -1.679290040357273e-12
  endloop
endfacet
facet normal -2.3591583232406386e-14 3.158351499003683e-30 -1.0
  outer loop
    vertex 603.2044716863741 537.5259755943596 -4.383637897120706e-12
    vertex 478.0723925280943 535.793924786791 -1.679290040357273e-12
    vertex 478.4866060904675 536.1117620319867 -1.6891599230461905e-12
  endloop
endfacet
facet normal -2.3591583232406386e-14 3.158351499003683e-30 -1.0
  outer loop
    vertex 603.2044716863741 537.5259755943596 -4.383637897120706e-12
    vertex 478.4866060904675 536.1117620319867 -1.6891599230461905e-12
    vertex 478.8044433356633 536.5259755943598 -1.6976198224938343e-12
  endloop
endfacet
facet normal -2.3591583232406386e-14 3.158351499003683e-30 -1.0
  outer loop
    vertex 603.2044716863741 537.5259755943596 -4.383637897120706e-12
    vertex 478.8044433356633 536.5259755943598 -1.6976198224938343e-12
    vertex 479.00424418067246 537.0083375041547 -1.6567303084968898e-12
  endloop
endfacet
facet normal -2.3591583232406386e-14 3.158351499003683e-30 -1.0
  outer loop
    vertex 603.2044716863741 537.5259755943596 -4.383637897120706e-12
    vertex 479.00424418067246 537.0083375041547 -1.6567303084968898e-12
    vertex 603.2044716863744 886.5259755943595 -4.293398969679174e-12
  endloop
endfacet
facet normal -2.3591583232406386e-14 3.158351499003683e-30 -1.0
  outer loop
    vertex 603.2044716863744 886.5259755943595 -4.293398969679174e-12
    vertex 479.00424418067246 537.0083375041547 -1.6567303084968898e-12
    vertex 479.0723925280944 537.5259755943598 -1.6581402917381637e-12
  endloop
endfacet
facet normal -2.3591583232406386e-14 3.158351499003683e-30 -1.0
  outer loop
    vertex 477.59003061829947 535.5941239417817 -1.6454504425666982e-12
    vertex 419.3089200749171 513.02597559436 2.255973186038318e-14
    vertex 477.0723925280943 535.5259755943598 -1.6313506101539587e-12
  endloop
endfacet
facet normal -2.3591583232406386e-14 3.158351499003683e-30 -1.0
  outer loop
    vertex 477.0723925280943 535.5259755943598 -1.6313506101539587e-12
    vertex 419.3089200749171 513.02597559436 2.255973186038318e-14
    vertex 476.5547544378893 535.5941239417817 -1.6440404593254242e-12
  endloop
endfacet
facet normal -2.3591583232406386e-14 3.158351499003683e-30 -1.0
  outer loop
    vertex 476.5547544378893 535.5941239417817 -1.6440404593254242e-12
    vertex 419.3089200749171 513.02597559436 2.255973186038318e-14
    vertex 476.0723925280943 535.793924786791 -1.6102008615348495e-12
  endloop
endfacet
facet normal -2.3591583232406386e-14 3.158351499003683e-30 -1.0
  outer loop
    vertex 476.0723925280943 535.793924786791 -1.6102008615348495e-12
    vertex 419.3089200749171 513.02597559436 2.255973186038318e-14
    vertex 475.6581789657213 536.1117620319867 -1.622890710706315e-12
  endloop
endfacet
facet normal -2.3591583232406386e-14 3.158351499003683e-30 -1.0
  outer loop
    vertex 475.6581789657213 536.1117620319867 -1.622890710706315e-12
    vertex 419.3089200749171 513.02597559436 2.255973186038318e-14
    vertex 475.34034172052543 536.5259755943598 -1.590461096157014e-12
  endloop
endfacet
facet normal -2.3591583232406386e-14 3.158351499003683e-30 -1.0
  outer loop
    vertex 475.34034172052543 536.5259755943598 -1.590461096157014e-12
    vertex 419.3089200749171 513.02597559436 2.255973186038318e-14
    vertex 475.14054087551625 537.0083375041547 -1.6102008615348495e-12
  endloop
endfacet
facet normal -2.3591583232406386e-14 3.158351499003683e-30 -1.0
  outer loop
    vertex 475.14054087551625 537.0083375041547 -1.6102008615348495e-12
    vertex 419.3089200749171 513.02597559436 2.255973186038318e-14
    vertex 475.0723925280944 537.5259755943598 -1.5862311464331924e-12
  endloop
endfacet
facet normal -2.3591583232406386e-14 3.158351499003683e-30 -1.0
  outer loop
    vertex 475.0723925280944 537.5259755943598 -1.5862311464331924e-12
    vertex 419.3089200749171 513.02597559436 2.255973186038318e-14
    vertex 475.0723925280948 886.5259755943599 -1.292954632248211e-12
  endloop
endfacet
facet normal -2.3591583232406386e-14 3.158351499003683e-30 -1.0
  outer loop
    vertex 639.3089200749172 911.0259755943597 -5.167588579269022e-12
    vertex 605.2044716863744 888.5259755943596 -4.341338399882488e-12
    vertex 419.30892007491707 911.0259755943596 -2.255973186038318e-14
  endloop
endfacet
facet normal -2.3591583232406386e-14 3.158351499003683e-30 -1.0
  outer loop
    vertex 605.2044716863744 888.5259755943596 -4.341338399882488e-12
    vertex 639.3089200749172 911.0259755943597 -5.167588579269022e-12
    vertex 605.7221097765795 888.4578272469378 -4.4202974613938295e-12
  endloop
endfacet
facet normal -2.3591583232406386e-14 3.158351499003683e-30 -1.0
  outer loop
    vertex 605.7221097765795 888.4578272469378 -4.4202974613938295e-12
    vertex 639.3089200749172 911.0259755943597 -5.167588579269022e-12
    vertex 606.2044716863743 888.2580264019285 -4.454137059184404e-12
  endloop
endfacet
facet normal -2.3591583232406386e-14 3.158351499003683e-30 -1.0
  outer loop
    vertex 606.2044716863743 888.2580264019285 -4.454137059184404e-12
    vertex 639.3089200749172 911.0259755943597 -5.167588579269022e-12
    vertex 606.6186852487475 887.9401891567327 -4.441447210012939e-12
  endloop
endfacet
facet normal -2.3591583232406386e-14 3.158351499003683e-30 -1.0
  outer loop
    vertex 606.6186852487475 887.9401891567327 -4.441447210012939e-12
    vertex 639.3089200749172 911.0259755943597 -5.167588579269022e-12
    vertex 606.9365224939432 887.5259755943597 -4.427347377600199e-12
  endloop
endfacet
facet normal -2.3591583232406386e-14 3.158351499003683e-30 -1.0
  outer loop
    vertex 606.9365224939432 887.5259755943597 -4.427347377600199e-12
    vertex 639.3089200749172 911.0259755943597 -5.167588579269022e-12
    vertex 607.1363233389526 887.0436136845645 -4.454137059184404e-12
  endloop
endfacet
facet normal -2.3591583232406386e-14 3.158351499003683e-30 -1.0
  outer loop
    vertex 607.1363233389526 887.0436136845645 -4.454137059184404e-12
    vertex 639.3089200749172 911.0259755943597 -5.167588579269022e-12
    vertex 607.2044716863744 886.5259755943595 -4.455547042425678e-12
  endloop
endfacet
facet normal -2.3591583232406386e-14 3.158351499003683e-30 -1.0
  outer loop
    vertex 607.2044716863744 886.5259755943595 -4.455547042425678e-12
    vertex 639.3089200749172 911.0259755943597 -5.167588579269022e-12
    vertex 607.2044716863741 537.5259755943596 -4.500666506146444e-12
  endloop
endfacet
facet normal -2.3591583232406386e-14 3.158351499003683e-30 -1.0
  outer loop
    vertex 419.30892007491707 911.0259755943596 -2.255973186038318e-14
    vertex 605.2044716863744 888.5259755943596 -4.341338399882488e-12
    vertex 604.6868335961693 888.4578272469378 -4.3737680144317886e-12
  endloop
endfacet
facet normal -2.3591583232406386e-14 3.158351499003683e-30 -1.0
  outer loop
    vertex 419.30892007491707 911.0259755943596 -2.255973186038318e-14
    vertex 604.6868335961693 888.4578272469378 -4.3737680144317886e-12
    vertex 604.2044716863743 888.2580264019285 -4.339928416641214e-12
  endloop
endfacet
facet normal -2.3591583232406386e-14 3.158351499003683e-30 -1.0
  outer loop
    vertex 419.30892007491707 911.0259755943596 -2.255973186038318e-14
    vertex 604.2044716863743 888.2580264019285 -4.339928416641214e-12
    vertex 603.7902581240013 887.9401891567327 -4.3300585339522965e-12
  endloop
endfacet
facet normal -2.3591583232406386e-14 3.158351499003683e-30 -1.0
  outer loop
    vertex 419.30892007491707 911.0259755943596 -2.255973186038318e-14
    vertex 603.7902581240013 887.9401891567327 -4.3300585339522965e-12
    vertex 603.4724208788056 887.5259755943597 -4.323008617745927e-12
  endloop
endfacet
facet normal -2.3591583232406386e-14 3.158351499003683e-30 -1.0
  outer loop
    vertex 419.30892007491707 911.0259755943596 -2.255973186038318e-14
    vertex 603.4724208788056 887.5259755943597 -4.323008617745927e-12
    vertex 603.2726200337962 887.0436136845645 -4.3173686847808314e-12
  endloop
endfacet
facet normal -2.3591583232406386e-14 3.158351499003683e-30 -1.0
  outer loop
    vertex 419.30892007491707 911.0259755943596 -2.255973186038318e-14
    vertex 603.2726200337962 887.0436136845645 -4.3173686847808314e-12
    vertex 603.2044716863744 886.5259755943595 -4.293398969679174e-12
  endloop
endfacet
facet normal -2.3591583232406386e-14 3.158351499003683e-30 -1.0
  outer loop
    vertex 419.30892007491707 911.0259755943596 -2.255973186038318e-14
    vertex 603.2044716863744 886.5259755943595 -4.293398969679174e-12
    vertex 477.59003061829975 888.4578272469378 -1.3521739283817168e-12
  endloop
endfacet
facet normal -2.3591583232406386e-14 3.158351499003683e-30 -1.0
  outer loop
    vertex 477.59003061829975 888.4578272469378 -1.3521739283817168e-12
    vertex 603.2044716863744 886.5259755943595 -4.293398969679174e-12
    vertex 478.0723925280947 888.2580264019286 -1.3408940624515252e-12
  endloop
endfacet
facet normal -2.3591583232406386e-14 3.158351499003683e-30 -1.0
  outer loop
    vertex 478.0723925280947 888.2580264019286 -1.3408940624515252e-12
    vertex 603.2044716863744 886.5259755943595 -4.293398969679174e-12
    vertex 478.48660609046783 887.9401891567327 -1.3507639451404428e-12
  endloop
endfacet
facet normal -2.3591583232406386e-14 3.158351499003683e-30 -1.0
  outer loop
    vertex 478.48660609046783 887.9401891567327 -1.3507639451404428e-12
    vertex 603.2044716863744 886.5259755943595 -4.293398969679174e-12
    vertex 478.8044433356636 887.5259755943597 -1.4254930569279621e-12
  endloop
endfacet
facet normal -2.3591583232406386e-14 3.158351499003683e-30 -1.0
  outer loop
    vertex 478.8044433356636 887.5259755943597 -1.4254930569279621e-12
    vertex 603.2044716863744 886.5259755943595 -4.293398969679174e-12
    vertex 479.0042441806729 887.043613684565 -1.3860135261722915e-12
  endloop
endfacet
facet normal -2.3591583232406386e-14 3.158351499003683e-30 -1.0
  outer loop
    vertex 479.0042441806729 887.043613684565 -1.3860135261722915e-12
    vertex 603.2044716863744 886.5259755943595 -4.293398969679174e-12
    vertex 479.0723925280948 886.5259755943599 -1.3648637775531823e-12
  endloop
endfacet
facet normal -2.3591583232406386e-14 3.158351499003683e-30 -1.0
  outer loop
    vertex 479.0723925280948 886.5259755943599 -1.3648637775531823e-12
    vertex 603.2044716863744 886.5259755943595 -4.293398969679174e-12
    vertex 479.0723925280944 537.5259755943598 -1.6581402917381637e-12
  endloop
endfacet
facet normal -2.3591583232406386e-14 3.158351499003683e-30 -1.0
  outer loop
    vertex 419.30892007491707 911.0259755943596 -2.255973186038318e-14
    vertex 477.59003061829975 888.4578272469378 -1.3521739283817168e-12
    vertex 477.0723925280948 888.5259755943598 -1.3141043808673202e-12
  endloop
endfacet
facet normal -2.3591583232406386e-14 3.158351499003683e-30 -1.0
  outer loop
    vertex 419.30892007491707 911.0259755943596 -2.255973186038318e-14
    vertex 477.0723925280948 888.5259755943598 -1.3141043808673202e-12
    vertex 476.5547544378897 888.4578272469378 -1.3056444814196765e-12
  endloop
endfacet
facet normal -2.3591583232406386e-14 3.158351499003683e-30 -1.0
  outer loop
    vertex 419.30892007491707 911.0259755943596 -2.255973186038318e-14
    vertex 476.5547544378897 888.4578272469378 -1.3056444814196765e-12
    vertex 476.0723925280947 888.2580264019286 -1.3169243473498681e-12
  endloop
endfacet
facet normal -2.3591583232406386e-14 3.158351499003683e-30 -1.0
  outer loop
    vertex 419.30892007491707 911.0259755943596 -2.255973186038318e-14
    vertex 476.0723925280947 888.2580264019286 -1.3169243473498681e-12
    vertex 475.6581789657217 887.9401891567327 -1.3521739283817168e-12
  endloop
endfacet
facet normal -2.3591583232406386e-14 3.158351499003683e-30 -1.0
  outer loop
    vertex 419.30892007491707 911.0259755943596 -2.255973186038318e-14
    vertex 475.6581789657217 887.9401891567327 -1.3521739283817168e-12
    vertex 475.3403417205259 887.5259755943597 -1.2732148668703756e-12
  endloop
endfacet
facet normal -2.3591583232406386e-14 3.158351499003683e-30 -1.0
  outer loop
    vertex 419.30892007491707 911.0259755943596 -2.255973186038318e-14
    vertex 475.3403417205259 887.5259755943597 -1.2732148668703756e-12
    vertex 475.1405408755166 887.043613684565 -1.3394840792102514e-12
  endloop
endfacet
facet normal -2.3591583232406386e-14 3.158351499003683e-30 -1.0
  outer loop
    vertex 419.30892007491707 911.0259755943596 -2.255973186038318e-14
    vertex 475.1405408755166 887.043613684565 -1.3394840792102514e-12
    vertex 475.0723925280948 886.5259755943599 -1.292954632248211e-12
  endloop
endfacet
facet normal -2.3591583232406386e-14 3.158351499003683e-30 -1.0
  outer loop
    vertex 419.30892007491707 911.0259755943596 -2.255973186038318e-14
    vertex 475.0723925280948 886.5259755943599 -1.292954632248211e-12
    vertex 419.3089200749171 513.02597559436 2.255973186038318e-14
  endloop
endfacet
facet normal -2.3591583232406386e-14 3.158351499003683e-30 -1.0
  outer loop
    vertex 479.00424418067246 538.0436136845649 -1.6567303084968898e-12
    vertex 479.0723925280948 886.5259755943599 -1.3648637775531823e-12
    vertex 479.0723925280944 537.5259755943598 -1.6581402917381637e-12
  endloop
endfacet
facet normal -2.3591583232406386e-14 3.158351499003683e-30 -1.0
  outer loop
    vertex 479.0723925280948 886.5259755943599 -1.3648637775531823e-12
    vertex 479.00424418067246 538.0436136845649 -1.6567303084968898e-12
    vertex 479.0042441806729 886.0083375041548 -1.3860135261722915e-12
  endloop
endfacet
facet normal -2.3591583232406386e-14 3.158351499003683e-30 -1.0
  outer loop
    vertex 479.0042441806729 886.0083375041548 -1.3860135261722915e-12
    vertex 479.00424418067246 538.0436136845649 -1.6567303084968898e-12
    vertex 478.8044433356636 885.5259755943597 -1.4254930569279621e-12
  endloop
endfacet
facet normal -2.3591583232406386e-14 3.158351499003683e-30 -1.0
  outer loop
    vertex 478.8044433356636 885.5259755943597 -1.4254930569279621e-12
    vertex 479.00424418067246 538.0436136845649 -1.6567303084968898e-12
    vertex 478.8044433356633 538.5259755943598 -1.6976198224938343e-12
  endloop
endfacet
facet normal -2.3591583232406386e-14 3.158351499003683e-30 -1.0
  outer loop
    vertex 478.8044433356636 885.5259755943597 -1.4254930569279621e-12
    vertex 478.8044433356633 538.5259755943598 -1.6976198224938343e-12
    vertex 478.4866060904675 538.9401891567329 -1.6891599230461905e-12
  endloop
endfacet
facet normal -2.3591583232406386e-14 3.158351499003683e-30 -1.0
  outer loop
    vertex 478.8044433356636 885.5259755943597 -1.4254930569279621e-12
    vertex 478.4866060904675 538.9401891567329 -1.6891599230461905e-12
    vertex 478.48660609046783 885.1117620319867 -1.3507639451404428e-12
  endloop
endfacet
facet normal -2.3591583232406386e-14 3.158351499003683e-30 -1.0
  outer loop
    vertex 478.48660609046783 885.1117620319867 -1.3507639451404428e-12
    vertex 478.4866060904675 538.9401891567329 -1.6891599230461905e-12
    vertex 478.0723925280943 539.2580264019288 -1.679290040357273e-12
  endloop
endfacet
facet normal -2.3591583232406386e-14 3.158351499003683e-30 -1.0
  outer loop
    vertex 478.48660609046783 885.1117620319867 -1.3507639451404428e-12
    vertex 478.0723925280943 539.2580264019288 -1.679290040357273e-12
    vertex 478.0723925280947 884.7939247867907 -1.3408940624515252e-12
  endloop
endfacet
facet normal -2.3591583232406386e-14 3.158351499003683e-30 -1.0
  outer loop
    vertex 478.0723925280947 884.7939247867907 -1.3408940624515252e-12
    vertex 478.0723925280943 539.2580264019288 -1.679290040357273e-12
    vertex 477.59003061829947 539.457827246938 -1.6454504425666982e-12
  endloop
endfacet
facet normal -2.3591583232406386e-14 3.158351499003683e-30 -1.0
  outer loop
    vertex 478.0723925280947 884.7939247867907 -1.3408940624515252e-12
    vertex 477.59003061829947 539.457827246938 -1.6454504425666982e-12
    vertex 477.5900306182998 884.5941239417816 -1.3296141965213336e-12
  endloop
endfacet
facet normal -2.3591583232406386e-14 3.158351499003683e-30 -1.0
  outer loop
    vertex 477.5900306182998 884.5941239417816 -1.3296141965213336e-12
    vertex 477.59003061829947 539.457827246938 -1.6454504425666982e-12
    vertex 477.0723925280943 539.5259755943598 -1.6313506101539587e-12
  endloop
endfacet
facet normal -2.3591583232406386e-14 3.158351499003683e-30 -1.0
  outer loop
    vertex 477.5900306182998 884.5941239417816 -1.3296141965213336e-12
    vertex 477.0723925280943 539.5259755943598 -1.6313506101539587e-12
    vertex 477.0723925280948 884.5259755943596 -1.3141043808673202e-12
  endloop
endfacet
facet normal -2.3591583232406386e-14 3.158351499003683e-30 -1.0
  outer loop
    vertex 477.0723925280948 884.5259755943596 -1.3141043808673202e-12
    vertex 477.0723925280943 539.5259755943598 -1.6313506101539587e-12
    vertex 476.5547544378897 884.5941239417816 -1.3056444814196765e-12
  endloop
endfacet
facet normal -2.3591583232406386e-14 3.158351499003683e-30 -1.0
  outer loop
    vertex 476.5547544378897 884.5941239417816 -1.3056444814196765e-12
    vertex 477.0723925280943 539.5259755943598 -1.6313506101539587e-12
    vertex 476.5547544378893 539.457827246938 -1.6440404593254242e-12
  endloop
endfacet
facet normal -2.3591583232406386e-14 3.158351499003683e-30 -1.0
  outer loop
    vertex 476.5547544378897 884.5941239417816 -1.3056444814196765e-12
    vertex 476.5547544378893 539.457827246938 -1.6440404593254242e-12
    vertex 476.0723925280943 539.2580264019288 -1.6102008615348495e-12
  endloop
endfacet
facet normal -2.3591583232406386e-14 3.158351499003683e-30 -1.0
  outer loop
    vertex 476.5547544378897 884.5941239417816 -1.3056444814196765e-12
    vertex 476.0723925280943 539.2580264019288 -1.6102008615348495e-12
    vertex 476.0723925280947 884.7939247867907 -1.3169243473498681e-12
  endloop
endfacet
facet normal -2.3591583232406386e-14 3.158351499003683e-30 -1.0
  outer loop
    vertex 476.0723925280947 884.7939247867907 -1.3169243473498681e-12
    vertex 476.0723925280943 539.2580264019288 -1.6102008615348495e-12
    vertex 475.6581789657213 538.9401891567329 -1.622890710706315e-12
  endloop
endfacet
facet normal -2.3591583232406386e-14 3.158351499003683e-30 -1.0
  outer loop
    vertex 476.0723925280947 884.7939247867907 -1.3169243473498681e-12
    vertex 475.6581789657213 538.9401891567329 -1.622890710706315e-12
    vertex 475.6581789657217 885.1117620319867 -1.3521739283817168e-12
  endloop
endfacet
facet normal -2.3591583232406386e-14 3.158351499003683e-30 -1.0
  outer loop
    vertex 475.6581789657217 885.1117620319867 -1.3521739283817168e-12
    vertex 475.6581789657213 538.9401891567329 -1.622890710706315e-12
    vertex 475.34034172052543 538.5259755943598 -1.590461096157014e-12
  endloop
endfacet
facet normal -2.3591583232406386e-14 3.158351499003683e-30 -1.0
  outer loop
    vertex 475.6581789657217 885.1117620319867 -1.3521739283817168e-12
    vertex 475.34034172052543 538.5259755943598 -1.590461096157014e-12
    vertex 475.3403417205259 885.5259755943597 -1.2732148668703756e-12
  endloop
endfacet
facet normal -2.3591583232406386e-14 3.158351499003683e-30 -1.0
  outer loop
    vertex 475.3403417205259 885.5259755943597 -1.2732148668703756e-12
    vertex 475.34034172052543 538.5259755943598 -1.590461096157014e-12
    vertex 475.1405408755166 886.0083375041548 -1.3394840792102514e-12
  endloop
endfacet
facet normal -2.3591583232406386e-14 3.158351499003683e-30 -1.0
  outer loop
    vertex 475.1405408755166 886.0083375041548 -1.3394840792102514e-12
    vertex 475.34034172052543 538.5259755943598 -1.590461096157014e-12
    vertex 475.14054087551625 538.0436136845649 -1.6102008615348495e-12
  endloop
endfacet
facet normal -2.3591583232406386e-14 3.158351499003683e-30 -1.0
  outer loop
    vertex 475.1405408755166 886.0083375041548 -1.3394840792102514e-12
    vertex 475.14054087551625 538.0436136845649 -1.6102008615348495e-12
    vertex 475.0723925280944 537.5259755943598 -1.5862311464331924e-12
  endloop
endfacet
facet normal -2.3591583232406386e-14 3.158351499003683e-30 -1.0
  outer loop
    vertex 475.1405408755166 886.0083375041548 -1.3394840792102514e-12
    vertex 475.0723925280944 537.5259755943598 -1.5862311464331924e-12
    vertex 475.0723925280948 886.5259755943599 -1.292954632248211e-12
  endloop
endfacet
facet normal -2.3591583232406386e-14 3.158351499003683e-30 -1.0
  outer loop
    vertex 607.1363233389521 538.0436136845647 -4.4766967910447875e-12
    vertex 607.2044716863744 886.5259755943595 -4.455547042425678e-12
    vertex 607.2044716863741 537.5259755943596 -4.500666506146444e-12
  endloop
endfacet
facet normal -2.3591583232406386e-14 3.158351499003683e-30 -1.0
  outer loop
    vertex 607.2044716863744 886.5259755943595 -4.455547042425678e-12
    vertex 607.1363233389521 538.0436136845647 -4.4766967910447875e-12
    vertex 607.1363233389526 886.0083375041545 -4.454137059184404e-12
  endloop
endfacet
facet normal -2.3591583232406386e-14 3.158351499003683e-30 -1.0
  outer loop
    vertex 607.1363233389526 886.0083375041545 -4.454137059184404e-12
    vertex 607.1363233389521 538.0436136845647 -4.4766967910447875e-12
    vertex 606.9365224939429 538.5259755943596 -4.5175863050417315e-12
  endloop
endfacet
facet normal -2.3591583232406386e-14 3.158351499003683e-30 -1.0
  outer loop
    vertex 607.1363233389526 886.0083375041545 -4.454137059184404e-12
    vertex 606.9365224939429 538.5259755943596 -4.5175863050417315e-12
    vertex 606.9365224939432 885.5259755943596 -4.427347377600199e-12
  endloop
endfacet
facet normal -2.3591583232406386e-14 3.158351499003683e-30 -1.0
  outer loop
    vertex 606.9365224939432 885.5259755943596 -4.427347377600199e-12
    vertex 606.9365224939429 538.5259755943596 -4.5175863050417315e-12
    vertex 606.6186852487472 538.9401891567327 -4.4865666737337045e-12
  endloop
endfacet
facet normal -2.3591583232406386e-14 3.158351499003683e-30 -1.0
  outer loop
    vertex 606.9365224939432 885.5259755943596 -4.427347377600199e-12
    vertex 606.6186852487472 538.9401891567327 -4.4865666737337045e-12
    vertex 606.6186852487475 885.1117620319865 -4.441447210012939e-12
  endloop
endfacet
facet normal -2.3591583232406386e-14 3.158351499003683e-30 -1.0
  outer loop
    vertex 606.6186852487475 885.1117620319865 -4.441447210012939e-12
    vertex 606.6186852487472 538.9401891567327 -4.4865666737337045e-12
    vertex 606.204471686374 539.2580264019284 -4.454137059184404e-12
  endloop
endfacet
facet normal -2.3591583232406386e-14 3.158351499003683e-30 -1.0
  outer loop
    vertex 606.6186852487475 885.1117620319865 -4.441447210012939e-12
    vertex 606.204471686374 539.2580264019284 -4.454137059184404e-12
    vertex 606.2044716863743 884.7939247867907 -4.454137059184404e-12
  endloop
endfacet
facet normal -2.3591583232406386e-14 3.158351499003683e-30 -1.0
  outer loop
    vertex 606.2044716863743 884.7939247867907 -4.454137059184404e-12
    vertex 606.204471686374 539.2580264019284 -4.454137059184404e-12
    vertex 605.722109776579 539.4578272469378 -4.442857193254212e-12
  endloop
endfacet
facet normal -2.3591583232406386e-14 3.158351499003683e-30 -1.0
  outer loop
    vertex 606.2044716863743 884.7939247867907 -4.454137059184404e-12
    vertex 605.722109776579 539.4578272469378 -4.442857193254212e-12
    vertex 605.7221097765795 884.5941239417814 -4.442857193254212e-12
  endloop
endfacet
facet normal -2.3591583232406386e-14 3.158351499003683e-30 -1.0
  outer loop
    vertex 605.7221097765795 884.5941239417814 -4.442857193254212e-12
    vertex 605.722109776579 539.4578272469378 -4.442857193254212e-12
    vertex 605.2044716863741 539.5259755943596 -4.431577327324021e-12
  endloop
endfacet
facet normal -2.3591583232406386e-14 3.158351499003683e-30 -1.0
  outer loop
    vertex 605.7221097765795 884.5941239417814 -4.442857193254212e-12
    vertex 605.2044716863741 539.5259755943596 -4.431577327324021e-12
    vertex 605.2044716863744 884.5259755943596 -4.341338399882488e-12
  endloop
endfacet
facet normal -2.3591583232406386e-14 3.158351499003683e-30 -1.0
  outer loop
    vertex 605.2044716863744 884.5259755943596 -4.341338399882488e-12
    vertex 605.2044716863741 539.5259755943596 -4.431577327324021e-12
    vertex 604.686833596169 539.4578272469378 -4.418887478152555e-12
  endloop
endfacet
facet normal -2.3591583232406386e-14 3.158351499003683e-30 -1.0
  outer loop
    vertex 605.2044716863744 884.5259755943596 -4.341338399882488e-12
    vertex 604.686833596169 539.4578272469378 -4.418887478152555e-12
    vertex 604.6868335961693 884.5941239417814 -4.3737680144317886e-12
  endloop
endfacet
facet normal -2.3591583232406386e-14 3.158351499003683e-30 -1.0
  outer loop
    vertex 604.6868335961693 884.5941239417814 -4.3737680144317886e-12
    vertex 604.686833596169 539.4578272469378 -4.418887478152555e-12
    vertex 604.204471686374 539.2580264019284 -4.407607612222364e-12
  endloop
endfacet
facet normal -2.3591583232406386e-14 3.158351499003683e-30 -1.0
  outer loop
    vertex 604.6868335961693 884.5941239417814 -4.3737680144317886e-12
    vertex 604.204471686374 539.2580264019284 -4.407607612222364e-12
    vertex 604.2044716863743 884.7939247867907 -4.339928416641214e-12
  endloop
endfacet
facet normal -2.3591583232406386e-14 3.158351499003683e-30 -1.0
  outer loop
    vertex 604.2044716863743 884.7939247867907 -4.339928416641214e-12
    vertex 604.204471686374 539.2580264019284 -4.407607612222364e-12
    vertex 603.790258124001 538.9401891567327 -4.442857193254212e-12
  endloop
endfacet
facet normal -2.3591583232406386e-14 3.158351499003683e-30 -1.0
  outer loop
    vertex 604.2044716863743 884.7939247867907 -4.339928416641214e-12
    vertex 603.790258124001 538.9401891567327 -4.442857193254212e-12
    vertex 603.7902581240013 885.1117620319865 -4.3300585339522965e-12
  endloop
endfacet
facet normal -2.3591583232406386e-14 3.158351499003683e-30 -1.0
  outer loop
    vertex 603.7902581240013 885.1117620319865 -4.3300585339522965e-12
    vertex 603.790258124001 538.9401891567327 -4.442857193254212e-12
    vertex 603.4724208788051 538.5259755943596 -4.41324754518746e-12
  endloop
endfacet
facet normal -2.3591583232406386e-14 3.158351499003683e-30 -1.0
  outer loop
    vertex 603.7902581240013 885.1117620319865 -4.3300585339522965e-12
    vertex 603.4724208788051 538.5259755943596 -4.41324754518746e-12
    vertex 603.4724208788056 885.5259755943596 -4.323008617745927e-12
  endloop
endfacet
facet normal -2.3591583232406386e-14 3.158351499003683e-30 -1.0
  outer loop
    vertex 603.4724208788056 885.5259755943596 -4.323008617745927e-12
    vertex 603.4724208788051 538.5259755943596 -4.41324754518746e-12
    vertex 603.2726200337959 538.0436136845647 -4.4301673440827465e-12
  endloop
endfacet
facet normal -2.3591583232406386e-14 3.158351499003683e-30 -1.0
  outer loop
    vertex 603.4724208788056 885.5259755943596 -4.323008617745927e-12
    vertex 603.2726200337959 538.0436136845647 -4.4301673440827465e-12
    vertex 603.2726200337962 886.0083375041545 -4.3173686847808314e-12
  endloop
endfacet
facet normal -2.3591583232406386e-14 3.158351499003683e-30 -1.0
  outer loop
    vertex 603.2726200337962 886.0083375041545 -4.3173686847808314e-12
    vertex 603.2726200337959 538.0436136845647 -4.4301673440827465e-12
    vertex 603.2044716863741 537.5259755943596 -4.383637897120706e-12
  endloop
endfacet
facet normal -2.3591583232406386e-14 3.158351499003683e-30 -1.0
  outer loop
    vertex 603.2726200337962 886.0083375041545 -4.3173686847808314e-12
    vertex 603.2044716863741 537.5259755943596 -4.383637897120706e-12
    vertex 603.2044716863744 886.5259755943595 -4.293398969679174e-12
  endloop
endfacet
facet normal 2.3590391105024873e-14 5.9975166252838935e-30 1.0
  outer loop
    vertex 487.07239252809455 542.0259755943598 4.999999999998371
    vertex 590.2044716863741 533.0259755943598 4.999999999995937
    vertex 590.2044716863741 542.0259755943598 4.999999999995937
  endloop
endfacet
facet normal 2.3590391105024873e-14 5.9975166252838935e-30 1.0
  outer loop
    vertex 590.2044716863741 533.0259755943598 4.999999999995937
    vertex 487.07239252809455 542.0259755943598 4.999999999998371
    vertex 487.07239252809455 533.0259755943599 4.999999999998371
  endloop
endfacet
facet normal 2.624952241185034e-15 1.0 -5.930741786136331e-29
  outer loop
    vertex 590.2044716863742 533.0259755943598 8.999999999995929
    vertex 487.07239252809455 533.0259755943599 4.999999999998371
    vertex 487.07239252809467 533.0259755943599 8.999999999998362
  endloop
endfacet
facet normal 2.624952241185034e-15 1.0 -5.930741786136331e-29
  outer loop
    vertex 487.07239252809455 533.0259755943599 4.999999999998371
    vertex 590.2044716863742 533.0259755943598 8.999999999995929
    vertex 590.2044716863741 533.0259755943598 4.999999999995937
  endloop
endfacet
facet normal -1.7499681607900218e-15 -1.0 1.9884713042865186e-29
  outer loop
    vertex 487.07239252809455 542.0259755943598 4.999999999998371
    vertex 590.2044716863742 542.0259755943598 8.999999999995929
    vertex 487.07239252809455 542.0259755943598 8.999999999998385
  endloop
endfacet
facet normal -1.7499681607900218e-15 -1.0 1.9884713042865186e-29
  outer loop
    vertex 590.2044716863742 542.0259755943598 8.999999999995929
    vertex 487.07239252809455 542.0259755943598 4.999999999998371
    vertex 590.2044716863741 542.0259755943598 4.999999999995937
  endloop
endfacet
facet normal 1.0 1.5210055437364648e-14 -6.66133814775092e-16
  outer loop
    vertex 825.3089200749135 693.0259755943611 -5.674438696701143e-12
    vertex 825.3089200749162 543.0259755943611 8.999999999994316
    vertex 825.3089200749157 543.0259755943608 -5.668243652223736e-12
  endloop
endfacet
facet normal 1.0 1.5210055437364648e-14 -6.66133814775092e-16
  outer loop
    vertex 825.3089200749162 543.0259755943611 8.999999999994316
    vertex 825.3089200749135 693.0259755943611 -5.674438696701143e-12
    vertex 825.3089200749135 693.0259755943611 8.999999999994355
  endloop
endfacet
facet normal -8.299600436780308e-16 -1.053030599062156e-15 -1.0
  outer loop
    vertex 715.3089200749163 513.0259755943592 -5.431299854308235e-12
    vertex 721.4989281870018 525.440946167 -5.627616961161314e-12
    vertex 722.0165662772068 525.3727978195781 -5.6278974665122776e-12
  endloop
endfacet
facet normal -8.299600436780308e-16 -1.053030599062156e-15 -1.0
  outer loop
    vertex 721.4989281870018 525.440946167 -5.627616961161314e-12
    vertex 715.3089200749163 513.0259755943592 -5.431299854308235e-12
    vertex 721.0165662772068 525.6407470120091 -5.627484193555939e-12
  endloop
endfacet
facet normal -8.299600436780308e-16 -1.053030599062156e-15 -1.0
  outer loop
    vertex 721.0165662772068 525.6407470120091 -5.627484193555939e-12
    vertex 715.3089200749163 513.0259755943592 -5.431299854308235e-12
    vertex 720.6023527148338 525.958584257205 -5.627508211589049e-12
  endloop
endfacet
facet normal -8.299600436780308e-16 -1.053030599062156e-15 -1.0
  outer loop
    vertex 720.6023527148338 525.958584257205 -5.627508211589049e-12
    vertex 715.3089200749163 513.0259755943592 -5.431299854308235e-12
    vertex 720.2845154696379 526.372797819578 -5.6276873784713785e-12
  endloop
endfacet
facet normal -8.299600436780308e-16 -1.053030599062156e-15 -1.0
  outer loop
    vertex 720.2845154696379 526.372797819578 -5.6276873784713785e-12
    vertex 715.3089200749163 513.0259755943592 -5.431299854308235e-12
    vertex 697.0778731388218 559.9058105728863 -5.418276085100806e-12
  endloop
endfacet
facet normal -8.299600436780308e-16 -1.053030599062156e-15 -1.0
  outer loop
    vertex 720.2845154696379 526.372797819578 -5.6276873784713785e-12
    vertex 697.0778731388218 559.9058105728863 -5.418276085100806e-12
    vertex 720.0847146246288 526.855159729373 -5.628009484275985e-12
  endloop
endfacet
facet normal -8.299600436780308e-16 -1.053030599062156e-15 -1.0
  outer loop
    vertex 720.0847146246288 526.855159729373 -5.628009484275985e-12
    vertex 697.0778731388218 559.9058105728863 -5.418276085100806e-12
    vertex 720.016566277207 527.3727978195781 -5.62845257802459e-12
  endloop
endfacet
facet normal -8.299600436780308e-16 -1.053030599062156e-15 -1.0
  outer loop
    vertex 720.016566277207 527.3727978195781 -5.62845257802459e-12
    vertex 697.0778731388218 559.9058105728863 -5.418276085100806e-12
    vertex 720.0847146246288 527.8904359097832 -5.6289864636104724e-12
  endloop
endfacet
facet normal -8.299600436780308e-16 -1.053030599062156e-15 -1.0
  outer loop
    vertex 720.0847146246288 527.8904359097832 -5.6289864636104724e-12
    vertex 697.0778731388218 559.9058105728863 -5.418276085100806e-12
    vertex 720.2845154696379 528.3727978195781 -5.629574757613241e-12
  endloop
endfacet
facet normal -8.299600436780308e-16 -1.053030599062156e-15 -1.0
  outer loop
    vertex 720.2845154696379 528.3727978195781 -5.629574757613241e-12
    vertex 697.0778731388218 559.9058105728863 -5.418276085100806e-12
    vertex 720.6023527148337 528.7870113819511 -5.630177368768811e-12
  endloop
endfacet
facet normal -8.299600436780308e-16 -1.053030599062156e-15 -1.0
  outer loop
    vertex 720.6023527148337 528.7870113819511 -5.630177368768811e-12
    vertex 697.0778731388218 559.9058105728863 -5.418276085100806e-12
    vertex 721.0165662772068 529.1048486271469 -5.630753230122791e-12
  endloop
endfacet
facet normal -8.299600436780308e-16 -1.053030599062156e-15 -1.0
  outer loop
    vertex 721.0165662772068 529.1048486271469 -5.630753230122791e-12
    vertex 697.0778731388218 559.9058105728863 -5.418276085100806e-12
    vertex 721.4989281870016 529.3046494721563 -5.631263097675563e-12
  endloop
endfacet
facet normal -8.299600436780308e-16 -1.053030599062156e-15 -1.0
  outer loop
    vertex 721.4989281870016 529.3046494721563 -5.631263097675563e-12
    vertex 697.0778731388218 559.9058105728863 -5.418276085100806e-12
    vertex 722.0165662772067 529.3727978195781 -5.631672224796003e-12
  endloop
endfacet
facet normal -8.299600436780308e-16 -1.053030599062156e-15 -1.0
  outer loop
    vertex 722.0165662772067 529.3727978195781 -5.631672224796003e-12
    vertex 697.0778731388218 559.9058105728863 -5.418276085100806e-12
    vertex 825.3089200749157 543.0259755943608 -5.668243652223736e-12
  endloop
endfacet
facet normal -8.299600436780308e-16 -1.053030599062156e-15 -1.0
  outer loop
    vertex 825.3089200749157 543.0259755943608 -5.668243652223736e-12
    vertex 697.0778731388218 559.9058105728863 -5.418276085100806e-12
    vertex 808.8453101886026 549.053364340869 -5.61784520514446e-12
  endloop
endfacet
facet normal -8.299600436780308e-16 -1.053030599062156e-15 -1.0
  outer loop
    vertex 808.8453101886026 549.053364340869 -5.61784520514446e-12
    vertex 697.0778731388218 559.9058105728863 -5.418276085100806e-12
    vertex 808.3276720983977 549.1215126882909 -5.617564699793497e-12
  endloop
endfacet
facet normal -8.299600436780308e-16 -1.053030599062156e-15 -1.0
  outer loop
    vertex 808.3276720983977 549.1215126882909 -5.617564699793497e-12
    vertex 697.0778731388218 559.9058105728863 -5.418276085100806e-12
    vertex 807.8453101886028 549.3213135333002 -5.617431932188122e-12
  endloop
endfacet
facet normal -8.299600436780308e-16 -1.053030599062156e-15 -1.0
  outer loop
    vertex 807.8453101886028 549.3213135333002 -5.617431932188122e-12
    vertex 697.0778731388218 559.9058105728863 -5.418276085100806e-12
    vertex 807.4310966262296 549.639150778496 -5.617455950221231e-12
  endloop
endfacet
facet normal -8.299600436780308e-16 -1.053030599062156e-15 -1.0
  outer loop
    vertex 807.4310966262296 549.639150778496 -5.617455950221231e-12
    vertex 697.0778731388218 559.9058105728863 -5.418276085100806e-12
    vertex 807.1132593810337 550.053364340869 -5.617635117103562e-12
  endloop
endfacet
facet normal -8.299600436780308e-16 -1.053030599062156e-15 -1.0
  outer loop
    vertex 807.1132593810337 550.053364340869 -5.617635117103562e-12
    vertex 697.0778731388218 559.9058105728863 -5.418276085100806e-12
    vertex 806.9134585360246 550.5357262506641 -5.617957222908168e-12
  endloop
endfacet
facet normal -8.299600436780308e-16 -1.053030599062156e-15 -1.0
  outer loop
    vertex 806.9134585360246 550.5357262506641 -5.617957222908168e-12
    vertex 697.0778731388218 559.9058105728863 -5.418276085100806e-12
    vertex 806.8453101886026 551.0533643408692 -5.6184003166567726e-12
  endloop
endfacet
facet normal -8.299600436780308e-16 -1.053030599062156e-15 -1.0
  outer loop
    vertex 806.8453101886026 551.0533643408692 -5.6184003166567726e-12
    vertex 697.0778731388218 559.9058105728863 -5.418276085100806e-12
    vertex 806.9134585360246 551.5710024310742 -5.618934202242655e-12
  endloop
endfacet
facet normal -8.299600436780308e-16 -1.053030599062156e-15 -1.0
  outer loop
    vertex 806.9134585360246 551.5710024310742 -5.618934202242655e-12
    vertex 697.0778731388218 559.9058105728863 -5.418276085100806e-12
    vertex 807.1132593810337 552.0533643408692 -5.6195224962454245e-12
  endloop
endfacet
facet normal -8.299600436780308e-16 -1.053030599062156e-15 -1.0
  outer loop
    vertex 807.1132593810337 552.0533643408692 -5.6195224962454245e-12
    vertex 697.0778731388218 559.9058105728863 -5.418276085100806e-12
    vertex 807.4310966262296 552.4675779032422 -5.6201251074009936e-12
  endloop
endfacet
facet normal -8.299600436780308e-16 -1.053030599062156e-15 -1.0
  outer loop
    vertex 807.4310966262296 552.4675779032422 -5.6201251074009936e-12
    vertex 697.0778731388218 559.9058105728863 -5.418276085100806e-12
    vertex 807.8453101886026 552.7854151484379 -5.620700968754974e-12
  endloop
endfacet
facet normal -8.299600436780308e-16 -1.053030599062156e-15 -1.0
  outer loop
    vertex 807.8453101886026 552.7854151484379 -5.620700968754974e-12
    vertex 697.0778731388218 559.9058105728863 -5.418276085100806e-12
    vertex 808.3276720983976 552.9852159934472 -5.621210836307746e-12
  endloop
endfacet
facet normal -8.299600436780308e-16 -1.053030599062156e-15 -1.0
  outer loop
    vertex 808.3276720983976 552.9852159934472 -5.621210836307746e-12
    vertex 697.0778731388218 559.9058105728863 -5.418276085100806e-12
    vertex 808.8453101886026 553.053364340869 -5.6216199634281855e-12
  endloop
endfacet
facet normal -8.299600436780308e-16 -1.053030599062156e-15 -1.0
  outer loop
    vertex 656.1874857132933 654.0164022866244 -5.4798487992518434e-12
    vertex 697.0778731388218 559.9058105728863 -5.418276085100806e-12
    vertex 693.3498544526565 558.4560255282664 -5.414424578765138e-12
  endloop
endfacet
facet normal -8.299600436780308e-16 -1.053030599062156e-15 -1.0
  outer loop
    vertex 697.0778731388218 559.9058105728863 -5.418276085100806e-12
    vertex 656.1874857132933 654.0164022866244 -5.4798487992518434e-12
    vertex 811.8089200749152 571.2939247867919 -5.550568623406488e-12
  endloop
endfacet
facet normal -8.299600436780308e-16 -1.053030599062156e-15 -1.0
  outer loop
    vertex 697.0778731388218 559.9058105728863 -5.418276085100806e-12
    vertex 811.8089200749152 571.2939247867919 -5.550568623406488e-12
    vertex 812.29128198471 571.0941239417826 -5.550701391011863e-12
  endloop
endfacet
facet normal -8.299600436780308e-16 -1.053030599062156e-15 -1.0
  outer loop
    vertex 697.0778731388218 559.9058105728863 -5.418276085100806e-12
    vertex 812.29128198471 571.0941239417826 -5.550701391011863e-12
    vertex 812.8089200749151 571.0259755943608 -5.550981896362826e-12
  endloop
endfacet
facet normal -8.299600436780308e-16 -1.053030599062156e-15 -1.0
  outer loop
    vertex 811.8089200749152 571.2939247867919 -5.550568623406488e-12
    vertex 656.1874857132933 654.0164022866244 -5.4798487992518434e-12
    vertex 811.394706512542 571.6117620319877 -5.595712105160364e-12
  endloop
endfacet
facet normal -8.299600436780308e-16 -1.053030599062156e-15 -1.0
  outer loop
    vertex 811.394706512542 571.6117620319877 -5.595712105160364e-12
    vertex 656.1874857132933 654.0164022866244 -5.4798487992518434e-12
    vertex 811.0768692673462 572.025975594361 -5.595891272042695e-12
  endloop
endfacet
facet normal -8.299600436780308e-16 -1.053030599062156e-15 -1.0
  outer loop
    vertex 811.0768692673462 572.025975594361 -5.595891272042695e-12
    vertex 656.1874857132933 654.0164022866244 -5.4798487992518434e-12
    vertex 810.877068422337 572.5083375041559 -5.596213377847301e-12
  endloop
endfacet
facet normal -8.299600436780308e-16 -1.053030599062156e-15 -1.0
  outer loop
    vertex 810.877068422337 572.5083375041559 -5.596213377847301e-12
    vertex 656.1874857132933 654.0164022866244 -5.4798487992518434e-12
    vertex 810.8089200749151 573.0259755943608 -5.5966564715959055e-12
  endloop
endfacet
facet normal -8.299600436780308e-16 -1.053030599062156e-15 -1.0
  outer loop
    vertex 810.8089200749151 573.0259755943608 -5.5966564715959055e-12
    vertex 656.1874857132933 654.0164022866244 -5.4798487992518434e-12
    vertex 810.877068422337 573.5436136845659 -5.597190357181788e-12
  endloop
endfacet
facet normal -8.299600436780308e-16 -1.053030599062156e-15 -1.0
  outer loop
    vertex 810.877068422337 573.5436136845659 -5.597190357181788e-12
    vertex 656.1874857132933 654.0164022866244 -5.4798487992518434e-12
    vertex 811.0768692673462 574.0259755943611 -5.552659187463791e-12
  endloop
endfacet
facet normal -8.299600436780308e-16 -1.053030599062156e-15 -1.0
  outer loop
    vertex 811.0768692673462 574.0259755943611 -5.552659187463791e-12
    vertex 656.1874857132933 654.0164022866244 -5.4798487992518434e-12
    vertex 811.394706512542 574.440189156734 -5.553261798619361e-12
  endloop
endfacet
facet normal -8.299600436780308e-16 -1.053030599062156e-15 -1.0
  outer loop
    vertex 811.394706512542 574.440189156734 -5.553261798619361e-12
    vertex 656.1874857132933 654.0164022866244 -5.4798487992518434e-12
    vertex 811.808920074915 574.7580264019298 -5.55383765997334e-12
  endloop
endfacet
facet normal -8.299600436780308e-16 -1.053030599062156e-15 -1.0
  outer loop
    vertex 811.808920074915 574.7580264019298 -5.55383765997334e-12
    vertex 656.1874857132933 654.0164022866244 -5.4798487992518434e-12
    vertex 812.29128198471 574.9578272469391 -5.554347527526113e-12
  endloop
endfacet
facet normal -8.299600436780308e-16 -1.053030599062156e-15 -1.0
  outer loop
    vertex 812.29128198471 574.9578272469391 -5.554347527526113e-12
    vertex 656.1874857132933 654.0164022866244 -5.4798487992518434e-12
    vertex 812.8089200749151 575.025975594361 -5.554756654646553e-12
  endloop
endfacet
facet normal -8.299600436780308e-16 -1.053030599062156e-15 -1.0
  outer loop
    vertex 645.3089200749135 693.0259755943582 -5.689893001203925e-12
    vertex 812.8089200749135 676.0259755943608 -5.8756666199144534e-12
    vertex 659.9155043994587 655.4661873312443 -5.483700305587512e-12
  endloop
endfacet
facet normal -8.299600436780308e-16 -1.053030599062156e-15 -1.0
  outer loop
    vertex 812.8089200749135 676.0259755943608 -5.8756666199144534e-12
    vertex 645.3089200749135 693.0259755943582 -5.689893001203925e-12
    vertex 812.2912819847085 676.0941239417826 -5.8753861145634895e-12
  endloop
endfacet
facet normal -8.299600436780308e-16 -1.053030599062156e-15 -1.0
  outer loop
    vertex 812.2912819847085 676.0941239417826 -5.8753861145634895e-12
    vertex 645.3089200749135 693.0259755943582 -5.689893001203925e-12
    vertex 811.8089200749135 676.293924786792 -5.875253346958114e-12
  endloop
endfacet
facet normal -8.299600436780308e-16 -1.053030599062156e-15 -1.0
  outer loop
    vertex 811.8089200749135 676.293924786792 -5.875253346958114e-12
    vertex 645.3089200749135 693.0259755943582 -5.689893001203925e-12
    vertex 811.3947065125406 676.6117620319877 -5.8752773649912245e-12
  endloop
endfacet
facet normal -8.299600436780308e-16 -1.053030599062156e-15 -1.0
  outer loop
    vertex 811.3947065125406 676.6117620319877 -5.8752773649912245e-12
    vertex 645.3089200749135 693.0259755943582 -5.689893001203925e-12
    vertex 811.0768692673446 677.0259755943608 -5.875456531873554e-12
  endloop
endfacet
facet normal -8.299600436780308e-16 -1.053030599062156e-15 -1.0
  outer loop
    vertex 811.0768692673446 677.0259755943608 -5.875456531873554e-12
    vertex 645.3089200749135 693.0259755943582 -5.689893001203925e-12
    vertex 810.8770684223355 677.5083375041559 -5.87577863767816e-12
  endloop
endfacet
facet normal -8.299600436780308e-16 -1.053030599062156e-15 -1.0
  outer loop
    vertex 810.8770684223355 677.5083375041559 -5.87577863767816e-12
    vertex 645.3089200749135 693.0259755943582 -5.689893001203925e-12
    vertex 810.8089200749137 678.025975594361 -5.876221731426765e-12
  endloop
endfacet
facet normal -8.299600436780308e-16 -1.053030599062156e-15 -1.0
  outer loop
    vertex 810.8089200749137 678.025975594361 -5.876221731426765e-12
    vertex 645.3089200749135 693.0259755943582 -5.689893001203925e-12
    vertex 810.8770684223355 678.543613684566 -5.8767556170126475e-12
  endloop
endfacet
facet normal -8.299600436780308e-16 -1.053030599062156e-15 -1.0
  outer loop
    vertex 810.8770684223355 678.543613684566 -5.8767556170126475e-12
    vertex 645.3089200749135 693.0259755943582 -5.689893001203925e-12
    vertex 811.0768692673446 679.0259755943608 -5.877343911015417e-12
  endloop
endfacet
facet normal -8.299600436780308e-16 -1.053030599062156e-15 -1.0
  outer loop
    vertex 811.0768692673446 679.0259755943608 -5.877343911015417e-12
    vertex 645.3089200749135 693.0259755943582 -5.689893001203925e-12
    vertex 811.3947065125406 679.4401891567339 -5.877946522170987e-12
  endloop
endfacet
facet normal -8.299600436780308e-16 -1.053030599062156e-15 -1.0
  outer loop
    vertex 811.3947065125406 679.4401891567339 -5.877946522170987e-12
    vertex 645.3089200749135 693.0259755943582 -5.689893001203925e-12
    vertex 811.8089200749135 679.7580264019297 -5.8785223835249654e-12
  endloop
endfacet
facet normal -8.299600436780308e-16 -1.053030599062156e-15 -1.0
  outer loop
    vertex 811.8089200749135 679.7580264019297 -5.8785223835249654e-12
    vertex 645.3089200749135 693.0259755943582 -5.689893001203925e-12
    vertex 812.2912819847085 679.957827246939 -5.879032251077738e-12
  endloop
endfacet
facet normal -8.299600436780308e-16 -1.053030599062156e-15 -1.0
  outer loop
    vertex 812.2912819847085 679.957827246939 -5.879032251077738e-12
    vertex 645.3089200749135 693.0259755943582 -5.689893001203925e-12
    vertex 812.8089200749135 680.0259755943608 -5.879441378198177e-12
  endloop
endfacet
facet normal -8.299600436780308e-16 -1.053030599062156e-15 -1.0
  outer loop
    vertex 685.6089200749135 697.0259755943589 -5.540035097340022e-12
    vertex 795.0089200749136 693.0259755943606 -5.8347326969965234e-12
    vertex 685.6089200749136 693.0259755943589 -5.536260339056296e-12
  endloop
endfacet
facet normal -8.299600436780308e-16 -1.053030599062156e-15 -1.0
  outer loop
    vertex 795.0089200749136 693.0259755943606 -5.8347326969965234e-12
    vertex 685.6089200749135 697.0259755943589 -5.540035097340022e-12
    vertex 795.0089200749136 697.0259755943606 -5.838507455280248e-12
  endloop
endfacet
facet normal -8.299600436780308e-16 -1.053030599062156e-15 -1.0
  outer loop
    vertex 825.3089200749157 543.0259755943608 -5.668243652223736e-12
    vertex 814.8089200749152 573.0259755943607 -5.554201543134239e-12
    vertex 825.3089200749135 693.0259755943611 -5.674438696701143e-12
  endloop
endfacet
facet normal -8.299600436780308e-16 -1.053030599062156e-15 -1.0
  outer loop
    vertex 814.8089200749152 573.0259755943607 -5.554201543134239e-12
    vertex 825.3089200749157 543.0259755943608 -5.668243652223736e-12
    vertex 814.7407717274934 572.5083375041556 -5.553667657548358e-12
  endloop
endfacet
facet normal -8.299600436780308e-16 -1.053030599062156e-15 -1.0
  outer loop
    vertex 814.7407717274934 572.5083375041556 -5.553667657548358e-12
    vertex 825.3089200749157 543.0259755943608 -5.668243652223736e-12
    vertex 810.7771618411807 550.5357262506642 -5.6205309663299915e-12
  endloop
endfacet
facet normal -8.299600436780308e-16 -1.053030599062156e-15 -1.0
  outer loop
    vertex 810.7771618411807 550.5357262506642 -5.6205309663299915e-12
    vertex 825.3089200749157 543.0259755943608 -5.668243652223736e-12
    vertex 810.5773609961717 550.0533643408692 -5.619942672327222e-12
  endloop
endfacet
facet normal -8.299600436780308e-16 -1.053030599062156e-15 -1.0
  outer loop
    vertex 810.5773609961717 550.0533643408692 -5.619942672327222e-12
    vertex 825.3089200749157 543.0259755943608 -5.668243652223736e-12
    vertex 810.2595237509757 549.6391507784962 -5.619340061171652e-12
  endloop
endfacet
facet normal -8.299600436780308e-16 -1.053030599062156e-15 -1.0
  outer loop
    vertex 810.2595237509757 549.6391507784962 -5.619340061171652e-12
    vertex 825.3089200749157 543.0259755943608 -5.668243652223736e-12
    vertex 809.8453101886026 549.3213135333003 -5.618764199817672e-12
  endloop
endfacet
facet normal -8.299600436780308e-16 -1.053030599062156e-15 -1.0
  outer loop
    vertex 809.8453101886026 549.3213135333003 -5.618764199817672e-12
    vertex 825.3089200749157 543.0259755943608 -5.668243652223736e-12
    vertex 809.3629482788077 549.1215126882911 -5.6182543322649e-12
  endloop
endfacet
facet normal -8.299600436780308e-16 -1.053030599062156e-15 -1.0
  outer loop
    vertex 809.3629482788077 549.1215126882911 -5.6182543322649e-12
    vertex 825.3089200749157 543.0259755943608 -5.668243652223736e-12
    vertex 808.8453101886026 549.053364340869 -5.61784520514446e-12
  endloop
endfacet
facet normal -8.299600436780308e-16 -1.053030599062156e-15 -1.0
  outer loop
    vertex 814.7407717274934 572.5083375041556 -5.553667657548358e-12
    vertex 810.7771618411807 550.5357262506642 -5.6205309663299915e-12
    vertex 810.8453101886028 551.0533643408693 -5.621064851915873e-12
  endloop
endfacet
facet normal -8.299600436780308e-16 -1.053030599062156e-15 -1.0
  outer loop
    vertex 814.7407717274934 572.5083375041556 -5.553667657548358e-12
    vertex 810.8453101886028 551.0533643408693 -5.621064851915873e-12
    vertex 810.7771618411807 551.5710024310744 -5.621507945664478e-12
  endloop
endfacet
facet normal -8.299600436780308e-16 -1.053030599062156e-15 -1.0
  outer loop
    vertex 814.7407717274934 572.5083375041556 -5.553667657548358e-12
    vertex 810.7771618411807 551.5710024310744 -5.621507945664478e-12
    vertex 810.5773609961716 552.0533643408693 -5.621830051469085e-12
  endloop
endfacet
facet normal -8.299600436780308e-16 -1.053030599062156e-15 -1.0
  outer loop
    vertex 814.7407717274934 572.5083375041556 -5.553667657548358e-12
    vertex 810.5773609961716 552.0533643408693 -5.621830051469085e-12
    vertex 810.2595237509756 552.4675779032424 -5.6220092183514144e-12
  endloop
endfacet
facet normal -8.299600436780308e-16 -1.053030599062156e-15 -1.0
  outer loop
    vertex 814.7407717274934 572.5083375041556 -5.553667657548358e-12
    vertex 810.2595237509756 552.4675779032424 -5.6220092183514144e-12
    vertex 809.8453101886025 552.7854151484381 -5.622033236384525e-12
  endloop
endfacet
facet normal -8.299600436780308e-16 -1.053030599062156e-15 -1.0
  outer loop
    vertex 814.7407717274934 572.5083375041556 -5.553667657548358e-12
    vertex 809.8453101886025 552.7854151484381 -5.622033236384525e-12
    vertex 809.3629482788077 552.9852159934475 -5.621900468779149e-12
  endloop
endfacet
facet normal -8.299600436780308e-16 -1.053030599062156e-15 -1.0
  outer loop
    vertex 814.7407717274934 572.5083375041556 -5.553667657548358e-12
    vertex 809.3629482788077 552.9852159934475 -5.621900468779149e-12
    vertex 808.8453101886026 553.053364340869 -5.6216199634281855e-12
  endloop
endfacet
facet normal -8.299600436780308e-16 -1.053030599062156e-15 -1.0
  outer loop
    vertex 814.7407717274934 572.5083375041556 -5.553667657548358e-12
    vertex 808.8453101886026 553.053364340869 -5.6216199634281855e-12
    vertex 814.5409708824841 572.0259755943607 -5.553079363545588e-12
  endloop
endfacet
facet normal -8.299600436780308e-16 -1.053030599062156e-15 -1.0
  outer loop
    vertex 814.5409708824841 572.0259755943607 -5.553079363545588e-12
    vertex 808.8453101886026 553.053364340869 -5.6216199634281855e-12
    vertex 814.2231336372884 571.6117620319875 -5.552476752390018e-12
  endloop
endfacet
facet normal -8.299600436780308e-16 -1.053030599062156e-15 -1.0
  outer loop
    vertex 814.2231336372884 571.6117620319875 -5.552476752390018e-12
    vertex 808.8453101886026 553.053364340869 -5.6216199634281855e-12
    vertex 813.8089200749152 571.2939247867918 -5.551900891036038e-12
  endloop
endfacet
facet normal -8.299600436780308e-16 -1.053030599062156e-15 -1.0
  outer loop
    vertex 813.8089200749152 571.2939247867918 -5.551900891036038e-12
    vertex 808.8453101886026 553.053364340869 -5.6216199634281855e-12
    vertex 813.3265581651202 571.0941239417826 -5.551391023483266e-12
  endloop
endfacet
facet normal -8.299600436780308e-16 -1.053030599062156e-15 -1.0
  outer loop
    vertex 813.3265581651202 571.0941239417826 -5.551391023483266e-12
    vertex 808.8453101886026 553.053364340869 -5.6216199634281855e-12
    vertex 812.8089200749151 571.0259755943608 -5.550981896362826e-12
  endloop
endfacet
facet normal -8.299600436780308e-16 -1.053030599062156e-15 -1.0
  outer loop
    vertex 812.8089200749151 571.0259755943608 -5.550981896362826e-12
    vertex 808.8453101886026 553.053364340869 -5.6216199634281855e-12
    vertex 697.0778731388218 559.9058105728863 -5.418276085100806e-12
  endloop
endfacet
facet normal -8.299600436780308e-16 -1.053030599062156e-15 -1.0
  outer loop
    vertex 825.3089200749135 693.0259755943611 -5.674438696701143e-12
    vertex 814.8089200749152 573.0259755943607 -5.554201543134239e-12
    vertex 814.7407717274934 573.5436136845658 -5.554644636882844e-12
  endloop
endfacet
facet normal -8.299600436780308e-16 -1.053030599062156e-15 -1.0
  outer loop
    vertex 825.3089200749135 693.0259755943611 -5.674438696701143e-12
    vertex 814.7407717274934 573.5436136845658 -5.554644636882844e-12
    vertex 814.5409708824841 574.0259755943608 -5.554966742687451e-12
  endloop
endfacet
facet normal -8.299600436780308e-16 -1.053030599062156e-15 -1.0
  outer loop
    vertex 825.3089200749135 693.0259755943611 -5.674438696701143e-12
    vertex 814.5409708824841 574.0259755943608 -5.554966742687451e-12
    vertex 814.2231336372884 574.4401891567339 -5.555145909569781e-12
  endloop
endfacet
facet normal -8.299600436780308e-16 -1.053030599062156e-15 -1.0
  outer loop
    vertex 825.3089200749135 693.0259755943611 -5.674438696701143e-12
    vertex 814.2231336372884 574.4401891567339 -5.555145909569781e-12
    vertex 813.8089200749151 574.7580264019297 -5.55516992760289e-12
  endloop
endfacet
facet normal -8.299600436780308e-16 -1.053030599062156e-15 -1.0
  outer loop
    vertex 825.3089200749135 693.0259755943611 -5.674438696701143e-12
    vertex 813.8089200749151 574.7580264019297 -5.55516992760289e-12
    vertex 813.3265581651202 574.9578272469391 -5.555037159997515e-12
  endloop
endfacet
facet normal -8.299600436780308e-16 -1.053030599062156e-15 -1.0
  outer loop
    vertex 825.3089200749135 693.0259755943611 -5.674438696701143e-12
    vertex 813.3265581651202 574.9578272469391 -5.555037159997515e-12
    vertex 812.8089200749151 575.025975594361 -5.554756654646553e-12
  endloop
endfacet
facet normal -8.299600436780308e-16 -1.053030599062156e-15 -1.0
  outer loop
    vertex 825.3089200749135 693.0259755943611 -5.674438696701143e-12
    vertex 812.8089200749151 575.025975594361 -5.554756654646553e-12
    vertex 814.5409708824825 677.0259755943608 -5.877764087097214e-12
  endloop
endfacet
facet normal -8.299600436780308e-16 -1.053030599062156e-15 -1.0
  outer loop
    vertex 814.5409708824825 677.0259755943608 -5.877764087097214e-12
    vertex 812.8089200749151 575.025975594361 -5.554756654646553e-12
    vertex 814.2231336372865 676.6117620319877 -5.877161475941645e-12
  endloop
endfacet
facet normal -8.299600436780308e-16 -1.053030599062156e-15 -1.0
  outer loop
    vertex 814.2231336372865 676.6117620319877 -5.877161475941645e-12
    vertex 812.8089200749151 575.025975594361 -5.554756654646553e-12
    vertex 813.8089200749135 676.293924786792 -5.876585614587664e-12
  endloop
endfacet
facet normal -8.299600436780308e-16 -1.053030599062156e-15 -1.0
  outer loop
    vertex 813.8089200749135 676.293924786792 -5.876585614587664e-12
    vertex 812.8089200749151 575.025975594361 -5.554756654646553e-12
    vertex 813.3265581651186 676.0941239417826 -5.8760757470348924e-12
  endloop
endfacet
facet normal -8.299600436780308e-16 -1.053030599062156e-15 -1.0
  outer loop
    vertex 813.3265581651186 676.0941239417826 -5.8760757470348924e-12
    vertex 812.8089200749151 575.025975594361 -5.554756654646553e-12
    vertex 656.1874857132933 654.0164022866244 -5.4798487992518434e-12
  endloop
endfacet
facet normal -8.299600436780308e-16 -1.053030599062156e-15 -1.0
  outer loop
    vertex 813.3265581651186 676.0941239417826 -5.8760757470348924e-12
    vertex 656.1874857132933 654.0164022866244 -5.4798487992518434e-12
    vertex 659.9155043994587 655.4661873312443 -5.483700305587512e-12
  endloop
endfacet
facet normal -8.299600436780308e-16 -1.053030599062156e-15 -1.0
  outer loop
    vertex 813.3265581651186 676.0941239417826 -5.8760757470348924e-12
    vertex 659.9155043994587 655.4661873312443 -5.483700305587512e-12
    vertex 812.8089200749135 676.0259755943608 -5.8756666199144534e-12
  endloop
endfacet
facet normal -8.299600436780308e-16 -1.053030599062156e-15 -1.0
  outer loop
    vertex 825.3089200749135 693.0259755943611 -5.674438696701143e-12
    vertex 814.5409708824825 677.0259755943608 -5.877764087097214e-12
    vertex 814.7407717274916 677.5083375041557 -5.878352381099983e-12
  endloop
endfacet
facet normal -8.299600436780308e-16 -1.053030599062156e-15 -1.0
  outer loop
    vertex 825.3089200749135 693.0259755943611 -5.674438696701143e-12
    vertex 814.7407717274916 677.5083375041557 -5.878352381099983e-12
    vertex 814.8089200749134 678.0259755943608 -5.8788862666858656e-12
  endloop
endfacet
facet normal -8.299600436780308e-16 -1.053030599062156e-15 -1.0
  outer loop
    vertex 825.3089200749135 693.0259755943611 -5.674438696701143e-12
    vertex 814.8089200749134 678.0259755943608 -5.8788862666858656e-12
    vertex 814.7407717274916 678.5436136845659 -5.8793293604344704e-12
  endloop
endfacet
facet normal -8.299600436780308e-16 -1.053030599062156e-15 -1.0
  outer loop
    vertex 825.3089200749135 693.0259755943611 -5.674438696701143e-12
    vertex 814.7407717274916 678.5436136845659 -5.8793293604344704e-12
    vertex 814.5409708824825 679.0259755943608 -5.8796514662390764e-12
  endloop
endfacet
facet normal -8.299600436780308e-16 -1.053030599062156e-15 -1.0
  outer loop
    vertex 825.3089200749135 693.0259755943611 -5.674438696701143e-12
    vertex 814.5409708824825 679.0259755943608 -5.8796514662390764e-12
    vertex 814.2231336372865 679.4401891567339 -5.879830633121406e-12
  endloop
endfacet
facet normal -8.299600436780308e-16 -1.053030599062156e-15 -1.0
  outer loop
    vertex 825.3089200749135 693.0259755943611 -5.674438696701143e-12
    vertex 814.2231336372865 679.4401891567339 -5.879830633121406e-12
    vertex 813.8089200749135 679.7580264019297 -5.8798546511545164e-12
  endloop
endfacet
facet normal -8.299600436780308e-16 -1.053030599062156e-15 -1.0
  outer loop
    vertex 825.3089200749135 693.0259755943611 -5.674438696701143e-12
    vertex 813.8089200749135 679.7580264019297 -5.8798546511545164e-12
    vertex 813.3265581651186 679.957827246939 -5.879721883549141e-12
  endloop
endfacet
facet normal -8.299600436780308e-16 -1.053030599062156e-15 -1.0
  outer loop
    vertex 825.3089200749135 693.0259755943611 -5.674438696701143e-12
    vertex 813.3265581651186 679.957827246939 -5.879721883549141e-12
    vertex 812.8089200749135 680.0259755943608 -5.879441378198177e-12
  endloop
endfacet
facet normal -8.299600436780308e-16 -1.053030599062156e-15 -1.0
  outer loop
    vertex 825.3089200749135 693.0259755943611 -5.674438696701143e-12
    vertex 812.8089200749135 680.0259755943608 -5.879441378198177e-12
    vertex 645.3089200749135 693.0259755943582 -5.689893001203925e-12
  endloop
endfacet
facet normal -8.299600436780308e-16 -1.053030599062156e-15 -1.0
  outer loop
    vertex 825.3089200749135 693.0259755943611 -5.674438696701143e-12
    vertex 645.3089200749135 693.0259755943582 -5.689893001203925e-12
    vertex 685.6089200749136 693.0259755943589 -5.536260339056296e-12
  endloop
endfacet
facet normal -8.299600436780308e-16 -1.053030599062156e-15 -1.0
  outer loop
    vertex 825.3089200749135 693.0259755943611 -5.674438696701143e-12
    vertex 685.6089200749136 693.0259755943589 -5.536260339056296e-12
    vertex 795.0089200749136 693.0259755943606 -5.8347326969965234e-12
  endloop
endfacet
facet normal -8.299600436780308e-16 -1.053030599062156e-15 -1.0
  outer loop
    vertex 715.3089200749163 513.0259755943592 -5.431299854308235e-12
    vertex 722.5342043674119 525.440946167 -5.6283065936327166e-12
    vertex 825.3089200749157 543.0259755943608 -5.668243652223736e-12
  endloop
endfacet
facet normal -8.299600436780308e-16 -1.053030599062156e-15 -1.0
  outer loop
    vertex 722.5342043674119 525.440946167 -5.6283065936327166e-12
    vertex 715.3089200749163 513.0259755943592 -5.431299854308235e-12
    vertex 722.0165662772068 525.3727978195781 -5.6278974665122776e-12
  endloop
endfacet
facet normal -8.299600436780308e-16 -1.053030599062156e-15 -1.0
  outer loop
    vertex 825.3089200749157 543.0259755943608 -5.668243652223736e-12
    vertex 722.5342043674119 525.440946167 -5.6283065936327166e-12
    vertex 723.0165662772067 525.6407470120092 -5.628816461185489e-12
  endloop
endfacet
facet normal -8.299600436780308e-16 -1.053030599062156e-15 -1.0
  outer loop
    vertex 825.3089200749157 543.0259755943608 -5.668243652223736e-12
    vertex 723.0165662772067 525.6407470120092 -5.628816461185489e-12
    vertex 723.4307798395798 525.958584257205 -5.629392322539469e-12
  endloop
endfacet
facet normal -8.299600436780308e-16 -1.053030599062156e-15 -1.0
  outer loop
    vertex 825.3089200749157 543.0259755943608 -5.668243652223736e-12
    vertex 723.4307798395798 525.958584257205 -5.629392322539469e-12
    vertex 723.7486170847758 526.3727978195781 -5.629994933695039e-12
  endloop
endfacet
facet normal -8.299600436780308e-16 -1.053030599062156e-15 -1.0
  outer loop
    vertex 825.3089200749157 543.0259755943608 -5.668243652223736e-12
    vertex 723.7486170847758 526.3727978195781 -5.629994933695039e-12
    vertex 723.9484179297849 526.855159729373 -5.630583227697808e-12
  endloop
endfacet
facet normal -8.299600436780308e-16 -1.053030599062156e-15 -1.0
  outer loop
    vertex 825.3089200749157 543.0259755943608 -5.668243652223736e-12
    vertex 723.9484179297849 526.855159729373 -5.630583227697808e-12
    vertex 724.0165662772067 527.3727978195781 -5.6311171132836905e-12
  endloop
endfacet
facet normal -8.299600436780308e-16 -1.053030599062156e-15 -1.0
  outer loop
    vertex 825.3089200749157 543.0259755943608 -5.668243652223736e-12
    vertex 724.0165662772067 527.3727978195781 -5.6311171132836905e-12
    vertex 723.9484179297849 527.890435909783 -5.6315602070322946e-12
  endloop
endfacet
facet normal -8.299600436780308e-16 -1.053030599062156e-15 -1.0
  outer loop
    vertex 825.3089200749157 543.0259755943608 -5.668243652223736e-12
    vertex 723.9484179297849 527.890435909783 -5.6315602070322946e-12
    vertex 723.7486170847757 528.3727978195782 -5.631882312836902e-12
  endloop
endfacet
facet normal -8.299600436780308e-16 -1.053030599062156e-15 -1.0
  outer loop
    vertex 825.3089200749157 543.0259755943608 -5.668243652223736e-12
    vertex 723.7486170847757 528.3727978195782 -5.631882312836902e-12
    vertex 723.4307798395797 528.7870113819512 -5.632061479719231e-12
  endloop
endfacet
facet normal -8.299600436780308e-16 -1.053030599062156e-15 -1.0
  outer loop
    vertex 825.3089200749157 543.0259755943608 -5.668243652223736e-12
    vertex 723.4307798395797 528.7870113819512 -5.632061479719231e-12
    vertex 723.0165662772067 529.104848627147 -5.632085497752341e-12
  endloop
endfacet
facet normal -8.299600436780308e-16 -1.053030599062156e-15 -1.0
  outer loop
    vertex 825.3089200749157 543.0259755943608 -5.668243652223736e-12
    vertex 723.0165662772067 529.104848627147 -5.632085497752341e-12
    vertex 722.5342043674118 529.3046494721563 -5.631952730146965e-12
  endloop
endfacet
facet normal -8.299600436780308e-16 -1.053030599062156e-15 -1.0
  outer loop
    vertex 825.3089200749157 543.0259755943608 -5.668243652223736e-12
    vertex 722.5342043674118 529.3046494721563 -5.631952730146965e-12
    vertex 722.0165662772067 529.3727978195781 -5.631672224796003e-12
  endloop
endfacet
facet normal 0.26311740579212345 -0.9647638212377282 7.351661552599237e-16
  outer loop
    vertex 715.3089200749163 513.0259755943596 8.999999999994552
    vertex 825.3089200749157 543.0259755943608 -5.668243652223736e-12
    vertex 825.3089200749162 543.0259755943611 8.999999999994316
  endloop
endfacet
facet normal 0.26311740579212345 -0.9647638212377282 7.351661552599237e-16
  outer loop
    vertex 825.3089200749157 543.0259755943608 -5.668243652223736e-12
    vertex 715.3089200749163 513.0259755943596 8.999999999994552
    vertex 715.3089200749163 513.0259755943592 -5.431299854308235e-12
  endloop
endfacet
facet normal -1.5210055437364645e-14 1.0 -2.7755575615627957e-16
  outer loop
    vertex 795.0089200749136 693.0259755943606 -5.8347326969965234e-12
    vertex 825.3089200749135 693.0259755943611 8.999999999994355
    vertex 825.3089200749135 693.0259755943611 -5.674438696701143e-12
  endloop
endfacet
facet normal -1.5210055437364645e-14 1.0 -2.7755575615627957e-16
  outer loop
    vertex 825.3089200749135 693.0259755943611 8.999999999994355
    vertex 795.0089200749136 693.0259755943606 -5.8347326969965234e-12
    vertex 795.0089200749136 693.0259755943606 8.999999999994195
  endloop
endfacet
facet normal -0.9320046715412905 -0.3624462611549628 4.625288649157924e-16
  outer loop
    vertex 715.3089200749163 513.0259755943596 8.999999999994552
    vertex 697.0778731388218 559.9058105728863 -5.418276085100806e-12
    vertex 715.3089200749163 513.0259755943592 -5.431299854308235e-12
  endloop
endfacet
facet normal -0.9320046715412905 -0.3624462611549628 4.625288649157924e-16
  outer loop
    vertex 697.0778731388218 559.9058105728863 -5.418276085100806e-12
    vertex 715.3089200749163 513.0259755943596 8.999999999994552
    vertex 697.0778731388218 559.9058105728864 8.999999999994564
  endloop
endfacet
facet normal 5.992999927163815e-16 8.407843880353025e-16 1.0
  outer loop
    vertex 800.3817003022899 544.0807530873785 8.999999999994285
    vertex 808.3276720983977 549.1215126882909 8.999999999994277
    vertex 798.0136436501606 552.7636274785181 8.999999999994278
  endloop
endfacet
facet normal 5.992999927163815e-16 8.407843880353025e-16 1.0
  outer loop
    vertex 808.3276720983977 549.1215126882909 8.999999999994277
    vertex 800.3817003022899 544.0807530873785 8.999999999994285
    vertex 808.8453101886026 549.0533643408692 8.999999999994277
  endloop
endfacet
facet normal 5.992999927163815e-16 8.407843880353025e-16 1.0
  outer loop
    vertex 798.0136436501606 552.7636274785181 8.999999999994278
    vertex 808.3276720983977 549.1215126882909 8.999999999994277
    vertex 807.8453101886028 549.3213135333002 8.999999999994277
  endloop
endfacet
facet normal 5.992999927163815e-16 8.407843880353025e-16 1.0
  outer loop
    vertex 798.0136436501606 552.7636274785181 8.999999999994278
    vertex 807.8453101886028 549.3213135333002 8.999999999994277
    vertex 807.4310966262296 549.639150778496 8.999999999994277
  endloop
endfacet
facet normal 5.992999927163815e-16 8.407843880353025e-16 1.0
  outer loop
    vertex 798.0136436501606 552.7636274785181 8.999999999994278
    vertex 807.4310966262296 549.639150778496 8.999999999994277
    vertex 807.1132593810337 550.053364340869 8.999999999994277
  endloop
endfacet
facet normal 5.992999927163815e-16 8.407843880353025e-16 1.0
  outer loop
    vertex 798.0136436501606 552.7636274785181 8.999999999994278
    vertex 807.1132593810337 550.053364340869 8.999999999994277
    vertex 806.9134585360246 550.5357262506639 8.999999999994277
  endloop
endfacet
facet normal 5.992999927163815e-16 8.407843880353025e-16 1.0
  outer loop
    vertex 798.0136436501606 552.7636274785181 8.999999999994278
    vertex 806.9134585360246 550.5357262506639 8.999999999994277
    vertex 806.8453101886026 551.0533643408689 8.999999999994275
  endloop
endfacet
facet normal 5.992999927163815e-16 8.407843880353025e-16 1.0
  outer loop
    vertex 798.0136436501606 552.7636274785181 8.999999999994278
    vertex 806.8453101886026 551.0533643408689 8.999999999994275
    vertex 806.9134585360246 551.571002431074 8.999999999994275
  endloop
endfacet
facet normal 5.992999927163815e-16 8.407843880353025e-16 1.0
  outer loop
    vertex 798.0136436501606 552.7636274785181 8.999999999994278
    vertex 806.9134585360246 551.571002431074 8.999999999994275
    vertex 807.1132593810337 552.0533643408689 8.999999999994273
  endloop
endfacet
facet normal 5.992999927163815e-16 8.407843880353025e-16 1.0
  outer loop
    vertex 798.0136436501606 552.7636274785181 8.999999999994278
    vertex 807.1132593810337 552.0533643408689 8.999999999994273
    vertex 807.4310966262296 552.4675779032422 8.999999999994273
  endloop
endfacet
facet normal 5.992999927163815e-16 8.407843880353025e-16 1.0
  outer loop
    vertex 798.0136436501606 552.7636274785181 8.999999999994278
    vertex 807.4310966262296 552.4675779032422 8.999999999994273
    vertex 807.8453101886026 552.7854151484379 8.999999999994273
  endloop
endfacet
facet normal 5.992999927163815e-16 8.407843880353025e-16 1.0
  outer loop
    vertex 715.3089200749163 513.0259755943596 8.999999999994552
    vertex 732.8482328156488 525.6625346819297 8.999999999994348
    vertex 722.0165662772068 525.3727978195781 8.999999999994357
  endloop
endfacet
facet normal 5.992999927163815e-16 8.407843880353025e-16 1.0
  outer loop
    vertex 732.8482328156488 525.6625346819297 8.999999999994348
    vertex 715.3089200749163 513.0259755943596 8.999999999994552
    vertex 825.3089200749162 543.0259755943611 8.999999999994316
  endloop
endfacet
facet normal 5.992999927163815e-16 8.407843880353025e-16 1.0
  outer loop
    vertex 722.0165662772068 525.3727978195781 8.999999999994357
    vertex 732.8482328156488 525.6625346819297 8.999999999994348
    vertex 722.5342043674119 525.440946167 8.999999999994355
  endloop
endfacet
facet normal 5.992999927163815e-16 8.407843880353025e-16 1.0
  outer loop
    vertex 722.5342043674119 525.440946167 8.999999999994355
    vertex 732.8482328156488 525.6625346819297 8.999999999994348
    vertex 723.0165662772067 525.6407470120092 8.999999999994355
  endloop
endfacet
facet normal 5.992999927163815e-16 8.407843880353025e-16 1.0
  outer loop
    vertex 732.8482328156488 525.6625346819297 8.999999999994348
    vertex 825.3089200749162 543.0259755943611 8.999999999994316
    vertex 800.3817003022899 544.0807530873785 8.999999999994285
  endloop
endfacet
facet normal 5.992999927163815e-16 8.407843880353025e-16 1.0
  outer loop
    vertex 800.3817003022899 544.0807530873785 8.999999999994285
    vertex 825.3089200749162 543.0259755943611 8.999999999994316
    vertex 809.8453101886026 549.3213135333004 8.999999999994275
  endloop
endfacet
facet normal 5.992999927163815e-16 8.407843880353025e-16 1.0
  outer loop
    vertex 809.8453101886026 549.3213135333004 8.999999999994275
    vertex 825.3089200749162 543.0259755943611 8.999999999994316
    vertex 810.2595237509757 549.6391507784963 8.999999999994275
  endloop
endfacet
facet normal 5.992999927163815e-16 8.407843880353025e-16 1.0
  outer loop
    vertex 810.2595237509757 549.6391507784963 8.999999999994275
    vertex 825.3089200749162 543.0259755943611 8.999999999994316
    vertex 810.5773609961717 550.0533643408693 8.999999999994273
  endloop
endfacet
facet normal 5.992999927163815e-16 8.407843880353025e-16 1.0
  outer loop
    vertex 810.5773609961717 550.0533643408693 8.999999999994273
    vertex 825.3089200749162 543.0259755943611 8.999999999994316
    vertex 810.7771618411807 550.5357262506642 8.999999999994273
  endloop
endfacet
facet normal 5.992999927163815e-16 8.407843880353025e-16 1.0
  outer loop
    vertex 810.7771618411807 550.5357262506642 8.999999999994273
    vertex 825.3089200749162 543.0259755943611 8.999999999994316
    vertex 814.7407717274934 572.5083375041557 8.99999999999443
  endloop
endfacet
facet normal 5.992999927163815e-16 8.407843880353025e-16 1.0
  outer loop
    vertex 814.7407717274934 572.5083375041557 8.99999999999443
    vertex 825.3089200749162 543.0259755943611 8.999999999994316
    vertex 817.3089200749152 588.025975594361 8.999999999994413
  endloop
endfacet
facet normal 5.992999927163815e-16 8.407843880353025e-16 1.0
  outer loop
    vertex 817.3089200749152 588.025975594361 8.999999999994413
    vertex 825.3089200749162 543.0259755943611 8.999999999994316
    vertex 825.3089200749135 693.0259755943611 8.999999999994355
  endloop
endfacet
facet normal 5.992999927163815e-16 8.407843880353025e-16 1.0
  outer loop
    vertex 800.3817003022899 544.0807530873785 8.999999999994285
    vertex 809.8453101886026 549.3213135333004 8.999999999994275
    vertex 809.3629482788077 549.1215126882912 8.999999999994275
  endloop
endfacet
facet normal 5.992999927163815e-16 8.407843880353025e-16 1.0
  outer loop
    vertex 800.3817003022899 544.0807530873785 8.999999999994285
    vertex 809.3629482788077 549.1215126882912 8.999999999994275
    vertex 808.8453101886026 549.0533643408692 8.999999999994277
  endloop
endfacet
facet normal 5.992999927163815e-16 8.407843880353025e-16 1.0
  outer loop
    vertex 810.7771618411807 550.5357262506642 8.999999999994273
    vertex 814.7407717274934 572.5083375041557 8.99999999999443
    vertex 810.8453101886028 551.0533643408693 8.999999999994271
  endloop
endfacet
facet normal 5.992999927163815e-16 8.407843880353025e-16 1.0
  outer loop
    vertex 810.8453101886028 551.0533643408693 8.999999999994271
    vertex 814.7407717274934 572.5083375041557 8.99999999999443
    vertex 810.7771618411807 551.5710024310744 8.999999999994271
  endloop
endfacet
facet normal 5.992999927163815e-16 8.407843880353025e-16 1.0
  outer loop
    vertex 810.7771618411807 551.5710024310744 8.999999999994271
    vertex 814.7407717274934 572.5083375041557 8.99999999999443
    vertex 810.5773609961717 552.0533643408694 8.999999999994271
  endloop
endfacet
facet normal 5.992999927163815e-16 8.407843880353025e-16 1.0
  outer loop
    vertex 810.5773609961717 552.0533643408694 8.999999999994271
    vertex 814.7407717274934 572.5083375041557 8.99999999999443
    vertex 810.2595237509756 552.4675779032424 8.999999999994271
  endloop
endfacet
facet normal 5.992999927163815e-16 8.407843880353025e-16 1.0
  outer loop
    vertex 810.2595237509756 552.4675779032424 8.999999999994271
    vertex 814.7407717274934 572.5083375041557 8.99999999999443
    vertex 809.8453101886025 552.7854151484382 8.999999999994271
  endloop
endfacet
facet normal 5.992999927163815e-16 8.407843880353025e-16 1.0
  outer loop
    vertex 809.8453101886025 552.7854151484382 8.999999999994271
    vertex 814.7407717274934 572.5083375041557 8.99999999999443
    vertex 809.3629482788077 552.9852159934475 8.999999999994271
  endloop
endfacet
facet normal 5.992999927163815e-16 8.407843880353025e-16 1.0
  outer loop
    vertex 809.3629482788077 552.9852159934475 8.999999999994271
    vertex 814.7407717274934 572.5083375041557 8.99999999999443
    vertex 808.8453101886026 553.0533643408692 8.999999999994271
  endloop
endfacet
facet normal 5.992999927163815e-16 8.407843880353025e-16 1.0
  outer loop
    vertex 808.8453101886026 553.0533643408692 8.999999999994271
    vertex 814.7407717274934 572.5083375041557 8.99999999999443
    vertex 814.5409708824841 572.0259755943608 8.999999999994431
  endloop
endfacet
facet normal 5.992999927163815e-16 8.407843880353025e-16 1.0
  outer loop
    vertex 808.8453101886026 553.0533643408692 8.999999999994271
    vertex 814.5409708824841 572.0259755943608 8.999999999994431
    vertex 814.2231336372884 571.6117620319876 8.999999999994431
  endloop
endfacet
facet normal 5.992999927163815e-16 8.407843880353025e-16 1.0
  outer loop
    vertex 808.8453101886026 553.0533643408692 8.999999999994271
    vertex 814.2231336372884 571.6117620319876 8.999999999994431
    vertex 813.8089200749152 571.2939247867918 8.999999999994431
  endloop
endfacet
facet normal 5.992999927163815e-16 8.407843880353025e-16 1.0
  outer loop
    vertex 808.8453101886026 553.0533643408692 8.999999999994271
    vertex 813.8089200749152 571.2939247867918 8.999999999994431
    vertex 813.3265581651202 571.0941239417824 8.999999999994433
  endloop
endfacet
facet normal 5.992999927163815e-16 8.407843880353025e-16 1.0
  outer loop
    vertex 808.8453101886026 553.0533643408692 8.999999999994271
    vertex 813.3265581651202 571.0941239417824 8.999999999994433
    vertex 812.8089200749151 571.0259755943606 8.999999999994433
  endloop
endfacet
facet normal 5.992999927163815e-16 8.407843880353025e-16 1.0
  outer loop
    vertex 808.8453101886026 553.0533643408692 8.999999999994271
    vertex 812.8089200749151 571.0259755943606 8.999999999994433
    vertex 697.0778731388218 559.9058105728864 8.999999999994564
  endloop
endfacet
facet normal 5.992999927163815e-16 8.407843880353025e-16 1.0
  outer loop
    vertex 814.7407717274934 572.5083375041557 8.99999999999443
    vertex 817.3089200749152 588.025975594361 8.999999999994413
    vertex 814.8089200749152 573.0259755943608 8.99999999999443
  endloop
endfacet
facet normal 5.992999927163815e-16 8.407843880353025e-16 1.0
  outer loop
    vertex 814.8089200749152 573.0259755943608 8.99999999999443
    vertex 817.3089200749152 588.025975594361 8.999999999994413
    vertex 814.7407717274934 573.5436136845659 8.999999999994428
  endloop
endfacet
facet normal 5.992999927163815e-16 8.407843880353025e-16 1.0
  outer loop
    vertex 814.7407717274934 573.5436136845659 8.999999999994428
    vertex 817.3089200749152 588.025975594361 8.999999999994413
    vertex 814.5409708824841 574.025975594361 8.999999999994428
  endloop
endfacet
facet normal 5.992999927163815e-16 8.407843880353025e-16 1.0
  outer loop
    vertex 814.5409708824841 574.025975594361 8.999999999994428
    vertex 817.3089200749152 588.025975594361 8.999999999994413
    vertex 814.2231336372884 574.4401891567339 8.999999999994428
  endloop
endfacet
facet normal 5.992999927163815e-16 8.407843880353025e-16 1.0
  outer loop
    vertex 814.2231336372884 574.4401891567339 8.999999999994428
    vertex 817.3089200749152 588.025975594361 8.999999999994413
    vertex 813.8089200749151 574.7580264019297 8.999999999994428
  endloop
endfacet
facet normal 5.992999927163815e-16 8.407843880353025e-16 1.0
  outer loop
    vertex 813.8089200749151 574.7580264019297 8.999999999994428
    vertex 817.3089200749152 588.025975594361 8.999999999994413
    vertex 813.3265581651202 574.9578272469389 8.999999999994428
  endloop
endfacet
facet normal 5.992999927163815e-16 8.407843880353025e-16 1.0
  outer loop
    vertex 813.3265581651202 574.9578272469389 8.999999999994428
    vertex 817.3089200749152 588.025975594361 8.999999999994413
    vertex 812.8089200749151 575.0259755943608 8.999999999994428
  endloop
endfacet
facet normal 5.992999927163815e-16 8.407843880353025e-16 1.0
  outer loop
    vertex 812.8089200749151 575.0259755943608 8.999999999994428
    vertex 817.3089200749152 588.025975594361 8.999999999994413
    vertex 808.308920074915 588.0259755943606 8.99999999999442
  endloop
endfacet
facet normal 5.992999927163815e-16 8.407843880353025e-16 1.0
  outer loop
    vertex 817.3089200749152 588.025975594361 8.999999999994413
    vertex 825.3089200749135 693.0259755943611 8.999999999994355
    vertex 817.308920074914 663.025975594361 8.999999999994161
  endloop
endfacet
facet normal 5.992999927163815e-16 8.407843880353025e-16 1.0
  outer loop
    vertex 817.308920074914 663.025975594361 8.999999999994161
    vertex 825.3089200749135 693.0259755943611 8.999999999994355
    vertex 808.3089200749141 663.0259755943607 8.999999999994168
  endloop
endfacet
facet normal 5.992999927163815e-16 8.407843880353025e-16 1.0
  outer loop
    vertex 808.3089200749141 663.0259755943607 8.999999999994168
    vertex 825.3089200749135 693.0259755943611 8.999999999994355
    vertex 814.5409708824825 677.025975594361 8.99999999999415
  endloop
endfacet
facet normal 5.992999927163815e-16 8.407843880353025e-16 1.0
  outer loop
    vertex 808.3089200749141 663.0259755943607 8.999999999994168
    vertex 814.5409708824825 677.025975594361 8.99999999999415
    vertex 814.2231336372865 676.6117620319877 8.999999999994152
  endloop
endfacet
facet normal 5.992999927163815e-16 8.407843880353025e-16 1.0
  outer loop
    vertex 808.3089200749141 663.0259755943607 8.999999999994168
    vertex 814.2231336372865 676.6117620319877 8.999999999994152
    vertex 813.8089200749135 676.293924786792 8.999999999994152
  endloop
endfacet
facet normal 5.992999927163815e-16 8.407843880353025e-16 1.0
  outer loop
    vertex 808.3089200749141 663.0259755943607 8.999999999994168
    vertex 813.8089200749135 676.293924786792 8.999999999994152
    vertex 813.3265581651186 676.0941239417826 8.999999999994154
  endloop
endfacet
facet normal 5.992999927163815e-16 8.407843880353025e-16 1.0
  outer loop
    vertex 808.3089200749141 663.0259755943607 8.999999999994168
    vertex 813.3265581651186 676.0941239417826 8.999999999994154
    vertex 812.8089200749135 676.0259755943608 8.999999999994154
  endloop
endfacet
facet normal 5.992999927163815e-16 8.407843880353025e-16 1.0
  outer loop
    vertex 814.5409708824825 677.025975594361 8.99999999999415
    vertex 825.3089200749135 693.0259755943611 8.999999999994355
    vertex 814.7407717274916 677.5083375041559 8.99999999999415
  endloop
endfacet
facet normal 5.992999927163815e-16 8.407843880353025e-16 1.0
  outer loop
    vertex 814.7407717274916 677.5083375041559 8.99999999999415
    vertex 825.3089200749135 693.0259755943611 8.999999999994355
    vertex 814.8089200749134 678.025975594361 8.99999999999415
  endloop
endfacet
facet normal 5.992999927163815e-16 8.407843880353025e-16 1.0
  outer loop
    vertex 814.8089200749134 678.025975594361 8.99999999999415
    vertex 825.3089200749135 693.0259755943611 8.999999999994355
    vertex 814.7407717274916 678.543613684566 8.999999999994149
  endloop
endfacet
facet normal 5.992999927163815e-16 8.407843880353025e-16 1.0
  outer loop
    vertex 814.7407717274916 678.543613684566 8.999999999994149
    vertex 825.3089200749135 693.0259755943611 8.999999999994355
    vertex 814.5409708824825 679.0259755943608 8.999999999994149
  endloop
endfacet
facet normal 5.992999927163815e-16 8.407843880353025e-16 1.0
  outer loop
    vertex 814.5409708824825 679.0259755943608 8.999999999994149
    vertex 825.3089200749135 693.0259755943611 8.999999999994355
    vertex 814.2231336372865 679.4401891567339 8.999999999994149
  endloop
endfacet
facet normal 5.992999927163815e-16 8.407843880353025e-16 1.0
  outer loop
    vertex 814.2231336372865 679.4401891567339 8.999999999994149
    vertex 825.3089200749135 693.0259755943611 8.999999999994355
    vertex 813.8089200749135 679.7580264019297 8.999999999994149
  endloop
endfacet
facet normal 5.992999927163815e-16 8.407843880353025e-16 1.0
  outer loop
    vertex 813.8089200749135 679.7580264019297 8.999999999994149
    vertex 825.3089200749135 693.0259755943611 8.999999999994355
    vertex 813.3265581651186 679.957827246939 8.999999999994149
  endloop
endfacet
facet normal 5.992999927163815e-16 8.407843880353025e-16 1.0
  outer loop
    vertex 813.3265581651186 679.957827246939 8.999999999994149
    vertex 825.3089200749135 693.0259755943611 8.999999999994355
    vertex 812.8089200749135 680.0259755943608 8.999999999994149
  endloop
endfacet
facet normal 5.992999927163815e-16 8.407843880353025e-16 1.0
  outer loop
    vertex 812.8089200749135 680.0259755943608 8.999999999994149
    vertex 825.3089200749135 693.0259755943611 8.999999999994355
    vertex 645.3089200749135 693.0259755943582 8.999999999994294
  endloop
endfacet
facet normal 5.992999927163815e-16 8.407843880353025e-16 1.0
  outer loop
    vertex 645.3089200749135 693.0259755943582 8.999999999994294
    vertex 825.3089200749135 693.0259755943611 8.999999999994355
    vertex 685.6089200749136 693.0259755943589 8.999999999994447
  endloop
endfacet
facet normal 5.992999927163815e-16 8.407843880353025e-16 1.0
  outer loop
    vertex 685.6089200749136 693.0259755943589 8.999999999994447
    vertex 825.3089200749135 693.0259755943611 8.999999999994355
    vertex 795.0089200749136 693.0259755943606 8.999999999994195
  endloop
endfacet
facet normal 5.992999927163815e-16 8.407843880353025e-16 1.0
  outer loop
    vertex 685.6089200749136 693.0259755943589 8.999999999994447
    vertex 795.0089200749136 693.0259755943606 8.999999999994195
    vertex 795.0089200749136 694.0259755943605 8.999999999994147
  endloop
endfacet
facet normal 5.992999927163815e-16 8.407843880353025e-16 1.0
  outer loop
    vertex 685.6089200749136 693.0259755943589 8.999999999994447
    vertex 795.0089200749136 694.0259755943605 8.999999999994147
    vertex 685.6089200749136 694.0259755943589 8.999999999994401
  endloop
endfacet
facet normal 5.992999927163815e-16 8.407843880353025e-16 1.0
  outer loop
    vertex 685.6089200749136 694.0259755943589 8.999999999994401
    vertex 795.0089200749136 694.0259755943605 8.999999999994147
    vertex 795.0089200749136 697.0259755943606 8.99999999999428
  endloop
endfacet
facet normal 5.992999927163815e-16 8.407843880353025e-16 1.0
  outer loop
    vertex 685.6089200749136 694.0259755943589 8.999999999994401
    vertex 795.0089200749136 697.0259755943606 8.99999999999428
    vertex 685.6089200749135 697.0259755943589 8.999999999994444
  endloop
endfacet
facet normal 5.992999927163815e-16 8.407843880353025e-16 1.0
  outer loop
    vertex 697.0778731388218 559.9058105728864 8.999999999994564
    vertex 656.1874857132933 654.0164022866244 8.999999999994504
    vertex 693.3498544526565 558.4560255282664 8.99999999999457
  endloop
endfacet
facet normal 5.992999927163815e-16 8.407843880353025e-16 1.0
  outer loop
    vertex 656.1874857132933 654.0164022866244 8.999999999994504
    vertex 697.0778731388218 559.9058105728864 8.999999999994564
    vertex 811.8089200749152 571.2939247867919 8.999999999994433
  endloop
endfacet
facet normal 5.992999927163815e-16 8.407843880353025e-16 1.0
  outer loop
    vertex 811.8089200749152 571.2939247867919 8.999999999994433
    vertex 697.0778731388218 559.9058105728864 8.999999999994564
    vertex 812.29128198471 571.0941239417826 8.999999999994433
  endloop
endfacet
facet normal 5.992999927163815e-16 8.407843880353025e-16 1.0
  outer loop
    vertex 812.29128198471 571.0941239417826 8.999999999994433
    vertex 697.0778731388218 559.9058105728864 8.999999999994564
    vertex 812.8089200749151 571.0259755943606 8.999999999994433
  endloop
endfacet
facet normal 5.992999927163815e-16 8.407843880353025e-16 1.0
  outer loop
    vertex 656.1874857132933 654.0164022866244 8.999999999994504
    vertex 811.8089200749152 571.2939247867919 8.999999999994433
    vertex 811.394706512542 571.6117620319877 8.999999999994433
  endloop
endfacet
facet normal 5.992999927163815e-16 8.407843880353025e-16 1.0
  outer loop
    vertex 656.1874857132933 654.0164022866244 8.999999999994504
    vertex 811.394706512542 571.6117620319877 8.999999999994433
    vertex 811.0768692673462 572.025975594361 8.999999999994433
  endloop
endfacet
facet normal 5.992999927163815e-16 8.407843880353025e-16 1.0
  outer loop
    vertex 656.1874857132933 654.0164022866244 8.999999999994504
    vertex 811.0768692673462 572.025975594361 8.999999999994433
    vertex 810.877068422337 572.5083375041559 8.999999999994433
  endloop
endfacet
facet normal 5.992999927163815e-16 8.407843880353025e-16 1.0
  outer loop
    vertex 656.1874857132933 654.0164022866244 8.999999999994504
    vertex 810.877068422337 572.5083375041559 8.999999999994433
    vertex 810.8089200749151 573.0259755943608 8.999999999994433
  endloop
endfacet
facet normal 5.992999927163815e-16 8.407843880353025e-16 1.0
  outer loop
    vertex 656.1874857132933 654.0164022866244 8.999999999994504
    vertex 810.8089200749151 573.0259755943608 8.999999999994433
    vertex 810.877068422337 573.5436136845659 8.999999999994431
  endloop
endfacet
facet normal 5.992999927163815e-16 8.407843880353025e-16 1.0
  outer loop
    vertex 656.1874857132933 654.0164022866244 8.999999999994504
    vertex 810.877068422337 573.5436136845659 8.999999999994431
    vertex 811.0768692673462 574.0259755943611 8.999999999994431
  endloop
endfacet
facet normal 5.992999927163815e-16 8.407843880353025e-16 1.0
  outer loop
    vertex 656.1874857132933 654.0164022866244 8.999999999994504
    vertex 811.0768692673462 574.0259755943611 8.999999999994431
    vertex 811.394706512542 574.440189156734 8.99999999999443
  endloop
endfacet
facet normal 5.992999927163815e-16 8.407843880353025e-16 1.0
  outer loop
    vertex 656.1874857132933 654.0164022866244 8.999999999994504
    vertex 811.394706512542 574.440189156734 8.99999999999443
    vertex 811.808920074915 574.7580264019298 8.99999999999443
  endloop
endfacet
facet normal 5.992999927163815e-16 8.407843880353025e-16 1.0
  outer loop
    vertex 656.1874857132933 654.0164022866244 8.999999999994504
    vertex 811.808920074915 574.7580264019298 8.99999999999443
    vertex 812.29128198471 574.9578272469391 8.99999999999443
  endloop
endfacet
facet normal 5.992999927163815e-16 8.407843880353025e-16 1.0
  outer loop
    vertex 656.1874857132933 654.0164022866244 8.999999999994504
    vertex 812.29128198471 574.9578272469391 8.99999999999443
    vertex 812.8089200749151 575.0259755943608 8.999999999994428
  endloop
endfacet
facet normal 5.992999927163815e-16 8.407843880353025e-16 1.0
  outer loop
    vertex 656.1874857132933 654.0164022866244 8.999999999994504
    vertex 812.8089200749151 575.0259755943608 8.999999999994428
    vertex 808.308920074915 588.0259755943606 8.99999999999442
  endloop
endfacet
facet normal 5.992999927163815e-16 8.407843880353025e-16 1.0
  outer loop
    vertex 656.1874857132933 654.0164022866244 8.999999999994504
    vertex 808.308920074915 588.0259755943606 8.99999999999442
    vertex 808.3089200749141 663.0259755943607 8.999999999994168
  endloop
endfacet
facet normal 5.992999927163815e-16 8.407843880353025e-16 1.0
  outer loop
    vertex 656.1874857132933 654.0164022866244 8.999999999994504
    vertex 808.3089200749141 663.0259755943607 8.999999999994168
    vertex 659.9155043994587 655.4661873312443 8.9999999999945
  endloop
endfacet
facet normal 5.992999927163815e-16 8.407843880353025e-16 1.0
  outer loop
    vertex 659.9155043994587 655.4661873312443 8.9999999999945
    vertex 808.3089200749141 663.0259755943607 8.999999999994168
    vertex 645.3089200749135 693.0259755943582 8.999999999994294
  endloop
endfacet
facet normal 5.992999927163815e-16 8.407843880353025e-16 1.0
  outer loop
    vertex 645.3089200749135 693.0259755943582 8.999999999994294
    vertex 808.3089200749141 663.0259755943607 8.999999999994168
    vertex 812.8089200749135 676.0259755943608 8.999999999994154
  endloop
endfacet
facet normal 5.992999927163815e-16 8.407843880353025e-16 1.0
  outer loop
    vertex 645.3089200749135 693.0259755943582 8.999999999994294
    vertex 812.8089200749135 676.0259755943608 8.999999999994154
    vertex 812.2912819847086 676.0941239417826 8.999999999994154
  endloop
endfacet
facet normal 5.992999927163815e-16 8.407843880353025e-16 1.0
  outer loop
    vertex 645.3089200749135 693.0259755943582 8.999999999994294
    vertex 812.2912819847086 676.0941239417826 8.999999999994154
    vertex 811.8089200749137 676.293924786792 8.999999999994154
  endloop
endfacet
facet normal 5.992999927163815e-16 8.407843880353025e-16 1.0
  outer loop
    vertex 645.3089200749135 693.0259755943582 8.999999999994294
    vertex 811.8089200749137 676.293924786792 8.999999999994154
    vertex 811.3947065125407 676.6117620319877 8.999999999994154
  endloop
endfacet
facet normal 5.992999927163815e-16 8.407843880353025e-16 1.0
  outer loop
    vertex 645.3089200749135 693.0259755943582 8.999999999994294
    vertex 811.3947065125407 676.6117620319877 8.999999999994154
    vertex 811.0768692673446 677.0259755943608 8.999999999994154
  endloop
endfacet
facet normal 5.992999927163815e-16 8.407843880353025e-16 1.0
  outer loop
    vertex 645.3089200749135 693.0259755943582 8.999999999994294
    vertex 811.0768692673446 677.0259755943608 8.999999999994154
    vertex 810.8770684223355 677.5083375041559 8.999999999994154
  endloop
endfacet
facet normal 5.992999927163815e-16 8.407843880353025e-16 1.0
  outer loop
    vertex 645.3089200749135 693.0259755943582 8.999999999994294
    vertex 810.8770684223355 677.5083375041559 8.999999999994154
    vertex 810.8089200749137 678.025975594361 8.999999999994152
  endloop
endfacet
facet normal 5.992999927163815e-16 8.407843880353025e-16 1.0
  outer loop
    vertex 645.3089200749135 693.0259755943582 8.999999999994294
    vertex 810.8089200749137 678.025975594361 8.999999999994152
    vertex 810.8770684223355 678.543613684566 8.999999999994152
  endloop
endfacet
facet normal 5.992999927163815e-16 8.407843880353025e-16 1.0
  outer loop
    vertex 645.3089200749135 693.0259755943582 8.999999999994294
    vertex 810.8770684223355 678.543613684566 8.999999999994152
    vertex 811.0768692673446 679.0259755943608 8.999999999994152
  endloop
endfacet
facet normal 5.992999927163815e-16 8.407843880353025e-16 1.0
  outer loop
    vertex 645.3089200749135 693.0259755943582 8.999999999994294
    vertex 811.0768692673446 679.0259755943608 8.999999999994152
    vertex 811.3947065125406 679.4401891567339 8.99999999999415
  endloop
endfacet
facet normal 5.992999927163815e-16 8.407843880353025e-16 1.0
  outer loop
    vertex 645.3089200749135 693.0259755943582 8.999999999994294
    vertex 811.3947065125406 679.4401891567339 8.99999999999415
    vertex 811.8089200749135 679.7580264019297 8.99999999999415
  endloop
endfacet
facet normal 5.992999927163815e-16 8.407843880353025e-16 1.0
  outer loop
    vertex 645.3089200749135 693.0259755943582 8.999999999994294
    vertex 811.8089200749135 679.7580264019297 8.99999999999415
    vertex 812.2912819847085 679.957827246939 8.999999999994149
  endloop
endfacet
facet normal 5.992999927163815e-16 8.407843880353025e-16 1.0
  outer loop
    vertex 645.3089200749135 693.0259755943582 8.999999999994294
    vertex 812.2912819847085 679.957827246939 8.999999999994149
    vertex 812.8089200749135 680.0259755943608 8.999999999994149
  endloop
endfacet
facet normal 5.992999927163815e-16 8.407843880353025e-16 1.0
  outer loop
    vertex 715.3089200749163 513.0259755943596 8.999999999994552
    vertex 720.2845154696379 526.3727978195781 8.999999999994357
    vertex 697.0778731388218 559.9058105728864 8.999999999994564
  endloop
endfacet
facet normal 5.992999927163815e-16 8.407843880353025e-16 1.0
  outer loop
    vertex 720.2845154696379 526.3727978195781 8.999999999994357
    vertex 715.3089200749163 513.0259755943596 8.999999999994552
    vertex 720.6023527148338 525.958584257205 8.999999999994357
  endloop
endfacet
facet normal 5.992999927163815e-16 8.407843880353025e-16 1.0
  outer loop
    vertex 720.6023527148338 525.958584257205 8.999999999994357
    vertex 715.3089200749163 513.0259755943596 8.999999999994552
    vertex 721.0165662772068 525.6407470120092 8.999999999994357
  endloop
endfacet
facet normal 5.992999927163815e-16 8.407843880353025e-16 1.0
  outer loop
    vertex 721.0165662772068 525.6407470120092 8.999999999994357
    vertex 715.3089200749163 513.0259755943596 8.999999999994552
    vertex 721.4989281870018 525.440946167 8.999999999994357
  endloop
endfacet
facet normal 5.992999927163815e-16 8.407843880353025e-16 1.0
  outer loop
    vertex 721.4989281870018 525.440946167 8.999999999994357
    vertex 715.3089200749163 513.0259755943596 8.999999999994552
    vertex 722.0165662772068 525.3727978195781 8.999999999994357
  endloop
endfacet
facet normal 5.992999927163815e-16 8.407843880353025e-16 1.0
  outer loop
    vertex 697.0778731388218 559.9058105728864 8.999999999994564
    vertex 720.2845154696379 526.3727978195781 8.999999999994357
    vertex 720.0847146246288 526.8551597293731 8.999999999994355
  endloop
endfacet
facet normal 5.992999927163815e-16 8.407843880353025e-16 1.0
  outer loop
    vertex 697.0778731388218 559.9058105728864 8.999999999994564
    vertex 720.0847146246288 526.8551597293731 8.999999999994355
    vertex 720.016566277207 527.3727978195782 8.999999999994355
  endloop
endfacet
facet normal 5.992999927163815e-16 8.407843880353025e-16 1.0
  outer loop
    vertex 697.0778731388218 559.9058105728864 8.999999999994564
    vertex 720.016566277207 527.3727978195782 8.999999999994355
    vertex 720.0847146246288 527.8904359097833 8.999999999994355
  endloop
endfacet
facet normal 5.992999927163815e-16 8.407843880353025e-16 1.0
  outer loop
    vertex 697.0778731388218 559.9058105728864 8.999999999994564
    vertex 720.0847146246288 527.8904359097833 8.999999999994355
    vertex 720.2845154696379 528.3727978195782 8.999999999994353
  endloop
endfacet
facet normal 5.992999927163815e-16 8.407843880353025e-16 1.0
  outer loop
    vertex 697.0778731388218 559.9058105728864 8.999999999994564
    vertex 720.2845154696379 528.3727978195782 8.999999999994353
    vertex 720.6023527148337 528.7870113819512 8.999999999994353
  endloop
endfacet
facet normal 5.992999927163815e-16 8.407843880353025e-16 1.0
  outer loop
    vertex 697.0778731388218 559.9058105728864 8.999999999994564
    vertex 720.6023527148337 528.7870113819512 8.999999999994353
    vertex 721.0165662772068 529.104848627147 8.999999999994353
  endloop
endfacet
facet normal 5.992999927163815e-16 8.407843880353025e-16 1.0
  outer loop
    vertex 697.0778731388218 559.9058105728864 8.999999999994564
    vertex 721.0165662772068 529.104848627147 8.999999999994353
    vertex 721.4989281870016 529.3046494721563 8.999999999994397
  endloop
endfacet
facet normal 5.992999927163815e-16 8.407843880353025e-16 1.0
  outer loop
    vertex 697.0778731388218 559.9058105728864 8.999999999994564
    vertex 721.4989281870016 529.3046494721563 8.999999999994397
    vertex 722.0165662772067 529.3727978195781 8.999999999994397
  endloop
endfacet
facet normal 5.992999927163815e-16 8.407843880353025e-16 1.0
  outer loop
    vertex 697.0778731388218 559.9058105728864 8.999999999994564
    vertex 722.0165662772067 529.3727978195781 8.999999999994397
    vertex 730.4801761635197 534.3454090730692 8.999999999994568
  endloop
endfacet
facet normal 5.992999927163815e-16 8.407843880353025e-16 1.0
  outer loop
    vertex 697.0778731388218 559.9058105728864 8.999999999994564
    vertex 730.4801761635197 534.3454090730692 8.999999999994568
    vertex 798.0136436501606 552.7636274785181 8.999999999994278
  endloop
endfacet
facet normal 5.992999927163815e-16 8.407843880353025e-16 1.0
  outer loop
    vertex 697.0778731388218 559.9058105728864 8.999999999994564
    vertex 798.0136436501606 552.7636274785181 8.999999999994278
    vertex 807.8453101886026 552.7854151484379 8.999999999994273
  endloop
endfacet
facet normal 5.992999927163815e-16 8.407843880353025e-16 1.0
  outer loop
    vertex 697.0778731388218 559.9058105728864 8.999999999994564
    vertex 807.8453101886026 552.7854151484379 8.999999999994273
    vertex 808.3276720983976 552.9852159934472 8.999999999994271
  endloop
endfacet
facet normal 5.992999927163815e-16 8.407843880353025e-16 1.0
  outer loop
    vertex 697.0778731388218 559.9058105728864 8.999999999994564
    vertex 808.3276720983976 552.9852159934472 8.999999999994271
    vertex 808.8453101886026 553.0533643408692 8.999999999994271
  endloop
endfacet
facet normal 5.992999927163815e-16 8.407843880353025e-16 1.0
  outer loop
    vertex 732.8482328156488 525.6625346819297 8.999999999994348
    vertex 723.4307798395798 525.958584257205 8.999999999994353
    vertex 723.0165662772067 525.6407470120092 8.999999999994355
  endloop
endfacet
facet normal 5.992999927163815e-16 8.407843880353025e-16 1.0
  outer loop
    vertex 723.4307798395798 525.958584257205 8.999999999994353
    vertex 732.8482328156488 525.6625346819297 8.999999999994348
    vertex 730.4801761635197 534.3454090730692 8.999999999994568
  endloop
endfacet
facet normal 5.992999927163815e-16 8.407843880353025e-16 1.0
  outer loop
    vertex 723.4307798395798 525.958584257205 8.999999999994353
    vertex 730.4801761635197 534.3454090730692 8.999999999994568
    vertex 723.7486170847758 526.3727978195781 8.999999999994353
  endloop
endfacet
facet normal 5.992999927163815e-16 8.407843880353025e-16 1.0
  outer loop
    vertex 723.7486170847758 526.3727978195781 8.999999999994353
    vertex 730.4801761635197 534.3454090730692 8.999999999994568
    vertex 723.9484179297849 526.855159729373 8.9999999999944
  endloop
endfacet
facet normal 5.992999927163815e-16 8.407843880353025e-16 1.0
  outer loop
    vertex 723.9484179297849 526.855159729373 8.9999999999944
    vertex 730.4801761635197 534.3454090730692 8.999999999994568
    vertex 724.0165662772067 527.3727978195781 8.999999999994397
  endloop
endfacet
facet normal 5.992999927163815e-16 8.407843880353025e-16 1.0
  outer loop
    vertex 724.0165662772067 527.3727978195781 8.999999999994397
    vertex 730.4801761635197 534.3454090730692 8.999999999994568
    vertex 723.9484179297849 527.890435909783 8.999999999994397
  endloop
endfacet
facet normal 5.992999927163815e-16 8.407843880353025e-16 1.0
  outer loop
    vertex 723.9484179297849 527.890435909783 8.999999999994397
    vertex 730.4801761635197 534.3454090730692 8.999999999994568
    vertex 723.7486170847758 528.3727978195782 8.999999999994351
  endloop
endfacet
facet normal 5.992999927163815e-16 8.407843880353025e-16 1.0
  outer loop
    vertex 723.7486170847758 528.3727978195782 8.999999999994351
    vertex 730.4801761635197 534.3454090730692 8.999999999994568
    vertex 723.4307798395797 528.7870113819512 8.999999999994397
  endloop
endfacet
facet normal 5.992999927163815e-16 8.407843880353025e-16 1.0
  outer loop
    vertex 723.4307798395797 528.7870113819512 8.999999999994397
    vertex 730.4801761635197 534.3454090730692 8.999999999994568
    vertex 723.0165662772067 529.104848627147 8.999999999994397
  endloop
endfacet
facet normal 5.992999927163815e-16 8.407843880353025e-16 1.0
  outer loop
    vertex 723.0165662772067 529.104848627147 8.999999999994397
    vertex 730.4801761635197 534.3454090730692 8.999999999994568
    vertex 722.5342043674118 529.3046494721563 8.999999999994397
  endloop
endfacet
facet normal 5.992999927163815e-16 8.407843880353025e-16 1.0
  outer loop
    vertex 722.5342043674118 529.3046494721563 8.999999999994397
    vertex 730.4801761635197 534.3454090730692 8.999999999994568
    vertex 722.0165662772067 529.3727978195781 8.999999999994397
  endloop
endfacet
facet normal -1.5210055437364645e-14 1.0 -2.775557561562786e-16
  outer loop
    vertex 645.3089200749135 693.0259755943582 -5.689893001203925e-12
    vertex 685.6089200749136 693.0259755943589 8.999999999994447
    vertex 685.6089200749136 693.0259755943589 -5.536260339056296e-12
  endloop
endfacet
facet normal -1.5210055437364645e-14 1.0 -2.775557561562786e-16
  outer loop
    vertex 685.6089200749136 693.0259755943589 8.999999999994447
    vertex 645.3089200749135 693.0259755943582 -5.689893001203925e-12
    vertex 645.3089200749135 693.0259755943582 8.999999999994294
  endloop
endfacet
facet normal -1.5210055437364645e-14 1.0 -2.7755575615627937e-16
  outer loop
    vertex 685.6089200749135 697.0259755943589 -5.540035097340022e-12
    vertex 795.0089200749136 697.0259755943606 8.99999999999428
    vertex 795.0089200749136 697.0259755943606 -5.838507455280248e-12
  endloop
endfacet
facet normal -1.5210055437364645e-14 1.0 -2.7755575615627937e-16
  outer loop
    vertex 795.0089200749136 697.0259755943606 8.99999999999428
    vertex 685.6089200749135 697.0259755943589 -5.540035097340022e-12
    vertex 685.6089200749135 697.0259755943589 8.999999999994444
  endloop
endfacet
facet normal -1.0 -1.5210055437364648e-14 3.3306690738754494e-16
  outer loop
    vertex 685.6089200749136 693.0259755943589 8.999999999994447
    vertex 685.6089200749135 697.0259755943589 -5.540035097340022e-12
    vertex 685.6089200749136 693.0259755943589 -5.536260339056296e-12
  endloop
endfacet
facet normal -1.0 -1.5210055437364648e-14 3.3306690738754494e-16
  outer loop
    vertex 685.6089200749135 697.0259755943589 -5.540035097340022e-12
    vertex 685.6089200749136 693.0259755943589 8.999999999994447
    vertex 685.6089200749136 694.0259755943589 8.999999999994401
  endloop
endfacet
facet normal -1.0 -1.5210055437364648e-14 3.3306690738754494e-16
  outer loop
    vertex 685.6089200749135 697.0259755943589 8.999999999994444
    vertex 685.6089200749135 697.0259755943589 -5.540035097340022e-12
    vertex 685.6089200749136 694.0259755943589 8.999999999994401
  endloop
endfacet
facet normal 1.0 1.5210055437364648e-14 -9.59726125731521e-16
  outer loop
    vertex 795.0089200749136 697.0259755943606 8.99999999999428
    vertex 795.0089200749136 693.0259755943606 -5.8347326969965234e-12
    vertex 795.0089200749136 697.0259755943606 -5.838507455280248e-12
  endloop
endfacet
facet normal 1.0 1.5210055437364648e-14 -9.59726125731521e-16
  outer loop
    vertex 795.0089200749136 693.0259755943606 -5.8347326969965234e-12
    vertex 795.0089200749136 697.0259755943606 8.99999999999428
    vertex 795.0089200749136 694.0259755943605 8.999999999994147
  endloop
endfacet
facet normal 1.0 1.5210055437364648e-14 -9.59726125731521e-16
  outer loop
    vertex 795.0089200749136 693.0259755943606 8.999999999994195
    vertex 795.0089200749136 693.0259755943606 -5.8347326969965234e-12
    vertex 795.0089200749136 694.0259755943605 8.999999999994147
  endloop
endfacet
facet normal 6.072303154130208e-16 8.814985778352964e-16 1.0
  outer loop
    vertex 817.3089200749152 588.025975594361 4.9999999999944205
    vertex 808.3089200749141 663.0259755943607 4.999999999994175
    vertex 808.308920074915 588.0259755943606 4.999999999994427
  endloop
endfacet
facet normal 6.072303154130208e-16 8.814985778352964e-16 1.0
  outer loop
    vertex 808.3089200749141 663.0259755943607 4.999999999994175
    vertex 817.3089200749152 588.025975594361 4.9999999999944205
    vertex 817.308920074914 663.025975594361 4.99999999999417
  endloop
endfacet
facet normal -1.0 -1.5210055437364648e-14 6.072303154130349e-16
  outer loop
    vertex 817.3089200749152 588.025975594361 4.9999999999944205
    vertex 817.308920074914 663.025975594361 8.999999999994161
    vertex 817.308920074914 663.025975594361 4.99999999999417
  endloop
endfacet
facet normal -1.0 -1.5210055437364648e-14 6.072303154130349e-16
  outer loop
    vertex 817.308920074914 663.025975594361 8.999999999994161
    vertex 817.3089200749152 588.025975594361 4.9999999999944205
    vertex 817.3089200749152 588.025975594361 8.999999999994413
  endloop
endfacet
facet normal 1.5210055437364645e-14 -1.0 8.814985778352872e-16
  outer loop
    vertex 808.3089200749141 663.0259755943607 8.999999999994168
    vertex 817.308920074914 663.025975594361 4.99999999999417
    vertex 817.308920074914 663.025975594361 8.999999999994161
  endloop
endfacet
facet normal 1.5210055437364645e-14 -1.0 8.814985778352872e-16
  outer loop
    vertex 817.308920074914 663.025975594361 4.99999999999417
    vertex 808.3089200749141 663.0259755943607 8.999999999994168
    vertex 808.3089200749141 663.0259755943607 4.999999999994175
  endloop
endfacet
facet normal 1.0 1.5210055437364648e-14 -6.072303154130349e-16
  outer loop
    vertex 808.3089200749141 663.0259755943607 8.999999999994168
    vertex 808.308920074915 588.0259755943606 4.999999999994427
    vertex 808.3089200749141 663.0259755943607 4.999999999994175
  endloop
endfacet
facet normal 1.0 1.5210055437364648e-14 -6.072303154130349e-16
  outer loop
    vertex 808.308920074915 588.0259755943606 4.999999999994427
    vertex 808.3089200749141 663.0259755943607 8.999999999994168
    vertex 808.308920074915 588.0259755943606 8.99999999999442
  endloop
endfacet
facet normal -1.5210055437364645e-14 1.0 -8.814985778352872e-16
  outer loop
    vertex 808.308920074915 588.0259755943606 4.999999999994427
    vertex 817.3089200749152 588.025975594361 8.999999999994413
    vertex 817.3089200749152 588.025975594361 4.9999999999944205
  endloop
endfacet
facet normal -1.5210055437364645e-14 1.0 -8.814985778352872e-16
  outer loop
    vertex 817.3089200749152 588.025975594361 8.999999999994413
    vertex 808.308920074915 588.0259755943606 4.999999999994427
    vertex 808.308920074915 588.0259755943606 8.99999999999442
  endloop
endfacet
facet normal 5.991279091691078e-16 8.474270889250472e-16 1.0
  outer loop
    vertex 800.3817003022899 544.0807530873785 4.9999999999942935
    vertex 730.4801761635196 534.3454090730692 4.999999999994574
    vertex 732.8482328156488 525.6625346819297 4.999999999994355
  endloop
endfacet
facet normal 5.991279091691078e-16 8.474270889250472e-16 1.0
  outer loop
    vertex 730.4801761635196 534.3454090730692 4.999999999994574
    vertex 800.3817003022899 544.0807530873785 4.9999999999942935
    vertex 798.0136436501607 552.7636274785181 4.999999999994286
  endloop
endfacet
facet normal -0.9647638212377282 -0.26311740579212334 8.009897482960889e-16
  outer loop
    vertex 800.3817003022899 544.0807530873785 8.999999999994285
    vertex 798.0136436501607 552.7636274785181 4.999999999994286
    vertex 800.3817003022899 544.0807530873785 4.9999999999942935
  endloop
endfacet
facet normal -0.9647638212377282 -0.26311740579212334 8.009897482960889e-16
  outer loop
    vertex 798.0136436501607 552.7636274785181 4.999999999994286
    vertex 800.3817003022899 544.0807530873785 8.999999999994285
    vertex 798.0136436501606 552.7636274785181 8.999999999994278
  endloop
endfacet
facet normal 0.2631174057921233 -0.9647638212377283 6.599260153334575e-16
  outer loop
    vertex 798.0136436501606 552.7636274785181 8.999999999994278
    vertex 730.4801761635196 534.3454090730692 4.999999999994574
    vertex 798.0136436501607 552.7636274785181 4.999999999994286
  endloop
endfacet
facet normal 0.2631174057921233 -0.9647638212377283 6.599260153334575e-16
  outer loop
    vertex 730.4801761635196 534.3454090730692 4.999999999994574
    vertex 798.0136436501606 552.7636274785181 8.999999999994278
    vertex 730.4801761635197 534.3454090730692 8.999999999994568
  endloop
endfacet
facet normal 0.964763821237728 0.2631174057921247 -8.0098974829609e-16
  outer loop
    vertex 730.4801761635196 534.3454090730692 4.999999999994574
    vertex 732.8482328156488 525.6625346819297 8.999999999994348
    vertex 732.8482328156488 525.6625346819297 4.999999999994355
  endloop
endfacet
facet normal 0.964763821237728 0.2631174057921247 -8.0098974829609e-16
  outer loop
    vertex 732.8482328156488 525.6625346819297 8.999999999994348
    vertex 730.4801761635196 534.3454090730692 4.999999999994574
    vertex 730.4801761635197 534.3454090730692 8.999999999994568
  endloop
endfacet
facet normal -0.26311740579212395 0.9647638212377282 -6.599260153334571e-16
  outer loop
    vertex 800.3817003022899 544.0807530873785 4.9999999999942935
    vertex 732.8482328156488 525.6625346819297 8.999999999994348
    vertex 800.3817003022899 544.0807530873785 8.999999999994285
  endloop
endfacet
facet normal -0.26311740579212395 0.9647638212377282 -6.599260153334571e-16
  outer loop
    vertex 732.8482328156488 525.6625346819297 8.999999999994348
    vertex 800.3817003022899 544.0807530873785 4.9999999999942935
    vertex 732.8482328156488 525.6625346819297 4.999999999994355
  endloop
endfacet
facet normal -0.9320046715412903 -0.36244626115496287 4.796988333204559e-16
  outer loop
    vertex 659.9155043994587 655.4661873312443 -5.483700305587512e-12
    vertex 645.3089200749135 693.0259755943582 8.999999999994294
    vertex 645.3089200749135 693.0259755943582 -5.689893001203925e-12
  endloop
endfacet
facet normal -0.9320046715412903 -0.36244626115496287 4.796988333204559e-16
  outer loop
    vertex 645.3089200749135 693.0259755943582 8.999999999994294
    vertex 659.9155043994587 655.4661873312443 -5.483700305587512e-12
    vertex 659.9155043994587 655.4661873312443 8.9999999999945
  endloop
endfacet
facet normal -0.9320046715412905 -0.36244626115496253 2.9655250367095436e-16
  outer loop
    vertex 693.3498544526565 558.4560255282664 8.99999999999457
    vertex 656.1874857132933 654.0164022866244 -5.4798487992518434e-12
    vertex 693.3498544526565 558.4560255282664 -5.414424578765138e-12
  endloop
endfacet
facet normal -0.9320046715412905 -0.36244626115496253 2.9655250367095436e-16
  outer loop
    vertex 656.1874857132933 654.0164022866244 -5.4798487992518434e-12
    vertex 693.3498544526565 558.4560255282664 8.99999999999457
    vertex 656.1874857132933 654.0164022866244 8.999999999994504
  endloop
endfacet
facet normal -0.3624462611549626 0.9320046715412906 -7.220137250147768e-16
  outer loop
    vertex 656.1874857132933 654.0164022866244 -5.4798487992518434e-12
    vertex 659.9155043994587 655.4661873312443 8.9999999999945
    vertex 659.9155043994587 655.4661873312443 -5.483700305587512e-12
  endloop
endfacet
facet normal -0.3624462611549626 0.9320046715412906 -7.220137250147768e-16
  outer loop
    vertex 659.9155043994587 655.4661873312443 8.9999999999945
    vertex 656.1874857132933 654.0164022866244 -5.4798487992518434e-12
    vertex 656.1874857132933 654.0164022866244 8.999999999994504
  endloop
endfacet
facet normal 0.3624462611549626 -0.9320046715412906 1.3796440605377183e-16
  outer loop
    vertex 693.3498544526565 558.4560255282664 8.99999999999457
    vertex 697.0778731388218 559.9058105728863 -5.418276085100806e-12
    vertex 697.0778731388218 559.9058105728864 8.999999999994564
  endloop
endfacet
facet normal 0.3624462611549626 -0.9320046715412906 1.3796440605377183e-16
  outer loop
    vertex 697.0778731388218 559.9058105728863 -5.418276085100806e-12
    vertex 693.3498544526565 558.4560255282664 8.99999999999457
    vertex 693.3498544526565 558.4560255282664 -5.414424578765138e-12
  endloop
endfacet
facet normal -0.9914448613738197 -0.13052619221998144 0.0
  outer loop
    vertex 724.0165662772067 527.3727978195781 8.999999999994397
    vertex 723.9484179297849 527.890435909783 -5.6315602070322946e-12
    vertex 724.0165662772067 527.3727978195781 -5.6311171132836905e-12
  endloop
endfacet
facet normal -0.9914448613738197 -0.13052619221998144 0.0
  outer loop
    vertex 723.9484179297849 527.890435909783 -5.6315602070322946e-12
    vertex 724.0165662772067 527.3727978195781 8.999999999994397
    vertex 723.9484179297849 527.890435909783 8.999999999994397
  endloop
endfacet
facet normal -0.9238795325113865 -0.3826834323648494 3.94430452610506e-31
  outer loop
    vertex 723.9484179297849 527.890435909783 8.999999999994397
    vertex 723.7486170847757 528.3727978195782 -5.631882312836902e-12
    vertex 723.9484179297849 527.890435909783 -5.6315602070322946e-12
  endloop
endfacet
facet normal -0.9238795325113865 -0.3826834323648494 3.94430452610506e-31
  outer loop
    vertex 723.7486170847757 528.3727978195782 -5.631882312836902e-12
    vertex 723.9484179297849 527.890435909783 8.999999999994397
    vertex 723.7486170847758 528.3727978195782 8.999999999994351
  endloop
endfacet
facet normal -0.7933533402910526 -0.6087614290089584 -1.972152263052529e-31
  outer loop
    vertex 723.7486170847758 528.3727978195782 8.999999999994351
    vertex 723.4307798395797 528.7870113819512 -5.632061479719231e-12
    vertex 723.7486170847757 528.3727978195782 -5.631882312836902e-12
  endloop
endfacet
facet normal -0.7933533402910526 -0.6087614290089584 -1.972152263052529e-31
  outer loop
    vertex 723.4307798395797 528.7870113819512 -5.632061479719231e-12
    vertex 723.7486170847758 528.3727978195782 8.999999999994351
    vertex 723.4307798395797 528.7870113819512 8.999999999994397
  endloop
endfacet
facet normal -0.6087614290087409 -0.7933533402912196 5.9164567891575885e-31
  outer loop
    vertex 723.0165662772067 529.104848627147 8.999999999994397
    vertex 723.4307798395797 528.7870113819512 -5.632061479719231e-12
    vertex 723.4307798395797 528.7870113819512 8.999999999994397
  endloop
endfacet
facet normal -0.6087614290087409 -0.7933533402912196 5.9164567891575885e-31
  outer loop
    vertex 723.4307798395797 528.7870113819512 -5.632061479719231e-12
    vertex 723.0165662772067 529.104848627147 8.999999999994397
    vertex 723.0165662772067 529.104848627147 -5.632085497752341e-12
  endloop
endfacet
facet normal -0.3826834323652056 -0.923879532511239 7.88860905221012e-31
  outer loop
    vertex 722.5342043674118 529.3046494721563 8.999999999994397
    vertex 723.0165662772067 529.104848627147 -5.632085497752341e-12
    vertex 723.0165662772067 529.104848627147 8.999999999994397
  endloop
endfacet
facet normal -0.3826834323652056 -0.923879532511239 7.88860905221012e-31
  outer loop
    vertex 723.0165662772067 529.104848627147 -5.632085497752341e-12
    vertex 722.5342043674118 529.3046494721563 8.999999999994397
    vertex 722.5342043674118 529.3046494721563 -5.631952730146965e-12
  endloop
endfacet
facet normal -0.13052619221998144 -0.9914448613738197 1.9721522630525295e-31
  outer loop
    vertex 722.0165662772067 529.3727978195781 8.999999999994397
    vertex 722.5342043674118 529.3046494721563 -5.631952730146965e-12
    vertex 722.5342043674118 529.3046494721563 8.999999999994397
  endloop
endfacet
facet normal -0.13052619221998144 -0.9914448613738197 1.9721522630525295e-31
  outer loop
    vertex 722.5342043674118 529.3046494721563 -5.631952730146965e-12
    vertex 722.0165662772067 529.3727978195781 8.999999999994397
    vertex 722.0165662772067 529.3727978195781 -5.631672224796003e-12
  endloop
endfacet
facet normal 0.13052619221998144 -0.9914448613738197 2.9582283945787943e-31
  outer loop
    vertex 721.4989281870016 529.3046494721563 8.999999999994397
    vertex 722.0165662772067 529.3727978195781 -5.631672224796003e-12
    vertex 722.0165662772067 529.3727978195781 8.999999999994397
  endloop
endfacet
facet normal 0.13052619221998144 -0.9914448613738197 2.9582283945787943e-31
  outer loop
    vertex 722.0165662772067 529.3727978195781 -5.631672224796003e-12
    vertex 721.4989281870016 529.3046494721563 8.999999999994397
    vertex 721.4989281870016 529.3046494721563 -5.631263097675563e-12
  endloop
endfacet
facet normal 0.3826834323652056 -0.923879532511239 -3.94430452610506e-31
  outer loop
    vertex 721.0165662772068 529.104848627147 8.999999999994353
    vertex 721.4989281870016 529.3046494721563 -5.631263097675563e-12
    vertex 721.4989281870016 529.3046494721563 8.999999999994397
  endloop
endfacet
facet normal 0.3826834323652056 -0.923879532511239 -3.94430452610506e-31
  outer loop
    vertex 721.4989281870016 529.3046494721563 -5.631263097675563e-12
    vertex 721.0165662772068 529.104848627147 8.999999999994353
    vertex 721.0165662772068 529.1048486271469 -5.630753230122791e-12
  endloop
endfacet
facet normal 0.6087614290087409 -0.7933533402912196 9.860761315262648e-32
  outer loop
    vertex 720.6023527148337 528.7870113819512 8.999999999994353
    vertex 721.0165662772068 529.1048486271469 -5.630753230122791e-12
    vertex 721.0165662772068 529.104848627147 8.999999999994353
  endloop
endfacet
facet normal 0.6087614290087409 -0.7933533402912196 9.860761315262648e-32
  outer loop
    vertex 721.0165662772068 529.1048486271469 -5.630753230122791e-12
    vertex 720.6023527148337 528.7870113819512 8.999999999994353
    vertex 720.6023527148337 528.7870113819511 -5.630177368768811e-12
  endloop
endfacet
facet normal 0.7933533402911168 -0.608761429008875 -2.9582283945787943e-31
  outer loop
    vertex 720.6023527148337 528.7870113819512 8.999999999994353
    vertex 720.2845154696379 528.3727978195781 -5.629574757613241e-12
    vertex 720.6023527148337 528.7870113819511 -5.630177368768811e-12
  endloop
endfacet
facet normal 0.7933533402911168 -0.608761429008875 -2.9582283945787943e-31
  outer loop
    vertex 720.2845154696379 528.3727978195781 -5.629574757613241e-12
    vertex 720.6023527148337 528.7870113819512 8.999999999994353
    vertex 720.2845154696379 528.3727978195782 8.999999999994353
  endloop
endfacet
facet normal 0.9238795325113612 -0.38268343236491054 -1.4791141972893976e-31
  outer loop
    vertex 720.2845154696379 528.3727978195782 8.999999999994353
    vertex 720.0847146246288 527.8904359097832 -5.6289864636104724e-12
    vertex 720.2845154696379 528.3727978195781 -5.629574757613241e-12
  endloop
endfacet
facet normal 0.9238795325113612 -0.38268343236491054 -1.4791141972893976e-31
  outer loop
    vertex 720.0847146246288 527.8904359097832 -5.6289864636104724e-12
    vertex 720.2845154696379 528.3727978195782 8.999999999994353
    vertex 720.0847146246288 527.8904359097833 8.999999999994355
  endloop
endfacet
facet normal 0.9914448613738197 -0.13052619221998144 -3.944304526105059e-31
  outer loop
    vertex 720.0847146246288 527.8904359097833 8.999999999994355
    vertex 720.016566277207 527.3727978195781 -5.62845257802459e-12
    vertex 720.0847146246288 527.8904359097832 -5.6289864636104724e-12
  endloop
endfacet
facet normal 0.9914448613738197 -0.13052619221998144 -3.944304526105059e-31
  outer loop
    vertex 720.016566277207 527.3727978195781 -5.62845257802459e-12
    vertex 720.0847146246288 527.8904359097833 8.999999999994355
    vertex 720.016566277207 527.3727978195782 8.999999999994355
  endloop
endfacet
facet normal 0.9914448613738197 0.13052619221998144 0.0
  outer loop
    vertex 720.016566277207 527.3727978195782 8.999999999994355
    vertex 720.0847146246288 526.855159729373 -5.628009484275985e-12
    vertex 720.016566277207 527.3727978195781 -5.62845257802459e-12
  endloop
endfacet
facet normal 0.9914448613738197 0.13052619221998144 0.0
  outer loop
    vertex 720.0847146246288 526.855159729373 -5.628009484275985e-12
    vertex 720.016566277207 527.3727978195782 8.999999999994355
    vertex 720.0847146246288 526.8551597293731 8.999999999994355
  endloop
endfacet
facet normal 0.9238795325113865 0.3826834323648494 -3.94430452610506e-31
  outer loop
    vertex 720.0847146246288 526.8551597293731 8.999999999994355
    vertex 720.2845154696379 526.372797819578 -5.6276873784713785e-12
    vertex 720.0847146246288 526.855159729373 -5.628009484275985e-12
  endloop
endfacet
facet normal 0.9238795325113865 0.3826834323648494 -3.94430452610506e-31
  outer loop
    vertex 720.2845154696379 526.372797819578 -5.6276873784713785e-12
    vertex 720.0847146246288 526.8551597293731 8.999999999994355
    vertex 720.2845154696379 526.3727978195781 8.999999999994357
  endloop
endfacet
facet normal 0.7933533402910526 0.6087614290089584 1.972152263052529e-31
  outer loop
    vertex 720.2845154696379 526.3727978195781 8.999999999994357
    vertex 720.6023527148338 525.958584257205 -5.627508211589049e-12
    vertex 720.2845154696379 526.372797819578 -5.6276873784713785e-12
  endloop
endfacet
facet normal 0.7933533402910526 0.6087614290089584 1.972152263052529e-31
  outer loop
    vertex 720.6023527148338 525.958584257205 -5.627508211589049e-12
    vertex 720.2845154696379 526.3727978195781 8.999999999994357
    vertex 720.6023527148338 525.958584257205 8.999999999994357
  endloop
endfacet
facet normal 0.6087614290087409 0.7933533402912196 -5.9164567891575885e-31
  outer loop
    vertex 720.6023527148338 525.958584257205 -5.627508211589049e-12
    vertex 721.0165662772068 525.6407470120092 8.999999999994357
    vertex 721.0165662772068 525.6407470120091 -5.627484193555939e-12
  endloop
endfacet
facet normal 0.6087614290087409 0.7933533402912196 -5.9164567891575885e-31
  outer loop
    vertex 721.0165662772068 525.6407470120092 8.999999999994357
    vertex 720.6023527148338 525.958584257205 -5.627508211589049e-12
    vertex 720.6023527148338 525.958584257205 8.999999999994357
  endloop
endfacet
facet normal 0.3826834323652056 0.923879532511239 -7.88860905221012e-31
  outer loop
    vertex 721.0165662772068 525.6407470120091 -5.627484193555939e-12
    vertex 721.4989281870018 525.440946167 8.999999999994357
    vertex 721.4989281870018 525.440946167 -5.627616961161314e-12
  endloop
endfacet
facet normal 0.3826834323652056 0.923879532511239 -7.88860905221012e-31
  outer loop
    vertex 721.4989281870018 525.440946167 8.999999999994357
    vertex 721.0165662772068 525.6407470120091 -5.627484193555939e-12
    vertex 721.0165662772068 525.6407470120092 8.999999999994357
  endloop
endfacet
facet normal 0.13052619221998144 0.9914448613738197 -1.9721522630525295e-31
  outer loop
    vertex 721.4989281870018 525.440946167 -5.627616961161314e-12
    vertex 722.0165662772068 525.3727978195781 8.999999999994357
    vertex 722.0165662772068 525.3727978195781 -5.6278974665122776e-12
  endloop
endfacet
facet normal 0.13052619221998144 0.9914448613738197 -1.9721522630525295e-31
  outer loop
    vertex 722.0165662772068 525.3727978195781 8.999999999994357
    vertex 721.4989281870018 525.440946167 -5.627616961161314e-12
    vertex 721.4989281870018 525.440946167 8.999999999994357
  endloop
endfacet
facet normal -0.13052619221998144 0.9914448613738197 -2.9582283945787943e-31
  outer loop
    vertex 722.0165662772068 525.3727978195781 -5.6278974665122776e-12
    vertex 722.5342043674119 525.440946167 8.999999999994355
    vertex 722.5342043674119 525.440946167 -5.6283065936327166e-12
  endloop
endfacet
facet normal -0.13052619221998144 0.9914448613738197 -2.9582283945787943e-31
  outer loop
    vertex 722.5342043674119 525.440946167 8.999999999994355
    vertex 722.0165662772068 525.3727978195781 -5.6278974665122776e-12
    vertex 722.0165662772068 525.3727978195781 8.999999999994357
  endloop
endfacet
facet normal -0.3826834323652056 0.923879532511239 3.94430452610506e-31
  outer loop
    vertex 722.5342043674119 525.440946167 -5.6283065936327166e-12
    vertex 723.0165662772067 525.6407470120092 8.999999999994355
    vertex 723.0165662772067 525.6407470120092 -5.628816461185489e-12
  endloop
endfacet
facet normal -0.3826834323652056 0.923879532511239 3.94430452610506e-31
  outer loop
    vertex 723.0165662772067 525.6407470120092 8.999999999994355
    vertex 722.5342043674119 525.440946167 -5.6283065936327166e-12
    vertex 722.5342043674119 525.440946167 8.999999999994355
  endloop
endfacet
facet normal -0.6087614290087409 0.7933533402912196 -9.860761315262648e-32
  outer loop
    vertex 723.0165662772067 525.6407470120092 -5.628816461185489e-12
    vertex 723.4307798395798 525.958584257205 8.999999999994353
    vertex 723.4307798395798 525.958584257205 -5.629392322539469e-12
  endloop
endfacet
facet normal -0.6087614290087409 0.7933533402912196 -9.860761315262648e-32
  outer loop
    vertex 723.4307798395798 525.958584257205 8.999999999994353
    vertex 723.0165662772067 525.6407470120092 -5.628816461185489e-12
    vertex 723.0165662772067 525.6407470120092 8.999999999994355
  endloop
endfacet
facet normal -0.7933533402911168 0.608761429008875 2.9582283945787943e-31
  outer loop
    vertex 723.4307798395798 525.958584257205 8.999999999994353
    vertex 723.7486170847758 526.3727978195781 -5.629994933695039e-12
    vertex 723.4307798395798 525.958584257205 -5.629392322539469e-12
  endloop
endfacet
facet normal -0.7933533402911168 0.608761429008875 2.9582283945787943e-31
  outer loop
    vertex 723.7486170847758 526.3727978195781 -5.629994933695039e-12
    vertex 723.4307798395798 525.958584257205 8.999999999994353
    vertex 723.7486170847758 526.3727978195781 8.999999999994353
  endloop
endfacet
facet normal -0.9238795325113612 0.38268343236491054 1.4791141972893976e-31
  outer loop
    vertex 723.7486170847758 526.3727978195781 8.999999999994353
    vertex 723.9484179297849 526.855159729373 -5.630583227697808e-12
    vertex 723.7486170847758 526.3727978195781 -5.629994933695039e-12
  endloop
endfacet
facet normal -0.9238795325113612 0.38268343236491054 1.4791141972893976e-31
  outer loop
    vertex 723.9484179297849 526.855159729373 -5.630583227697808e-12
    vertex 723.7486170847758 526.3727978195781 8.999999999994353
    vertex 723.9484179297849 526.855159729373 8.9999999999944
  endloop
endfacet
facet normal -0.9914448613738197 0.13052619221998144 3.944304526105059e-31
  outer loop
    vertex 723.9484179297849 526.855159729373 8.9999999999944
    vertex 724.0165662772067 527.3727978195781 -5.6311171132836905e-12
    vertex 723.9484179297849 526.855159729373 -5.630583227697808e-12
  endloop
endfacet
facet normal -0.9914448613738197 0.13052619221998144 3.944304526105059e-31
  outer loop
    vertex 724.0165662772067 527.3727978195781 -5.6311171132836905e-12
    vertex 723.9484179297849 526.855159729373 8.9999999999944
    vertex 724.0165662772067 527.3727978195781 8.999999999994397
  endloop
endfacet
facet normal 0.991444861373775 0.13052619222032125 -7.795889373398205e-16
  outer loop
    vertex 806.8453101886026 551.0533643408689 8.999999999994275
    vertex 806.9134585360246 550.5357262506641 -5.617957222908168e-12
    vertex 806.8453101886026 551.0533643408692 -5.6184003166567726e-12
  endloop
endfacet
facet normal 0.991444861373775 0.13052619222032125 -7.795889373398205e-16
  outer loop
    vertex 806.9134585360246 550.5357262506641 -5.617957222908168e-12
    vertex 806.8453101886026 551.0533643408689 8.999999999994275
    vertex 806.9134585360246 550.5357262506639 8.999999999994277
  endloop
endfacet
facet normal 0.9238795325113865 0.3826834323648494 -1.1025052482612026e-15
  outer loop
    vertex 806.9134585360246 550.5357262506639 8.999999999994277
    vertex 807.1132593810337 550.053364340869 -5.617635117103562e-12
    vertex 806.9134585360246 550.5357262506641 -5.617957222908168e-12
  endloop
endfacet
facet normal 0.9238795325113865 0.3826834323648494 -1.1025052482612026e-15
  outer loop
    vertex 807.1132593810337 550.053364340869 -5.617635117103562e-12
    vertex 806.9134585360246 550.5357262506639 8.999999999994277
    vertex 807.1132593810337 550.053364340869 8.999999999994277
  endloop
endfacet
facet normal 0.7933533402910526 0.6087614290089584 -1.3502876484908057e-15
  outer loop
    vertex 807.1132593810337 550.053364340869 8.999999999994277
    vertex 807.4310966262296 549.639150778496 -5.617455950221231e-12
    vertex 807.1132593810337 550.053364340869 -5.617635117103562e-12
  endloop
endfacet
facet normal 0.7933533402910526 0.6087614290089584 -1.3502876484908057e-15
  outer loop
    vertex 807.4310966262296 549.639150778496 -5.617455950221231e-12
    vertex 807.1132593810337 550.053364340869 8.999999999994277
    vertex 807.4310966262296 549.639150778496 8.999999999994277
  endloop
endfacet
facet normal 0.6087614290087409 0.7933533402912196 -1.50605017693086e-15
  outer loop
    vertex 807.8453101886028 549.3213135333002 -5.617431932188122e-12
    vertex 807.4310966262296 549.639150778496 8.999999999994277
    vertex 807.8453101886028 549.3213135333002 8.999999999994277
  endloop
endfacet
facet normal 0.6087614290087409 0.7933533402912196 -1.50605017693086e-15
  outer loop
    vertex 807.4310966262296 549.639150778496 8.999999999994277
    vertex 807.8453101886028 549.3213135333002 -5.617431932188122e-12
    vertex 807.4310966262296 549.639150778496 -5.617455950221231e-12
  endloop
endfacet
facet normal 0.3826834323652056 0.923879532511239 -1.5591778746789244e-15
  outer loop
    vertex 808.3276720983977 549.1215126882909 -5.617564699793497e-12
    vertex 807.8453101886028 549.3213135333002 8.999999999994277
    vertex 808.3276720983977 549.1215126882909 8.999999999994277
  endloop
endfacet
facet normal 0.3826834323652056 0.923879532511239 -1.5591778746789244e-15
  outer loop
    vertex 807.8453101886028 549.3213135333002 8.999999999994277
    vertex 808.3276720983977 549.1215126882909 -5.617564699793497e-12
    vertex 807.8453101886028 549.3213135333002 -5.617431932188122e-12
  endloop
endfacet
facet normal 0.13052619221998144 0.9914448613738197 -1.5060501769308466e-15
  outer loop
    vertex 808.8453101886026 549.053364340869 -5.61784520514446e-12
    vertex 808.3276720983977 549.1215126882909 8.999999999994277
    vertex 808.8453101886026 549.0533643408692 8.999999999994277
  endloop
endfacet
facet normal 0.13052619221998144 0.9914448613738197 -1.5060501769308466e-15
  outer loop
    vertex 808.3276720983977 549.1215126882909 8.999999999994277
    vertex 808.8453101886026 549.053364340869 -5.61784520514446e-12
    vertex 808.3276720983977 549.1215126882909 -5.617564699793497e-12
  endloop
endfacet
facet normal -0.13052619221998144 0.9914448613738197 -1.3502876484906378e-15
  outer loop
    vertex 809.3629482788077 549.1215126882911 -5.6182543322649e-12
    vertex 808.8453101886026 549.0533643408692 8.999999999994277
    vertex 809.3629482788077 549.1215126882912 8.999999999994275
  endloop
endfacet
facet normal -0.13052619221998144 0.9914448613738197 -1.3502876484906378e-15
  outer loop
    vertex 808.8453101886026 549.0533643408692 8.999999999994277
    vertex 809.3629482788077 549.1215126882911 -5.6182543322649e-12
    vertex 808.8453101886026 549.053364340869 -5.61784520514446e-12
  endloop
endfacet
facet normal -0.3826834323652056 0.923879532511239 -1.1025052482613649e-15
  outer loop
    vertex 809.8453101886026 549.3213135333003 -5.618764199817672e-12
    vertex 809.3629482788077 549.1215126882912 8.999999999994275
    vertex 809.8453101886026 549.3213135333004 8.999999999994275
  endloop
endfacet
facet normal -0.3826834323652056 0.923879532511239 -1.1025052482613649e-15
  outer loop
    vertex 809.3629482788077 549.1215126882912 8.999999999994275
    vertex 809.8453101886026 549.3213135333003 -5.618764199817672e-12
    vertex 809.3629482788077 549.1215126882911 -5.6182543322649e-12
  endloop
endfacet
facet normal -0.6087614290087409 0.7933533402912196 -7.795889373394359e-16
  outer loop
    vertex 810.2595237509757 549.6391507784962 -5.619340061171652e-12
    vertex 809.8453101886026 549.3213135333004 8.999999999994275
    vertex 810.2595237509757 549.6391507784963 8.999999999994275
  endloop
endfacet
facet normal -0.6087614290087409 0.7933533402912196 -7.795889373394359e-16
  outer loop
    vertex 809.8453101886026 549.3213135333004 8.999999999994275
    vertex 810.2595237509757 549.6391507784962 -5.619340061171652e-12
    vertex 809.8453101886026 549.3213135333003 -5.618764199817672e-12
  endloop
endfacet
facet normal -0.7933533402911168 0.608761429008875 -4.035449286696793e-16
  outer loop
    vertex 810.2595237509757 549.6391507784963 8.999999999994275
    vertex 810.5773609961717 550.0533643408692 -5.619942672327222e-12
    vertex 810.2595237509757 549.6391507784962 -5.619340061171652e-12
  endloop
endfacet
facet normal -0.7933533402911168 0.608761429008875 -4.035449286696793e-16
  outer loop
    vertex 810.5773609961717 550.0533643408692 -5.619942672327222e-12
    vertex 810.2595237509757 549.6391507784963 8.999999999994275
    vertex 810.5773609961717 550.0533643408693 8.999999999994273
  endloop
endfacet
facet normal -0.9238795325113612 0.38268343236491054 2.926180920304191e-28
  outer loop
    vertex 810.5773609961717 550.0533643408693 8.999999999994273
    vertex 810.7771618411807 550.5357262506642 -5.6205309663299915e-12
    vertex 810.5773609961717 550.0533643408692 -5.619942672327222e-12
  endloop
endfacet
facet normal -0.9238795325113612 0.38268343236491054 2.926180920304191e-28
  outer loop
    vertex 810.7771618411807 550.5357262506642 -5.6205309663299915e-12
    vertex 810.5773609961717 550.0533643408693 8.999999999994273
    vertex 810.7771618411807 550.5357262506642 8.999999999994273
  endloop
endfacet
facet normal -0.991444861373775 0.13052619222032125 4.035449286689581e-16
  outer loop
    vertex 810.7771618411807 550.5357262506642 8.999999999994273
    vertex 810.8453101886028 551.0533643408693 -5.621064851915873e-12
    vertex 810.7771618411807 550.5357262506642 -5.6205309663299915e-12
  endloop
endfacet
facet normal -0.991444861373775 0.13052619222032125 4.035449286689581e-16
  outer loop
    vertex 810.8453101886028 551.0533643408693 -5.621064851915873e-12
    vertex 810.7771618411807 550.5357262506642 8.999999999994273
    vertex 810.8453101886028 551.0533643408693 8.999999999994271
  endloop
endfacet
facet normal -0.991444861373775 -0.13052619222032125 7.795889373398205e-16
  outer loop
    vertex 810.8453101886028 551.0533643408693 8.999999999994271
    vertex 810.7771618411807 551.5710024310744 -5.621507945664478e-12
    vertex 810.8453101886028 551.0533643408693 -5.621064851915873e-12
  endloop
endfacet
facet normal -0.991444861373775 -0.13052619222032125 7.795889373398205e-16
  outer loop
    vertex 810.7771618411807 551.5710024310744 -5.621507945664478e-12
    vertex 810.8453101886028 551.0533643408693 8.999999999994271
    vertex 810.7771618411807 551.5710024310744 8.999999999994271
  endloop
endfacet
facet normal -0.9238795325113865 -0.3826834323648494 1.1025052482612026e-15
  outer loop
    vertex 810.7771618411807 551.5710024310744 8.999999999994271
    vertex 810.5773609961716 552.0533643408693 -5.621830051469085e-12
    vertex 810.7771618411807 551.5710024310744 -5.621507945664478e-12
  endloop
endfacet
facet normal -0.9238795325113865 -0.3826834323648494 1.1025052482612026e-15
  outer loop
    vertex 810.5773609961716 552.0533643408693 -5.621830051469085e-12
    vertex 810.7771618411807 551.5710024310744 8.999999999994271
    vertex 810.5773609961717 552.0533643408694 8.999999999994271
  endloop
endfacet
facet normal -0.7933533402910526 -0.6087614290089584 1.3502876484908057e-15
  outer loop
    vertex 810.5773609961717 552.0533643408694 8.999999999994271
    vertex 810.2595237509756 552.4675779032424 -5.6220092183514144e-12
    vertex 810.5773609961716 552.0533643408693 -5.621830051469085e-12
  endloop
endfacet
facet normal -0.7933533402910526 -0.6087614290089584 1.3502876484908057e-15
  outer loop
    vertex 810.2595237509756 552.4675779032424 -5.6220092183514144e-12
    vertex 810.5773609961717 552.0533643408694 8.999999999994271
    vertex 810.2595237509756 552.4675779032424 8.999999999994271
  endloop
endfacet
facet normal -0.6087614290087409 -0.7933533402912196 1.50605017693086e-15
  outer loop
    vertex 809.8453101886025 552.7854151484382 8.999999999994271
    vertex 810.2595237509756 552.4675779032424 -5.6220092183514144e-12
    vertex 810.2595237509756 552.4675779032424 8.999999999994271
  endloop
endfacet
facet normal -0.6087614290087409 -0.7933533402912196 1.50605017693086e-15
  outer loop
    vertex 810.2595237509756 552.4675779032424 -5.6220092183514144e-12
    vertex 809.8453101886025 552.7854151484382 8.999999999994271
    vertex 809.8453101886025 552.7854151484381 -5.622033236384525e-12
  endloop
endfacet
facet normal -0.3826834323652056 -0.923879532511239 1.5591778746789244e-15
  outer loop
    vertex 809.3629482788077 552.9852159934475 8.999999999994271
    vertex 809.8453101886025 552.7854151484381 -5.622033236384525e-12
    vertex 809.8453101886025 552.7854151484382 8.999999999994271
  endloop
endfacet
facet normal -0.3826834323652056 -0.923879532511239 1.5591778746789244e-15
  outer loop
    vertex 809.8453101886025 552.7854151484381 -5.622033236384525e-12
    vertex 809.3629482788077 552.9852159934475 8.999999999994271
    vertex 809.3629482788077 552.9852159934475 -5.621900468779149e-12
  endloop
endfacet
facet normal -0.13052619221998144 -0.9914448613738197 1.5060501769308466e-15
  outer loop
    vertex 808.8453101886026 553.0533643408692 8.999999999994271
    vertex 809.3629482788077 552.9852159934475 -5.621900468779149e-12
    vertex 809.3629482788077 552.9852159934475 8.999999999994271
  endloop
endfacet
facet normal -0.13052619221998144 -0.9914448613738197 1.5060501769308466e-15
  outer loop
    vertex 809.3629482788077 552.9852159934475 -5.621900468779149e-12
    vertex 808.8453101886026 553.0533643408692 8.999999999994271
    vertex 808.8453101886026 553.053364340869 -5.6216199634281855e-12
  endloop
endfacet
facet normal 0.13052619221998144 -0.9914448613738197 1.3502876484906378e-15
  outer loop
    vertex 808.3276720983976 552.9852159934472 8.999999999994271
    vertex 808.8453101886026 553.053364340869 -5.6216199634281855e-12
    vertex 808.8453101886026 553.0533643408692 8.999999999994271
  endloop
endfacet
facet normal 0.13052619221998144 -0.9914448613738197 1.3502876484906378e-15
  outer loop
    vertex 808.8453101886026 553.053364340869 -5.6216199634281855e-12
    vertex 808.3276720983976 552.9852159934472 8.999999999994271
    vertex 808.3276720983976 552.9852159934472 -5.621210836307746e-12
  endloop
endfacet
facet normal 0.3826834323652056 -0.923879532511239 1.1025052482613649e-15
  outer loop
    vertex 807.8453101886026 552.7854151484379 8.999999999994273
    vertex 808.3276720983976 552.9852159934472 -5.621210836307746e-12
    vertex 808.3276720983976 552.9852159934472 8.999999999994271
  endloop
endfacet
facet normal 0.3826834323652056 -0.923879532511239 1.1025052482613649e-15
  outer loop
    vertex 808.3276720983976 552.9852159934472 -5.621210836307746e-12
    vertex 807.8453101886026 552.7854151484379 8.999999999994273
    vertex 807.8453101886026 552.7854151484379 -5.620700968754974e-12
  endloop
endfacet
facet normal 0.6087614290087409 -0.7933533402912196 7.795889373394359e-16
  outer loop
    vertex 807.4310966262296 552.4675779032422 8.999999999994273
    vertex 807.8453101886026 552.7854151484379 -5.620700968754974e-12
    vertex 807.8453101886026 552.7854151484379 8.999999999994273
  endloop
endfacet
facet normal 0.6087614290087409 -0.7933533402912196 7.795889373394359e-16
  outer loop
    vertex 807.8453101886026 552.7854151484379 -5.620700968754974e-12
    vertex 807.4310966262296 552.4675779032422 8.999999999994273
    vertex 807.4310966262296 552.4675779032422 -5.6201251074009936e-12
  endloop
endfacet
facet normal 0.7933533402911168 -0.608761429008875 4.035449286696793e-16
  outer loop
    vertex 807.4310966262296 552.4675779032422 8.999999999994273
    vertex 807.1132593810337 552.0533643408692 -5.6195224962454245e-12
    vertex 807.4310966262296 552.4675779032422 -5.6201251074009936e-12
  endloop
endfacet
facet normal 0.7933533402911168 -0.608761429008875 4.035449286696793e-16
  outer loop
    vertex 807.1132593810337 552.0533643408692 -5.6195224962454245e-12
    vertex 807.4310966262296 552.4675779032422 8.999999999994273
    vertex 807.1132593810337 552.0533643408689 8.999999999994273
  endloop
endfacet
facet normal 0.9238795325113612 -0.38268343236491054 -2.926180920304191e-28
  outer loop
    vertex 807.1132593810337 552.0533643408689 8.999999999994273
    vertex 806.9134585360246 551.5710024310742 -5.618934202242655e-12
    vertex 807.1132593810337 552.0533643408692 -5.6195224962454245e-12
  endloop
endfacet
facet normal 0.9238795325113612 -0.38268343236491054 -2.926180920304191e-28
  outer loop
    vertex 806.9134585360246 551.5710024310742 -5.618934202242655e-12
    vertex 807.1132593810337 552.0533643408689 8.999999999994273
    vertex 806.9134585360246 551.571002431074 8.999999999994275
  endloop
endfacet
facet normal 0.991444861373775 -0.13052619222032125 -4.035449286689581e-16
  outer loop
    vertex 806.9134585360246 551.571002431074 8.999999999994275
    vertex 806.8453101886026 551.0533643408692 -5.6184003166567726e-12
    vertex 806.9134585360246 551.5710024310742 -5.618934202242655e-12
  endloop
endfacet
facet normal 0.991444861373775 -0.13052619222032125 -4.035449286689581e-16
  outer loop
    vertex 806.8453101886026 551.0533643408692 -5.6184003166567726e-12
    vertex 806.9134585360246 551.571002431074 8.999999999994275
    vertex 806.8453101886026 551.0533643408689 8.999999999994275
  endloop
endfacet
facet normal -0.13052619221998144 -0.9914448613738197 1.0866275846968967e-15
  outer loop
    vertex 812.8089200749151 575.0259755943608 8.999999999994428
    vertex 813.3265581651202 574.9578272469391 -5.555037159997515e-12
    vertex 813.3265581651202 574.9578272469389 8.999999999994428
  endloop
endfacet
facet normal -0.13052619221998144 -0.9914448613738197 1.0866275846968967e-15
  outer loop
    vertex 813.3265581651202 574.9578272469391 -5.555037159997515e-12
    vertex 812.8089200749151 575.0259755943608 8.999999999994428
    vertex 812.8089200749151 575.025975594361 -5.554756654646553e-12
  endloop
endfacet
facet normal 0.13052619221998144 -0.9914448613738197 1.0866275846968992e-15
  outer loop
    vertex 812.29128198471 574.9578272469391 8.99999999999443
    vertex 812.8089200749151 575.025975594361 -5.554756654646553e-12
    vertex 812.8089200749151 575.0259755943608 8.999999999994428
  endloop
endfacet
facet normal 0.13052619221998144 -0.9914448613738197 1.0866275846968992e-15
  outer loop
    vertex 812.8089200749151 575.025975594361 -5.554756654646553e-12
    vertex 812.29128198471 574.9578272469391 8.99999999999443
    vertex 812.29128198471 574.9578272469391 -5.554347527526113e-12
  endloop
endfacet
facet normal 0.38268343236508334 -0.9238795325112895 1.0125757105367898e-15
  outer loop
    vertex 811.808920074915 574.7580264019298 8.99999999999443
    vertex 812.29128198471 574.9578272469391 -5.554347527526113e-12
    vertex 812.29128198471 574.9578272469391 8.99999999999443
  endloop
endfacet
facet normal 0.38268343236508334 -0.9238795325112895 1.0125757105367898e-15
  outer loop
    vertex 812.29128198471 574.9578272469391 -5.554347527526113e-12
    vertex 811.808920074915 574.7580264019298 8.99999999999443
    vertex 811.808920074915 574.7580264019298 -5.55383765997334e-12
  endloop
endfacet
facet normal 0.6087614290087409 -0.7933533402912196 8.695184750640666e-16
  outer loop
    vertex 811.394706512542 574.440189156734 8.99999999999443
    vertex 811.808920074915 574.7580264019298 -5.55383765997334e-12
    vertex 811.808920074915 574.7580264019298 8.99999999999443
  endloop
endfacet
facet normal 0.6087614290087409 -0.7933533402912196 8.695184750640666e-16
  outer loop
    vertex 811.808920074915 574.7580264019298 -5.55383765997334e-12
    vertex 811.394706512542 574.440189156734 8.99999999999443
    vertex 811.394706512542 574.440189156734 -5.553261798619361e-12
  endloop
endfacet
facet normal 0.7933533402912837 -0.6087614290086574 6.672049924629148e-16
  outer loop
    vertex 811.394706512542 574.440189156734 8.99999999999443
    vertex 811.0768692673462 574.0259755943611 -5.552659187463791e-12
    vertex 811.394706512542 574.440189156734 -5.553261798619361e-12
  endloop
endfacet
facet normal 0.7933533402912837 -0.6087614290086574 6.672049924629148e-16
  outer loop
    vertex 811.0768692673462 574.0259755943611 -5.552659187463791e-12
    vertex 811.394706512542 574.440189156734 8.99999999999443
    vertex 811.0768692673462 574.0259755943611 8.999999999994431
  endloop
endfacet
facet normal 0.9238795325112642 -0.3826834323651444 4.1942259223397554e-16
  outer loop
    vertex 811.0768692673462 574.0259755943611 -5.552659187463791e-12
    vertex 810.877068422337 573.5436136845659 8.999999999994431
    vertex 810.877068422337 573.5436136845659 -5.597190357181788e-12
  endloop
endfacet
facet normal 0.9238795325112642 -0.3826834323651444 4.1942259223397554e-16
  outer loop
    vertex 810.877068422337 573.5436136845659 8.999999999994431
    vertex 811.0768692673462 574.0259755943611 -5.552659187463791e-12
    vertex 811.0768692673462 574.0259755943611 8.999999999994431
  endloop
endfacet
facet normal 0.9914448613738197 -0.13052619221998144 1.4305723547263487e-16
  outer loop
    vertex 810.877068422337 573.5436136845659 8.999999999994431
    vertex 810.8089200749151 573.0259755943608 -5.5966564715959055e-12
    vertex 810.877068422337 573.5436136845659 -5.597190357181788e-12
  endloop
endfacet
facet normal 0.9914448613738197 -0.13052619221998144 1.4305723547263487e-16
  outer loop
    vertex 810.8089200749151 573.0259755943608 -5.5966564715959055e-12
    vertex 810.877068422337 573.5436136845659 8.999999999994431
    vertex 810.8089200749151 573.0259755943608 8.999999999994433
  endloop
endfacet
facet normal 0.9914448613738197 0.13052619221998144 -1.4305723547262127e-16
  outer loop
    vertex 810.8089200749151 573.0259755943608 8.999999999994433
    vertex 810.877068422337 572.5083375041559 -5.596213377847301e-12
    vertex 810.8089200749151 573.0259755943608 -5.5966564715959055e-12
  endloop
endfacet
facet normal 0.9914448613738197 0.13052619221998144 -1.4305723547262127e-16
  outer loop
    vertex 810.877068422337 572.5083375041559 -5.596213377847301e-12
    vertex 810.8089200749151 573.0259755943608 8.999999999994433
    vertex 810.877068422337 572.5083375041559 8.999999999994433
  endloop
endfacet
facet normal 0.9238795325112642 0.3826834323651444 -4.194225922339628e-16
  outer loop
    vertex 810.877068422337 572.5083375041559 8.999999999994433
    vertex 811.0768692673462 572.025975594361 -5.595891272042695e-12
    vertex 810.877068422337 572.5083375041559 -5.596213377847301e-12
  endloop
endfacet
facet normal 0.9238795325112642 0.3826834323651444 -4.194225922339628e-16
  outer loop
    vertex 811.0768692673462 572.025975594361 -5.595891272042695e-12
    vertex 810.877068422337 572.5083375041559 8.999999999994433
    vertex 811.0768692673462 572.025975594361 8.999999999994433
  endloop
endfacet
facet normal 0.7933533402912837 0.6087614290086574 -6.672049924629042e-16
  outer loop
    vertex 811.0768692673462 572.025975594361 8.999999999994433
    vertex 811.394706512542 571.6117620319877 -5.595712105160364e-12
    vertex 811.0768692673462 572.025975594361 -5.595891272042695e-12
  endloop
endfacet
facet normal 0.7933533402912837 0.6087614290086574 -6.672049924629042e-16
  outer loop
    vertex 811.394706512542 571.6117620319877 -5.595712105160364e-12
    vertex 811.0768692673462 572.025975594361 8.999999999994433
    vertex 811.394706512542 571.6117620319877 8.999999999994433
  endloop
endfacet
facet normal 0.6087614290085739 0.7933533402913477 -8.695184750641987e-16
  outer loop
    vertex 811.8089200749152 571.2939247867919 -5.550568623406488e-12
    vertex 811.394706512542 571.6117620319877 8.999999999994433
    vertex 811.8089200749152 571.2939247867919 8.999999999994433
  endloop
endfacet
facet normal 0.6087614290085739 0.7933533402913477 -8.695184750641987e-16
  outer loop
    vertex 811.394706512542 571.6117620319877 8.999999999994433
    vertex 811.8089200749152 571.2939247867919 -5.550568623406488e-12
    vertex 811.394706512542 571.6117620319877 -5.595712105160364e-12
  endloop
endfacet
facet normal 0.3826834323652056 0.923879532511239 -1.0125757105367295e-15
  outer loop
    vertex 812.29128198471 571.0941239417826 -5.550701391011863e-12
    vertex 811.8089200749152 571.2939247867919 8.999999999994433
    vertex 812.29128198471 571.0941239417826 8.999999999994433
  endloop
endfacet
facet normal 0.3826834323652056 0.923879532511239 -1.0125757105367295e-15
  outer loop
    vertex 811.8089200749152 571.2939247867919 8.999999999994433
    vertex 812.29128198471 571.0941239417826 -5.550701391011863e-12
    vertex 811.8089200749152 571.2939247867919 -5.550568623406488e-12
  endloop
endfacet
facet normal 0.13052619221998144 0.9914448613738197 -1.0866275846968967e-15
  outer loop
    vertex 812.29128198471 571.0941239417826 -5.550701391011863e-12
    vertex 812.8089200749151 571.0259755943606 8.999999999994433
    vertex 812.8089200749151 571.0259755943608 -5.550981896362826e-12
  endloop
endfacet
facet normal 0.13052619221998144 0.9914448613738197 -1.0866275846968967e-15
  outer loop
    vertex 812.8089200749151 571.0259755943606 8.999999999994433
    vertex 812.29128198471 571.0941239417826 -5.550701391011863e-12
    vertex 812.29128198471 571.0941239417826 8.999999999994433
  endloop
endfacet
facet normal -0.13052619221998144 0.9914448613738197 -1.0866275846968992e-15
  outer loop
    vertex 812.8089200749151 571.0259755943608 -5.550981896362826e-12
    vertex 813.3265581651202 571.0941239417824 8.999999999994433
    vertex 813.3265581651202 571.0941239417826 -5.551391023483266e-12
  endloop
endfacet
facet normal -0.13052619221998144 0.9914448613738197 -1.0866275846968992e-15
  outer loop
    vertex 813.3265581651202 571.0941239417824 8.999999999994433
    vertex 812.8089200749151 571.0259755943608 -5.550981896362826e-12
    vertex 812.8089200749151 571.0259755943606 8.999999999994433
  endloop
endfacet
facet normal -0.38268343236508334 0.9238795325112895 -1.0125757105367898e-15
  outer loop
    vertex 813.3265581651202 571.0941239417826 -5.551391023483266e-12
    vertex 813.8089200749152 571.2939247867918 8.999999999994431
    vertex 813.8089200749152 571.2939247867918 -5.551900891036038e-12
  endloop
endfacet
facet normal -0.38268343236508334 0.9238795325112895 -1.0125757105367898e-15
  outer loop
    vertex 813.8089200749152 571.2939247867918 8.999999999994431
    vertex 813.3265581651202 571.0941239417826 -5.551391023483266e-12
    vertex 813.3265581651202 571.0941239417824 8.999999999994433
  endloop
endfacet
facet normal -0.6087614290087409 0.7933533402912196 -8.695184750640666e-16
  outer loop
    vertex 813.8089200749152 571.2939247867918 -5.551900891036038e-12
    vertex 814.2231336372884 571.6117620319876 8.999999999994431
    vertex 814.2231336372884 571.6117620319875 -5.552476752390018e-12
  endloop
endfacet
facet normal -0.6087614290087409 0.7933533402912196 -8.695184750640666e-16
  outer loop
    vertex 814.2231336372884 571.6117620319876 8.999999999994431
    vertex 813.8089200749152 571.2939247867918 -5.551900891036038e-12
    vertex 813.8089200749152 571.2939247867918 8.999999999994431
  endloop
endfacet
facet normal -0.7933533402912837 0.6087614290086574 -6.672049924629148e-16
  outer loop
    vertex 814.2231336372884 571.6117620319876 8.999999999994431
    vertex 814.5409708824841 572.0259755943607 -5.553079363545588e-12
    vertex 814.2231336372884 571.6117620319875 -5.552476752390018e-12
  endloop
endfacet
facet normal -0.7933533402912837 0.6087614290086574 -6.672049924629148e-16
  outer loop
    vertex 814.5409708824841 572.0259755943607 -5.553079363545588e-12
    vertex 814.2231336372884 571.6117620319876 8.999999999994431
    vertex 814.5409708824841 572.0259755943608 8.999999999994431
  endloop
endfacet
facet normal -0.9238795325112642 0.3826834323651444 -4.1942259223397554e-16
  outer loop
    vertex 814.5409708824841 572.0259755943608 8.999999999994431
    vertex 814.7407717274934 572.5083375041556 -5.553667657548358e-12
    vertex 814.5409708824841 572.0259755943607 -5.553079363545588e-12
  endloop
endfacet
facet normal -0.9238795325112642 0.3826834323651444 -4.1942259223397554e-16
  outer loop
    vertex 814.7407717274934 572.5083375041556 -5.553667657548358e-12
    vertex 814.5409708824841 572.0259755943608 8.999999999994431
    vertex 814.7407717274934 572.5083375041557 8.99999999999443
  endloop
endfacet
facet normal -0.9914448613738197 0.13052619221998144 -1.4305723547263487e-16
  outer loop
    vertex 814.7407717274934 572.5083375041557 8.99999999999443
    vertex 814.8089200749152 573.0259755943607 -5.554201543134239e-12
    vertex 814.7407717274934 572.5083375041556 -5.553667657548358e-12
  endloop
endfacet
facet normal -0.9914448613738197 0.13052619221998144 -1.4305723547263487e-16
  outer loop
    vertex 814.8089200749152 573.0259755943607 -5.554201543134239e-12
    vertex 814.7407717274934 572.5083375041557 8.99999999999443
    vertex 814.8089200749152 573.0259755943608 8.99999999999443
  endloop
endfacet
facet normal -0.9914448613738197 -0.13052619221998144 1.4305723547262127e-16
  outer loop
    vertex 814.8089200749152 573.0259755943608 8.99999999999443
    vertex 814.7407717274934 573.5436136845658 -5.554644636882844e-12
    vertex 814.8089200749152 573.0259755943607 -5.554201543134239e-12
  endloop
endfacet
facet normal -0.9914448613738197 -0.13052619221998144 1.4305723547262127e-16
  outer loop
    vertex 814.7407717274934 573.5436136845658 -5.554644636882844e-12
    vertex 814.8089200749152 573.0259755943608 8.99999999999443
    vertex 814.7407717274934 573.5436136845659 8.999999999994428
  endloop
endfacet
facet normal -0.9238795325112642 -0.3826834323651444 4.194225922339628e-16
  outer loop
    vertex 814.7407717274934 573.5436136845659 8.999999999994428
    vertex 814.5409708824841 574.0259755943608 -5.554966742687451e-12
    vertex 814.7407717274934 573.5436136845658 -5.554644636882844e-12
  endloop
endfacet
facet normal -0.9238795325112642 -0.3826834323651444 4.194225922339628e-16
  outer loop
    vertex 814.5409708824841 574.0259755943608 -5.554966742687451e-12
    vertex 814.7407717274934 573.5436136845659 8.999999999994428
    vertex 814.5409708824841 574.025975594361 8.999999999994428
  endloop
endfacet
facet normal -0.7933533402912837 -0.6087614290086574 6.672049924629042e-16
  outer loop
    vertex 814.5409708824841 574.025975594361 8.999999999994428
    vertex 814.2231336372884 574.4401891567339 -5.555145909569781e-12
    vertex 814.5409708824841 574.0259755943608 -5.554966742687451e-12
  endloop
endfacet
facet normal -0.7933533402912837 -0.6087614290086574 6.672049924629042e-16
  outer loop
    vertex 814.2231336372884 574.4401891567339 -5.555145909569781e-12
    vertex 814.5409708824841 574.025975594361 8.999999999994428
    vertex 814.2231336372884 574.4401891567339 8.999999999994428
  endloop
endfacet
facet normal -0.6087614290085739 -0.7933533402913477 8.695184750641987e-16
  outer loop
    vertex 813.8089200749151 574.7580264019297 8.999999999994428
    vertex 814.2231336372884 574.4401891567339 -5.555145909569781e-12
    vertex 814.2231336372884 574.4401891567339 8.999999999994428
  endloop
endfacet
facet normal -0.6087614290085739 -0.7933533402913477 8.695184750641987e-16
  outer loop
    vertex 814.2231336372884 574.4401891567339 -5.555145909569781e-12
    vertex 813.8089200749151 574.7580264019297 8.999999999994428
    vertex 813.8089200749151 574.7580264019297 -5.55516992760289e-12
  endloop
endfacet
facet normal -0.3826834323652056 -0.923879532511239 1.0125757105367295e-15
  outer loop
    vertex 813.3265581651202 574.9578272469389 8.999999999994428
    vertex 813.8089200749151 574.7580264019297 -5.55516992760289e-12
    vertex 813.8089200749151 574.7580264019297 8.999999999994428
  endloop
endfacet
facet normal -0.3826834323652056 -0.923879532511239 1.0125757105367295e-15
  outer loop
    vertex 813.8089200749151 574.7580264019297 -5.55516992760289e-12
    vertex 813.3265581651202 574.9578272469389 8.999999999994428
    vertex 813.3265581651202 574.9578272469391 -5.555037159997515e-12
  endloop
endfacet
facet normal 0.13052619221998144 0.9914448613738197 -1.9721522630525295e-31
  outer loop
    vertex 812.2912819847085 676.0941239417826 -5.8753861145634895e-12
    vertex 812.8089200749135 676.0259755943608 8.999999999994154
    vertex 812.8089200749135 676.0259755943608 -5.8756666199144534e-12
  endloop
endfacet
facet normal 0.13052619221998144 0.9914448613738197 -1.9721522630525295e-31
  outer loop
    vertex 812.8089200749135 676.0259755943608 8.999999999994154
    vertex 812.2912819847085 676.0941239417826 -5.8753861145634895e-12
    vertex 812.2912819847086 676.0941239417826 8.999999999994154
  endloop
endfacet
facet normal -0.13052619221998144 0.9914448613738197 -2.9582283945787943e-31
  outer loop
    vertex 812.8089200749135 676.0259755943608 -5.8756666199144534e-12
    vertex 813.3265581651186 676.0941239417826 8.999999999994154
    vertex 813.3265581651186 676.0941239417826 -5.8760757470348924e-12
  endloop
endfacet
facet normal -0.13052619221998144 0.9914448613738197 -2.9582283945787943e-31
  outer loop
    vertex 813.3265581651186 676.0941239417826 8.999999999994154
    vertex 812.8089200749135 676.0259755943608 -5.8756666199144534e-12
    vertex 812.8089200749135 676.0259755943608 8.999999999994154
  endloop
endfacet
facet normal -0.3826834323652056 0.923879532511239 3.94430452610506e-31
  outer loop
    vertex 813.3265581651186 676.0941239417826 -5.8760757470348924e-12
    vertex 813.8089200749135 676.293924786792 8.999999999994152
    vertex 813.8089200749135 676.293924786792 -5.876585614587664e-12
  endloop
endfacet
facet normal -0.3826834323652056 0.923879532511239 3.94430452610506e-31
  outer loop
    vertex 813.8089200749135 676.293924786792 8.999999999994152
    vertex 813.3265581651186 676.0941239417826 -5.8760757470348924e-12
    vertex 813.3265581651186 676.0941239417826 8.999999999994154
  endloop
endfacet
facet normal -0.6087614290087409 0.7933533402912196 -9.860761315262648e-32
  outer loop
    vertex 813.8089200749135 676.293924786792 -5.876585614587664e-12
    vertex 814.2231336372865 676.6117620319877 8.999999999994152
    vertex 814.2231336372865 676.6117620319877 -5.877161475941645e-12
  endloop
endfacet
facet normal -0.6087614290087409 0.7933533402912196 -9.860761315262648e-32
  outer loop
    vertex 814.2231336372865 676.6117620319877 8.999999999994152
    vertex 813.8089200749135 676.293924786792 -5.876585614587664e-12
    vertex 813.8089200749135 676.293924786792 8.999999999994152
  endloop
endfacet
facet normal -0.7933533402911168 0.608761429008875 2.9582283945787943e-31
  outer loop
    vertex 814.2231336372865 676.6117620319877 8.999999999994152
    vertex 814.5409708824825 677.0259755943608 -5.877764087097214e-12
    vertex 814.2231336372865 676.6117620319877 -5.877161475941645e-12
  endloop
endfacet
facet normal -0.7933533402911168 0.608761429008875 2.9582283945787943e-31
  outer loop
    vertex 814.5409708824825 677.0259755943608 -5.877764087097214e-12
    vertex 814.2231336372865 676.6117620319877 8.999999999994152
    vertex 814.5409708824825 677.025975594361 8.99999999999415
  endloop
endfacet
facet normal -0.9238795325113612 0.38268343236491054 1.4791141972893976e-31
  outer loop
    vertex 814.5409708824825 677.025975594361 8.99999999999415
    vertex 814.7407717274916 677.5083375041557 -5.878352381099983e-12
    vertex 814.5409708824825 677.0259755943608 -5.877764087097214e-12
  endloop
endfacet
facet normal -0.9238795325113612 0.38268343236491054 1.4791141972893976e-31
  outer loop
    vertex 814.7407717274916 677.5083375041557 -5.878352381099983e-12
    vertex 814.5409708824825 677.025975594361 8.99999999999415
    vertex 814.7407717274916 677.5083375041559 8.99999999999415
  endloop
endfacet
facet normal -0.9914448613738197 0.13052619221998144 3.944304526105059e-31
  outer loop
    vertex 814.7407717274916 677.5083375041559 8.99999999999415
    vertex 814.8089200749134 678.0259755943608 -5.8788862666858656e-12
    vertex 814.7407717274916 677.5083375041557 -5.878352381099983e-12
  endloop
endfacet
facet normal -0.9914448613738197 0.13052619221998144 3.944304526105059e-31
  outer loop
    vertex 814.8089200749134 678.0259755943608 -5.8788862666858656e-12
    vertex 814.7407717274916 677.5083375041559 8.99999999999415
    vertex 814.8089200749134 678.025975594361 8.99999999999415
  endloop
endfacet
facet normal -0.9914448613738197 -0.13052619221998144 0.0
  outer loop
    vertex 814.8089200749134 678.025975594361 8.99999999999415
    vertex 814.7407717274916 678.5436136845659 -5.8793293604344704e-12
    vertex 814.8089200749134 678.0259755943608 -5.8788862666858656e-12
  endloop
endfacet
facet normal -0.9914448613738197 -0.13052619221998144 0.0
  outer loop
    vertex 814.7407717274916 678.5436136845659 -5.8793293604344704e-12
    vertex 814.8089200749134 678.025975594361 8.99999999999415
    vertex 814.7407717274916 678.543613684566 8.999999999994149
  endloop
endfacet
facet normal -0.9238795325113865 -0.3826834323648494 3.94430452610506e-31
  outer loop
    vertex 814.7407717274916 678.543613684566 8.999999999994149
    vertex 814.5409708824825 679.0259755943608 -5.8796514662390764e-12
    vertex 814.7407717274916 678.5436136845659 -5.8793293604344704e-12
  endloop
endfacet
facet normal -0.9238795325113865 -0.3826834323648494 3.94430452610506e-31
  outer loop
    vertex 814.5409708824825 679.0259755943608 -5.8796514662390764e-12
    vertex 814.7407717274916 678.543613684566 8.999999999994149
    vertex 814.5409708824825 679.0259755943608 8.999999999994149
  endloop
endfacet
facet normal -0.7933533402910526 -0.6087614290089584 -1.972152263052529e-31
  outer loop
    vertex 814.5409708824825 679.0259755943608 8.999999999994149
    vertex 814.2231336372865 679.4401891567339 -5.879830633121406e-12
    vertex 814.5409708824825 679.0259755943608 -5.8796514662390764e-12
  endloop
endfacet
facet normal -0.7933533402910526 -0.6087614290089584 -1.972152263052529e-31
  outer loop
    vertex 814.2231336372865 679.4401891567339 -5.879830633121406e-12
    vertex 814.5409708824825 679.0259755943608 8.999999999994149
    vertex 814.2231336372865 679.4401891567339 8.999999999994149
  endloop
endfacet
facet normal -0.6087614290087409 -0.7933533402912196 5.9164567891575885e-31
  outer loop
    vertex 813.8089200749135 679.7580264019297 8.999999999994149
    vertex 814.2231336372865 679.4401891567339 -5.879830633121406e-12
    vertex 814.2231336372865 679.4401891567339 8.999999999994149
  endloop
endfacet
facet normal -0.6087614290087409 -0.7933533402912196 5.9164567891575885e-31
  outer loop
    vertex 814.2231336372865 679.4401891567339 -5.879830633121406e-12
    vertex 813.8089200749135 679.7580264019297 8.999999999994149
    vertex 813.8089200749135 679.7580264019297 -5.8798546511545164e-12
  endloop
endfacet
facet normal -0.3826834323652056 -0.923879532511239 7.88860905221012e-31
  outer loop
    vertex 813.3265581651186 679.957827246939 8.999999999994149
    vertex 813.8089200749135 679.7580264019297 -5.8798546511545164e-12
    vertex 813.8089200749135 679.7580264019297 8.999999999994149
  endloop
endfacet
facet normal -0.3826834323652056 -0.923879532511239 7.88860905221012e-31
  outer loop
    vertex 813.8089200749135 679.7580264019297 -5.8798546511545164e-12
    vertex 813.3265581651186 679.957827246939 8.999999999994149
    vertex 813.3265581651186 679.957827246939 -5.879721883549141e-12
  endloop
endfacet
facet normal -0.13052619221998144 -0.9914448613738197 1.9721522630525295e-31
  outer loop
    vertex 812.8089200749135 680.0259755943608 8.999999999994149
    vertex 813.3265581651186 679.957827246939 -5.879721883549141e-12
    vertex 813.3265581651186 679.957827246939 8.999999999994149
  endloop
endfacet
facet normal -0.13052619221998144 -0.9914448613738197 1.9721522630525295e-31
  outer loop
    vertex 813.3265581651186 679.957827246939 -5.879721883549141e-12
    vertex 812.8089200749135 680.0259755943608 8.999999999994149
    vertex 812.8089200749135 680.0259755943608 -5.879441378198177e-12
  endloop
endfacet
facet normal 0.13052619221998144 -0.9914448613738197 2.9582283945787943e-31
  outer loop
    vertex 812.2912819847085 679.957827246939 8.999999999994149
    vertex 812.8089200749135 680.0259755943608 -5.879441378198177e-12
    vertex 812.8089200749135 680.0259755943608 8.999999999994149
  endloop
endfacet
facet normal 0.13052619221998144 -0.9914448613738197 2.9582283945787943e-31
  outer loop
    vertex 812.8089200749135 680.0259755943608 -5.879441378198177e-12
    vertex 812.2912819847085 679.957827246939 8.999999999994149
    vertex 812.2912819847085 679.957827246939 -5.879032251077738e-12
  endloop
endfacet
facet normal 0.3826834323652056 -0.923879532511239 -3.94430452610506e-31
  outer loop
    vertex 811.8089200749135 679.7580264019297 8.99999999999415
    vertex 812.2912819847085 679.957827246939 -5.879032251077738e-12
    vertex 812.2912819847085 679.957827246939 8.999999999994149
  endloop
endfacet
facet normal 0.3826834323652056 -0.923879532511239 -3.94430452610506e-31
  outer loop
    vertex 812.2912819847085 679.957827246939 -5.879032251077738e-12
    vertex 811.8089200749135 679.7580264019297 8.99999999999415
    vertex 811.8089200749135 679.7580264019297 -5.8785223835249654e-12
  endloop
endfacet
facet normal 0.6087614290087409 -0.7933533402912196 9.860761315262648e-32
  outer loop
    vertex 811.3947065125406 679.4401891567339 8.99999999999415
    vertex 811.8089200749135 679.7580264019297 -5.8785223835249654e-12
    vertex 811.8089200749135 679.7580264019297 8.99999999999415
  endloop
endfacet
facet normal 0.6087614290087409 -0.7933533402912196 9.860761315262648e-32
  outer loop
    vertex 811.8089200749135 679.7580264019297 -5.8785223835249654e-12
    vertex 811.3947065125406 679.4401891567339 8.99999999999415
    vertex 811.3947065125406 679.4401891567339 -5.877946522170987e-12
  endloop
endfacet
facet normal 0.7933533402911168 -0.608761429008875 -2.9582283945787943e-31
  outer loop
    vertex 811.3947065125406 679.4401891567339 8.99999999999415
    vertex 811.0768692673446 679.0259755943608 -5.877343911015417e-12
    vertex 811.3947065125406 679.4401891567339 -5.877946522170987e-12
  endloop
endfacet
facet normal 0.7933533402911168 -0.608761429008875 -2.9582283945787943e-31
  outer loop
    vertex 811.0768692673446 679.0259755943608 -5.877343911015417e-12
    vertex 811.3947065125406 679.4401891567339 8.99999999999415
    vertex 811.0768692673446 679.0259755943608 8.999999999994152
  endloop
endfacet
facet normal 0.9238795325113612 -0.38268343236491054 -1.4791141972893976e-31
  outer loop
    vertex 811.0768692673446 679.0259755943608 8.999999999994152
    vertex 810.8770684223355 678.543613684566 -5.8767556170126475e-12
    vertex 811.0768692673446 679.0259755943608 -5.877343911015417e-12
  endloop
endfacet
facet normal 0.9238795325113612 -0.38268343236491054 -1.4791141972893976e-31
  outer loop
    vertex 810.8770684223355 678.543613684566 -5.8767556170126475e-12
    vertex 811.0768692673446 679.0259755943608 8.999999999994152
    vertex 810.8770684223355 678.543613684566 8.999999999994152
  endloop
endfacet
facet normal 0.9914448613738197 -0.13052619221998144 -3.944304526105059e-31
  outer loop
    vertex 810.8770684223355 678.543613684566 8.999999999994152
    vertex 810.8089200749137 678.025975594361 -5.876221731426765e-12
    vertex 810.8770684223355 678.543613684566 -5.8767556170126475e-12
  endloop
endfacet
facet normal 0.9914448613738197 -0.13052619221998144 -3.944304526105059e-31
  outer loop
    vertex 810.8089200749137 678.025975594361 -5.876221731426765e-12
    vertex 810.8770684223355 678.543613684566 8.999999999994152
    vertex 810.8089200749137 678.025975594361 8.999999999994152
  endloop
endfacet
facet normal 0.9914448613738197 0.13052619221998144 0.0
  outer loop
    vertex 810.8089200749137 678.025975594361 8.999999999994152
    vertex 810.8770684223355 677.5083375041559 -5.87577863767816e-12
    vertex 810.8089200749137 678.025975594361 -5.876221731426765e-12
  endloop
endfacet
facet normal 0.9914448613738197 0.13052619221998144 0.0
  outer loop
    vertex 810.8770684223355 677.5083375041559 -5.87577863767816e-12
    vertex 810.8089200749137 678.025975594361 8.999999999994152
    vertex 810.8770684223355 677.5083375041559 8.999999999994154
  endloop
endfacet
facet normal 0.9238795325113865 0.3826834323648494 -3.94430452610506e-31
  outer loop
    vertex 810.8770684223355 677.5083375041559 8.999999999994154
    vertex 811.0768692673446 677.0259755943608 -5.875456531873554e-12
    vertex 810.8770684223355 677.5083375041559 -5.87577863767816e-12
  endloop
endfacet
facet normal 0.9238795325113865 0.3826834323648494 -3.94430452610506e-31
  outer loop
    vertex 811.0768692673446 677.0259755943608 -5.875456531873554e-12
    vertex 810.8770684223355 677.5083375041559 8.999999999994154
    vertex 811.0768692673446 677.0259755943608 8.999999999994154
  endloop
endfacet
facet normal 0.7933533402910526 0.6087614290089584 1.972152263052529e-31
  outer loop
    vertex 811.0768692673446 677.0259755943608 8.999999999994154
    vertex 811.3947065125406 676.6117620319877 -5.8752773649912245e-12
    vertex 811.0768692673446 677.0259755943608 -5.875456531873554e-12
  endloop
endfacet
facet normal 0.7933533402910526 0.6087614290089584 1.972152263052529e-31
  outer loop
    vertex 811.3947065125406 676.6117620319877 -5.8752773649912245e-12
    vertex 811.0768692673446 677.0259755943608 8.999999999994154
    vertex 811.3947065125407 676.6117620319877 8.999999999994154
  endloop
endfacet
facet normal 0.6087614290087409 0.7933533402912196 -5.9164567891575885e-31
  outer loop
    vertex 811.8089200749135 676.293924786792 -5.875253346958114e-12
    vertex 811.3947065125407 676.6117620319877 8.999999999994154
    vertex 811.8089200749137 676.293924786792 8.999999999994154
  endloop
endfacet
facet normal 0.6087614290087409 0.7933533402912196 -5.9164567891575885e-31
  outer loop
    vertex 811.3947065125407 676.6117620319877 8.999999999994154
    vertex 811.8089200749135 676.293924786792 -5.875253346958114e-12
    vertex 811.3947065125406 676.6117620319877 -5.8752773649912245e-12
  endloop
endfacet
facet normal 0.3826834323652056 0.923879532511239 -7.88860905221012e-31
  outer loop
    vertex 812.2912819847085 676.0941239417826 -5.8753861145634895e-12
    vertex 811.8089200749137 676.293924786792 8.999999999994154
    vertex 812.2912819847086 676.0941239417826 8.999999999994154
  endloop
endfacet
facet normal 0.3826834323652056 0.923879532511239 -7.88860905221012e-31
  outer loop
    vertex 811.8089200749137 676.293924786792 8.999999999994154
    vertex 812.2912819847085 676.0941239417826 -5.8753861145634895e-12
    vertex 811.8089200749135 676.293924786792 -5.875253346958114e-12
  endloop
endfacet
facet normal 1.0 1.5210055437364654e-14 -6.661338147750923e-16
  outer loop
    vertex 825.3089200749118 881.0259755943616 -5.746980669130153e-12
    vertex 825.308920074912 881.0259755943615 8.999999999994236
    vertex 825.308920074914 731.0259755943615 -5.470068842328148e-12
  endloop
endfacet
facet normal 1.0 1.5210055437364654e-14 -6.661338147750923e-16
  outer loop
    vertex 825.308920074914 731.0259755943615 8.999999999994557
    vertex 825.308920074914 731.0259755943615 -5.470068842328148e-12
    vertex 825.308920074912 881.0259755943615 8.999999999994236
  endloop
endfacet
facet normal -8.299600436780352e-16 -8.343485428006139e-16 -1.0
  outer loop
    vertex 722.0165662772022 898.6791533691412 -5.739952722938412e-12
    vertex 721.4989281869971 898.6110050217194 -5.739543595817972e-12
    vertex 715.3089200749112 911.0259755943599 -5.566658245470535e-12
  endloop
endfacet
facet normal -8.299600436780352e-16 -8.343485428006139e-16 -1.0
  outer loop
    vertex 721.0165662772022 898.4112041767102 -5.739033728265199e-12
    vertex 715.3089200749112 911.0259755943599 -5.566658245470535e-12
    vertex 721.4989281869971 898.6110050217194 -5.739543595817972e-12
  endloop
endfacet
facet normal -8.299600436780352e-16 -8.343485428006139e-16 -1.0
  outer loop
    vertex 720.6023527148291 898.0933669315143 -5.73845786691122e-12
    vertex 715.3089200749112 911.0259755943599 -5.566658245470535e-12
    vertex 721.0165662772022 898.4112041767102 -5.739033728265199e-12
  endloop
endfacet
facet normal -8.299600436780352e-16 -8.343485428006139e-16 -1.0
  outer loop
    vertex 720.2845154696332 897.6791533691413 -5.737855255755649e-12
    vertex 715.3089200749112 911.0259755943599 -5.566658245470535e-12
    vertex 720.6023527148291 898.0933669315143 -5.73845786691122e-12
  endloop
endfacet
facet normal -8.299600436780352e-16 -8.343485428006139e-16 -1.0
  outer loop
    vertex 697.0778731388182 864.1461406158323 -5.465154453550664e-12
    vertex 715.3089200749112 911.0259755943599 -5.566658245470535e-12
    vertex 720.2845154696332 897.6791533691413 -5.737855255755649e-12
  endloop
endfacet
facet normal -8.299600436780352e-16 -8.343485428006139e-16 -1.0
  outer loop
    vertex 720.0847146246241 897.1967914593463 -5.73726696175288e-12
    vertex 697.0778731388182 864.1461406158323 -5.465154453550664e-12
    vertex 720.2845154696332 897.6791533691413 -5.737855255755649e-12
  endloop
endfacet
facet normal -8.299600436780352e-16 -8.343485428006139e-16 -1.0
  outer loop
    vertex 720.0165662772022 896.6791533691412 -5.736733076166999e-12
    vertex 697.0778731388182 864.1461406158323 -5.465154453550664e-12
    vertex 720.0847146246241 897.1967914593463 -5.73726696175288e-12
  endloop
endfacet
facet normal -8.299600436780352e-16 -8.343485428006139e-16 -1.0
  outer loop
    vertex 720.0847146246241 896.1615152789361 -5.736289982418394e-12
    vertex 697.0778731388182 864.1461406158323 -5.465154453550664e-12
    vertex 720.0165662772022 896.6791533691412 -5.736733076166999e-12
  endloop
endfacet
facet normal -8.299600436780352e-16 -8.343485428006139e-16 -1.0
  outer loop
    vertex 720.2845154696332 895.6791533691412 -5.735967876613787e-12
    vertex 697.0778731388182 864.1461406158323 -5.465154453550664e-12
    vertex 720.0847146246241 896.1615152789361 -5.736289982418394e-12
  endloop
endfacet
facet normal -8.299600436780352e-16 -8.343485428006139e-16 -1.0
  outer loop
    vertex 720.6023527148292 895.2649398067682 -5.735788709731457e-12
    vertex 697.0778731388182 864.1461406158323 -5.465154453550664e-12
    vertex 720.2845154696332 895.6791533691412 -5.735967876613787e-12
  endloop
endfacet
facet normal -8.299600436780352e-16 -8.343485428006139e-16 -1.0
  outer loop
    vertex 721.0165662772023 894.9471025615724 -5.735764691698348e-12
    vertex 697.0778731388182 864.1461406158323 -5.465154453550664e-12
    vertex 720.6023527148292 895.2649398067682 -5.735788709731457e-12
  endloop
endfacet
facet normal -8.299600436780352e-16 -8.343485428006139e-16 -1.0
  outer loop
    vertex 721.4989281869972 894.7473017165631 -5.735897459303722e-12
    vertex 697.0778731388182 864.1461406158323 -5.465154453550664e-12
    vertex 721.0165662772023 894.9471025615724 -5.735764691698348e-12
  endloop
endfacet
facet normal -8.299600436780352e-16 -8.343485428006139e-16 -1.0
  outer loop
    vertex 722.0165662772022 894.6791533691412 -5.7361779646546855e-12
    vertex 697.0778731388182 864.1461406158323 -5.465154453550664e-12
    vertex 721.4989281869972 894.7473017165631 -5.735897459303722e-12
  endloop
endfacet
facet normal -8.299600436780352e-16 -8.343485428006139e-16 -1.0
  outer loop
    vertex 825.3089200749118 881.0259755943616 -5.746980669130153e-12
    vertex 697.0778731388182 864.1461406158323 -5.465154453550664e-12
    vertex 722.0165662772022 894.6791533691412 -5.7361779646546855e-12
  endloop
endfacet
facet normal -8.299600436780352e-16 -8.343485428006139e-16 -1.0
  outer loop
    vertex 808.8453101885988 874.998586847853 -5.6852062542508186e-12
    vertex 697.0778731388182 864.1461406158323 -5.465154453550664e-12
    vertex 825.3089200749118 881.0259755943616 -5.746980669130153e-12
  endloop
endfacet
facet normal -8.299600436780352e-16 -8.343485428006139e-16 -1.0
  outer loop
    vertex 808.3276720983937 874.9304385004311 -5.6847971271303796e-12
    vertex 697.0778731388182 864.1461406158323 -5.465154453550664e-12
    vertex 808.8453101885988 874.998586847853 -5.6852062542508186e-12
  endloop
endfacet
facet normal -8.299600436780352e-16 -8.343485428006139e-16 -1.0
  outer loop
    vertex 807.8453101885988 874.7306376554219 -5.684287259577607e-12
    vertex 697.0778731388182 864.1461406158323 -5.465154453550664e-12
    vertex 808.3276720983937 874.9304385004311 -5.6847971271303796e-12
  endloop
endfacet
facet normal -8.299600436780352e-16 -8.343485428006139e-16 -1.0
  outer loop
    vertex 807.4310966262257 874.4128004102259 -5.683711398223627e-12
    vertex 697.0778731388182 864.1461406158323 -5.465154453550664e-12
    vertex 807.8453101885988 874.7306376554219 -5.684287259577607e-12
  endloop
endfacet
facet normal -8.299600436780352e-16 -8.343485428006139e-16 -1.0
  outer loop
    vertex 807.1132593810298 873.9985868478528 -5.6831087870680575e-12
    vertex 697.0778731388182 864.1461406158323 -5.465154453550664e-12
    vertex 807.4310966262257 874.4128004102259 -5.683711398223627e-12
  endloop
endfacet
facet normal -8.299600436780352e-16 -8.343485428006139e-16 -1.0
  outer loop
    vertex 806.9134585360207 873.5162249380578 -5.682520493065288e-12
    vertex 697.0778731388182 864.1461406158323 -5.465154453550664e-12
    vertex 807.1132593810298 873.9985868478528 -5.6831087870680575e-12
  endloop
endfacet
facet normal -8.299600436780352e-16 -8.343485428006139e-16 -1.0
  outer loop
    vertex 806.8453101885987 872.9985868478527 -5.681986607479406e-12
    vertex 697.0778731388182 864.1461406158323 -5.465154453550664e-12
    vertex 806.9134585360207 873.5162249380578 -5.682520493065288e-12
  endloop
endfacet
facet normal -8.299600436780352e-16 -8.343485428006139e-16 -1.0
  outer loop
    vertex 806.9134585360207 872.4809487576476 -5.681543513730801e-12
    vertex 697.0778731388182 864.1461406158323 -5.465154453550664e-12
    vertex 806.8453101885987 872.9985868478527 -5.681986607479406e-12
  endloop
endfacet
facet normal -8.299600436780352e-16 -8.343485428006139e-16 -1.0
  outer loop
    vertex 807.1132593810298 871.9985868478527 -5.681221407926195e-12
    vertex 697.0778731388182 864.1461406158323 -5.465154453550664e-12
    vertex 806.9134585360207 872.4809487576476 -5.681543513730801e-12
  endloop
endfacet
facet normal -8.299600436780352e-16 -8.343485428006139e-16 -1.0
  outer loop
    vertex 807.4310966262258 871.58437328548 -5.681042241043864e-12
    vertex 697.0778731388182 864.1461406158323 -5.465154453550664e-12
    vertex 807.1132593810298 871.9985868478527 -5.681221407926195e-12
  endloop
endfacet
facet normal -8.299600436780352e-16 -8.343485428006139e-16 -1.0
  outer loop
    vertex 807.8453101885989 871.2665360402841 -5.681018223010755e-12
    vertex 697.0778731388182 864.1461406158323 -5.465154453550664e-12
    vertex 807.4310966262258 871.58437328548 -5.681042241043864e-12
  endloop
endfacet
facet normal -8.299600436780352e-16 -8.343485428006139e-16 -1.0
  outer loop
    vertex 808.3276720983937 871.0667351952749 -5.68115099061613e-12
    vertex 697.0778731388182 864.1461406158323 -5.465154453550664e-12
    vertex 807.8453101885989 871.2665360402841 -5.681018223010755e-12
  endloop
endfacet
facet normal -8.299600436780352e-16 -8.343485428006139e-16 -1.0
  outer loop
    vertex 808.8453101885988 870.998586847853 -5.681431495967093e-12
    vertex 697.0778731388182 864.1461406158323 -5.465154453550664e-12
    vertex 808.3276720983937 871.0667351952749 -5.68115099061613e-12
  endloop
endfacet
facet normal -8.299600436780352e-16 -8.343485428006139e-16 -1.0
  outer loop
    vertex 693.3498544526528 865.595925660452 -5.464039241268396e-12
    vertex 697.0778731388182 864.1461406158323 -5.465154453550664e-12
    vertex 656.1874857132925 770.035548902093 -5.349104799872831e-12
  endloop
endfacet
facet normal -8.299600436780352e-16 -8.343485428006139e-16 -1.0
  outer loop
    vertex 811.808920074912 852.7580264019302 -5.5759533026238744e-12
    vertex 656.1874857132925 770.035548902093 -5.349104799872831e-12
    vertex 697.0778731388182 864.1461406158323 -5.465154453550664e-12
  endloop
endfacet
facet normal -8.299600436780352e-16 -8.343485428006139e-16 -1.0
  outer loop
    vertex 812.2912819847069 852.9578272469396 -5.576463170176647e-12
    vertex 811.808920074912 852.7580264019302 -5.5759533026238744e-12
    vertex 697.0778731388182 864.1461406158323 -5.465154453550664e-12
  endloop
endfacet
facet normal -8.299600436780352e-16 -8.343485428006139e-16 -1.0
  outer loop
    vertex 812.808920074912 853.0259755943614 -5.576872297297086e-12
    vertex 812.2912819847069 852.9578272469396 -5.576463170176647e-12
    vertex 697.0778731388182 864.1461406158323 -5.465154453550664e-12
  endloop
endfacet
facet normal -8.299600436780352e-16 -8.343485428006139e-16 -1.0
  outer loop
    vertex 811.3947065125387 852.4401891567345 -5.620496904990661e-12
    vertex 656.1874857132925 770.035548902093 -5.349104799872831e-12
    vertex 811.808920074912 852.7580264019302 -5.5759533026238744e-12
  endloop
endfacet
facet normal -8.299600436780352e-16 -8.343485428006139e-16 -1.0
  outer loop
    vertex 811.076869267343 852.0259755943613 -5.619894293835091e-12
    vertex 656.1874857132925 770.035548902093 -5.349104799872831e-12
    vertex 811.3947065125387 852.4401891567345 -5.620496904990661e-12
  endloop
endfacet
facet normal -8.299600436780352e-16 -8.343485428006139e-16 -1.0
  outer loop
    vertex 810.8770684223337 851.5436136845664 -5.619305999832322e-12
    vertex 656.1874857132925 770.035548902093 -5.349104799872831e-12
    vertex 811.076869267343 852.0259755943613 -5.619894293835091e-12
  endloop
endfacet
facet normal -8.299600436780352e-16 -8.343485428006139e-16 -1.0
  outer loop
    vertex 810.8089200749118 851.0259755943613 -5.61877211424644e-12
    vertex 656.1874857132925 770.035548902093 -5.349104799872831e-12
    vertex 810.8770684223337 851.5436136845664 -5.619305999832322e-12
  endloop
endfacet
facet normal -8.299600436780352e-16 -8.343485428006139e-16 -1.0
  outer loop
    vertex 810.8770684223337 850.5083375041562 -5.618329020497836e-12
    vertex 656.1874857132925 770.035548902093 -5.349104799872831e-12
    vertex 810.8089200749118 851.0259755943613 -5.61877211424644e-12
  endloop
endfacet
facet normal -8.299600436780352e-16 -8.343485428006139e-16 -1.0
  outer loop
    vertex 811.076869267343 850.0259755943612 -5.572887450972462e-12
    vertex 656.1874857132925 770.035548902093 -5.349104799872831e-12
    vertex 810.8770684223337 850.5083375041562 -5.618329020497836e-12
  endloop
endfacet
facet normal -8.299600436780352e-16 -8.343485428006139e-16 -1.0
  outer loop
    vertex 811.3947065125387 849.6117620319881 -5.572708284090132e-12
    vertex 656.1874857132925 770.035548902093 -5.349104799872831e-12
    vertex 811.076869267343 850.0259755943612 -5.572887450972462e-12
  endloop
endfacet
facet normal -8.299600436780352e-16 -8.343485428006139e-16 -1.0
  outer loop
    vertex 811.8089200749118 849.2939247867923 -5.5726842660570225e-12
    vertex 656.1874857132925 770.035548902093 -5.349104799872831e-12
    vertex 811.3947065125387 849.6117620319881 -5.572708284090132e-12
  endloop
endfacet
facet normal -8.299600436780352e-16 -8.343485428006139e-16 -1.0
  outer loop
    vertex 812.2912819847069 849.094123941783 -5.5728170336623985e-12
    vertex 656.1874857132925 770.035548902093 -5.349104799872831e-12
    vertex 811.8089200749118 849.2939247867923 -5.5726842660570225e-12
  endloop
endfacet
facet normal -8.299600436780352e-16 -8.343485428006139e-16 -1.0
  outer loop
    vertex 812.808920074912 849.0259755943612 -5.573097539013361e-12
    vertex 656.1874857132925 770.035548902093 -5.349104799872831e-12
    vertex 812.2912819847069 849.094123941783 -5.5728170336623985e-12
  endloop
endfacet
facet normal -8.299600436780352e-16 -8.343485428006139e-16 -1.0
  outer loop
    vertex 659.9155043994579 768.5857638574732 -5.350220012155099e-12
    vertex 812.8089200749135 748.0259755943613 -5.703382210953124e-12
    vertex 645.3089200749139 731.0259755943589 -5.4855231468309306e-12
  endloop
endfacet
facet normal -8.299600436780352e-16 -8.343485428006139e-16 -1.0
  outer loop
    vertex 812.2912819847085 747.9578272469395 -5.702973083832685e-12
    vertex 645.3089200749139 731.0259755943589 -5.4855231468309306e-12
    vertex 812.8089200749135 748.0259755943613 -5.703382210953124e-12
  endloop
endfacet
facet normal -8.299600436780352e-16 -8.343485428006139e-16 -1.0
  outer loop
    vertex 811.8089200749135 747.7580264019302 -5.702463216279913e-12
    vertex 645.3089200749139 731.0259755943589 -5.4855231468309306e-12
    vertex 812.2912819847085 747.9578272469395 -5.702973083832685e-12
  endloop
endfacet
facet normal -8.299600436780352e-16 -8.343485428006139e-16 -1.0
  outer loop
    vertex 811.3947065125406 747.4401891567344 -5.7018873549259326e-12
    vertex 645.3089200749139 731.0259755943589 -5.4855231468309306e-12
    vertex 811.8089200749135 747.7580264019302 -5.702463216279913e-12
  endloop
endfacet
facet normal -8.299600436780352e-16 -8.343485428006139e-16 -1.0
  outer loop
    vertex 811.0768692673446 747.0259755943613 -5.701284743770363e-12
    vertex 645.3089200749139 731.0259755943589 -5.4855231468309306e-12
    vertex 811.3947065125406 747.4401891567344 -5.7018873549259326e-12
  endloop
endfacet
facet normal -8.299600436780352e-16 -8.343485428006139e-16 -1.0
  outer loop
    vertex 810.8770684223355 746.5436136845663 -5.700696449767593e-12
    vertex 645.3089200749139 731.0259755943589 -5.4855231468309306e-12
    vertex 811.0768692673446 747.0259755943613 -5.701284743770363e-12
  endloop
endfacet
facet normal -8.299600436780352e-16 -8.343485428006139e-16 -1.0
  outer loop
    vertex 810.8089200749137 746.0259755943612 -5.700162564181711e-12
    vertex 645.3089200749139 731.0259755943589 -5.4855231468309306e-12
    vertex 810.8770684223355 746.5436136845663 -5.700696449767593e-12
  endloop
endfacet
facet normal -8.299600436780352e-16 -8.343485428006139e-16 -1.0
  outer loop
    vertex 810.8770684223355 745.5083375041561 -5.699719470433107e-12
    vertex 645.3089200749139 731.0259755943589 -5.4855231468309306e-12
    vertex 810.8089200749137 746.0259755943612 -5.700162564181711e-12
  endloop
endfacet
facet normal -8.299600436780352e-16 -8.343485428006139e-16 -1.0
  outer loop
    vertex 811.0768692673446 745.0259755943612 -5.6993973646285e-12
    vertex 645.3089200749139 731.0259755943589 -5.4855231468309306e-12
    vertex 810.8770684223355 745.5083375041561 -5.699719470433107e-12
  endloop
endfacet
facet normal -8.299600436780352e-16 -8.343485428006139e-16 -1.0
  outer loop
    vertex 811.3947065125406 744.6117620319882 -5.69921819774617e-12
    vertex 645.3089200749139 731.0259755943589 -5.4855231468309306e-12
    vertex 811.0768692673446 745.0259755943612 -5.6993973646285e-12
  endloop
endfacet
facet normal -8.299600436780352e-16 -8.343485428006139e-16 -1.0
  outer loop
    vertex 811.8089200749135 744.2939247867924 -5.69919417971306e-12
    vertex 645.3089200749139 731.0259755943589 -5.4855231468309306e-12
    vertex 811.3947065125406 744.6117620319882 -5.69921819774617e-12
  endloop
endfacet
facet normal -8.299600436780352e-16 -8.343485428006139e-16 -1.0
  outer loop
    vertex 812.2912819847085 744.0941239417832 -5.699326947318436e-12
    vertex 645.3089200749139 731.0259755943589 -5.4855231468309306e-12
    vertex 811.8089200749135 744.2939247867924 -5.69919417971306e-12
  endloop
endfacet
facet normal -8.299600436780352e-16 -8.343485428006139e-16 -1.0
  outer loop
    vertex 812.8089200749135 744.0259755943613 -5.699607452669398e-12
    vertex 645.3089200749139 731.0259755943589 -5.4855231468309306e-12
    vertex 812.2912819847085 744.0941239417832 -5.699326947318436e-12
  endloop
endfacet
facet normal -8.299600436780352e-16 -8.343485428006139e-16 -1.0
  outer loop
    vertex 685.608920074914 731.0259755943594 -5.331890484683301e-12
    vertex 795.0089200749139 731.0259755943611 -5.630362842623528e-12
    vertex 685.6089200749141 727.0259755943594 -5.3281157263995755e-12
  endloop
endfacet
facet normal -8.299600436780352e-16 -8.343485428006139e-16 -1.0
  outer loop
    vertex 795.0089200749142 727.0259755943611 -5.626588084339803e-12
    vertex 685.6089200749141 727.0259755943594 -5.3281157263995755e-12
    vertex 795.0089200749139 731.0259755943611 -5.630362842623528e-12
  endloop
endfacet
facet normal -8.299600436780352e-16 -8.343485428006139e-16 -1.0
  outer loop
    vertex 825.308920074914 731.0259755943615 -5.470068842328148e-12
    vertex 814.8089200749121 851.0259755943615 -5.576317185784774e-12
    vertex 825.3089200749118 881.0259755943616 -5.746980669130153e-12
  endloop
endfacet
facet normal -8.299600436780352e-16 -8.343485428006139e-16 -1.0
  outer loop
    vertex 814.7407717274901 851.5436136845665 -5.576760279533379e-12
    vertex 825.3089200749118 881.0259755943616 -5.746980669130153e-12
    vertex 814.8089200749121 851.0259755943615 -5.576317185784774e-12
  endloop
endfacet
facet normal -8.299600436780352e-16 -8.343485428006139e-16 -1.0
  outer loop
    vertex 810.7771618411768 873.516224938058 -5.685094236487111e-12
    vertex 825.3089200749118 881.0259755943616 -5.746980669130153e-12
    vertex 814.7407717274901 851.5436136845665 -5.576760279533379e-12
  endloop
endfacet
facet normal -8.299600436780352e-16 -8.343485428006139e-16 -1.0
  outer loop
    vertex 810.5773609961677 873.9985868478528 -5.685416342291717e-12
    vertex 825.3089200749118 881.0259755943616 -5.746980669130153e-12
    vertex 810.7771618411768 873.516224938058 -5.685094236487111e-12
  endloop
endfacet
facet normal -8.299600436780352e-16 -8.343485428006139e-16 -1.0
  outer loop
    vertex 810.2595237509718 874.4128004102259 -5.6855955091740475e-12
    vertex 825.3089200749118 881.0259755943616 -5.746980669130153e-12
    vertex 810.5773609961677 873.9985868478528 -5.685416342291717e-12
  endloop
endfacet
facet normal -8.299600436780352e-16 -8.343485428006139e-16 -1.0
  outer loop
    vertex 809.8453101885987 874.7306376554217 -5.685619527207157e-12
    vertex 825.3089200749118 881.0259755943616 -5.746980669130153e-12
    vertex 810.2595237509718 874.4128004102259 -5.6855955091740475e-12
  endloop
endfacet
facet normal -8.299600436780352e-16 -8.343485428006139e-16 -1.0
  outer loop
    vertex 809.3629482788037 874.930438500431 -5.685486759601782e-12
    vertex 825.3089200749118 881.0259755943616 -5.746980669130153e-12
    vertex 809.8453101885987 874.7306376554217 -5.685619527207157e-12
  endloop
endfacet
facet normal -8.299600436780352e-16 -8.343485428006139e-16 -1.0
  outer loop
    vertex 808.8453101885988 874.998586847853 -5.6852062542508186e-12
    vertex 825.3089200749118 881.0259755943616 -5.746980669130153e-12
    vertex 809.3629482788037 874.930438500431 -5.685486759601782e-12
  endloop
endfacet
facet normal -8.299600436780352e-16 -8.343485428006139e-16 -1.0
  outer loop
    vertex 810.8453101885988 872.998586847853 -5.684651142738506e-12
    vertex 810.7771618411768 873.516224938058 -5.685094236487111e-12
    vertex 814.7407717274901 851.5436136845665 -5.576760279533379e-12
  endloop
endfacet
facet normal -8.299600436780352e-16 -8.343485428006139e-16 -1.0
  outer loop
    vertex 810.7771618411768 872.4809487576479 -5.684117257152624e-12
    vertex 810.8453101885988 872.998586847853 -5.684651142738506e-12
    vertex 814.7407717274901 851.5436136845665 -5.576760279533379e-12
  endloop
endfacet
facet normal -8.299600436780352e-16 -8.343485428006139e-16 -1.0
  outer loop
    vertex 810.5773609961677 871.9985868478527 -5.683528963149855e-12
    vertex 810.7771618411768 872.4809487576479 -5.684117257152624e-12
    vertex 814.7407717274901 851.5436136845665 -5.576760279533379e-12
  endloop
endfacet
facet normal -8.299600436780352e-16 -8.343485428006139e-16 -1.0
  outer loop
    vertex 810.2595237509718 871.5843732854797 -5.682926351994285e-12
    vertex 810.5773609961677 871.9985868478527 -5.683528963149855e-12
    vertex 814.7407717274901 851.5436136845665 -5.576760279533379e-12
  endloop
endfacet
facet normal -8.299600436780352e-16 -8.343485428006139e-16 -1.0
  outer loop
    vertex 809.8453101885988 871.266536040284 -5.682350490640305e-12
    vertex 810.2595237509718 871.5843732854797 -5.682926351994285e-12
    vertex 814.7407717274901 851.5436136845665 -5.576760279533379e-12
  endloop
endfacet
facet normal -8.299600436780352e-16 -8.343485428006139e-16 -1.0
  outer loop
    vertex 809.3629482788039 871.0667351952746 -5.681840623087533e-12
    vertex 809.8453101885988 871.266536040284 -5.682350490640305e-12
    vertex 814.7407717274901 851.5436136845665 -5.576760279533379e-12
  endloop
endfacet
facet normal -8.299600436780352e-16 -8.343485428006139e-16 -1.0
  outer loop
    vertex 808.8453101885988 870.998586847853 -5.681431495967093e-12
    vertex 809.3629482788039 871.0667351952746 -5.681840623087533e-12
    vertex 814.7407717274901 851.5436136845665 -5.576760279533379e-12
  endloop
endfacet
facet normal -8.299600436780352e-16 -8.343485428006139e-16 -1.0
  outer loop
    vertex 814.5409708824809 852.0259755943614 -5.5770823853379854e-12
    vertex 808.8453101885988 870.998586847853 -5.681431495967093e-12
    vertex 814.7407717274901 851.5436136845665 -5.576760279533379e-12
  endloop
endfacet
facet normal -8.299600436780352e-16 -8.343485428006139e-16 -1.0
  outer loop
    vertex 814.2231336372851 852.4401891567346 -5.577261552220315e-12
    vertex 808.8453101885988 870.998586847853 -5.681431495967093e-12
    vertex 814.5409708824809 852.0259755943614 -5.5770823853379854e-12
  endloop
endfacet
facet normal -8.299600436780352e-16 -8.343485428006139e-16 -1.0
  outer loop
    vertex 813.8089200749121 852.7580264019305 -5.5772855702534254e-12
    vertex 808.8453101885988 870.998586847853 -5.681431495967093e-12
    vertex 814.2231336372851 852.4401891567346 -5.577261552220315e-12
  endloop
endfacet
facet normal -8.299600436780352e-16 -8.343485428006139e-16 -1.0
  outer loop
    vertex 813.326558165117 852.9578272469396 -5.5771528026480494e-12
    vertex 808.8453101885988 870.998586847853 -5.681431495967093e-12
    vertex 813.8089200749121 852.7580264019305 -5.5772855702534254e-12
  endloop
endfacet
facet normal -8.299600436780352e-16 -8.343485428006139e-16 -1.0
  outer loop
    vertex 812.808920074912 853.0259755943614 -5.576872297297086e-12
    vertex 808.8453101885988 870.998586847853 -5.681431495967093e-12
    vertex 813.326558165117 852.9578272469396 -5.5771528026480494e-12
  endloop
endfacet
facet normal -8.299600436780352e-16 -8.343485428006139e-16 -1.0
  outer loop
    vertex 697.0778731388182 864.1461406158323 -5.465154453550664e-12
    vertex 808.8453101885988 870.998586847853 -5.681431495967093e-12
    vertex 812.808920074912 853.0259755943614 -5.576872297297086e-12
  endloop
endfacet
facet normal -8.299600436780352e-16 -8.343485428006139e-16 -1.0
  outer loop
    vertex 814.7407717274901 850.5083375041564 -5.575783300198892e-12
    vertex 814.8089200749121 851.0259755943615 -5.576317185784774e-12
    vertex 825.308920074914 731.0259755943615 -5.470068842328148e-12
  endloop
endfacet
facet normal -8.299600436780352e-16 -8.343485428006139e-16 -1.0
  outer loop
    vertex 814.5409708824809 850.0259755943613 -5.575195006196123e-12
    vertex 814.7407717274901 850.5083375041564 -5.575783300198892e-12
    vertex 825.308920074914 731.0259755943615 -5.470068842328148e-12
  endloop
endfacet
facet normal -8.299600436780352e-16 -8.343485428006139e-16 -1.0
  outer loop
    vertex 814.2231336372851 849.6117620319883 -5.574592395040553e-12
    vertex 814.5409708824809 850.0259755943613 -5.575195006196123e-12
    vertex 825.308920074914 731.0259755943615 -5.470068842328148e-12
  endloop
endfacet
facet normal -8.299600436780352e-16 -8.343485428006139e-16 -1.0
  outer loop
    vertex 813.8089200749118 849.2939247867924 -5.574016533686573e-12
    vertex 814.2231336372851 849.6117620319883 -5.574592395040553e-12
    vertex 825.308920074914 731.0259755943615 -5.470068842328148e-12
  endloop
endfacet
facet normal -8.299600436780352e-16 -8.343485428006139e-16 -1.0
  outer loop
    vertex 813.326558165117 849.094123941783 -5.5735066661338e-12
    vertex 813.8089200749118 849.2939247867924 -5.574016533686573e-12
    vertex 825.308920074914 731.0259755943615 -5.470068842328148e-12
  endloop
endfacet
facet normal -8.299600436780352e-16 -8.343485428006139e-16 -1.0
  outer loop
    vertex 812.808920074912 849.0259755943612 -5.573097539013361e-12
    vertex 813.326558165117 849.094123941783 -5.5735066661338e-12
    vertex 825.308920074914 731.0259755943615 -5.470068842328148e-12
  endloop
endfacet
facet normal -8.299600436780352e-16 -8.343485428006139e-16 -1.0
  outer loop
    vertex 814.5409708824825 747.0259755943613 -5.703592298994023e-12
    vertex 812.808920074912 849.0259755943612 -5.573097539013361e-12
    vertex 825.308920074914 731.0259755943615 -5.470068842328148e-12
  endloop
endfacet
facet normal -8.299600436780352e-16 -8.343485428006139e-16 -1.0
  outer loop
    vertex 814.2231336372865 747.4401891567344 -5.7037714658763534e-12
    vertex 812.808920074912 849.0259755943612 -5.573097539013361e-12
    vertex 814.5409708824825 747.0259755943613 -5.703592298994023e-12
  endloop
endfacet
facet normal -8.299600436780352e-16 -8.343485428006139e-16 -1.0
  outer loop
    vertex 813.8089200749135 747.7580264019302 -5.703795483909462e-12
    vertex 812.808920074912 849.0259755943612 -5.573097539013361e-12
    vertex 814.2231336372865 747.4401891567344 -5.7037714658763534e-12
  endloop
endfacet
facet normal -8.299600436780352e-16 -8.343485428006139e-16 -1.0
  outer loop
    vertex 813.3265581651186 747.9578272469395 -5.703662716304088e-12
    vertex 812.808920074912 849.0259755943612 -5.573097539013361e-12
    vertex 813.8089200749135 747.7580264019302 -5.703795483909462e-12
  endloop
endfacet
facet normal -8.299600436780352e-16 -8.343485428006139e-16 -1.0
  outer loop
    vertex 656.1874857132925 770.035548902093 -5.349104799872831e-12
    vertex 812.808920074912 849.0259755943612 -5.573097539013361e-12
    vertex 813.3265581651186 747.9578272469395 -5.703662716304088e-12
  endloop
endfacet
facet normal -8.299600436780352e-16 -8.343485428006139e-16 -1.0
  outer loop
    vertex 659.9155043994579 768.5857638574732 -5.350220012155099e-12
    vertex 656.1874857132925 770.035548902093 -5.349104799872831e-12
    vertex 813.3265581651186 747.9578272469395 -5.703662716304088e-12
  endloop
endfacet
facet normal -8.299600436780352e-16 -8.343485428006139e-16 -1.0
  outer loop
    vertex 812.8089200749135 748.0259755943613 -5.703382210953124e-12
    vertex 659.9155043994579 768.5857638574732 -5.350220012155099e-12
    vertex 813.3265581651186 747.9578272469395 -5.703662716304088e-12
  endloop
endfacet
facet normal -8.299600436780352e-16 -8.343485428006139e-16 -1.0
  outer loop
    vertex 814.7407717274916 746.5436136845664 -5.703270193189416e-12
    vertex 814.5409708824825 747.0259755943613 -5.703592298994023e-12
    vertex 825.308920074914 731.0259755943615 -5.470068842328148e-12
  endloop
endfacet
facet normal -8.299600436780352e-16 -8.343485428006139e-16 -1.0
  outer loop
    vertex 814.8089200749134 746.0259755943613 -5.702827099440811e-12
    vertex 814.7407717274916 746.5436136845664 -5.703270193189416e-12
    vertex 825.308920074914 731.0259755943615 -5.470068842328148e-12
  endloop
endfacet
facet normal -8.299600436780352e-16 -8.343485428006139e-16 -1.0
  outer loop
    vertex 814.7407717274916 745.5083375041563 -5.70229321385493e-12
    vertex 814.8089200749134 746.0259755943613 -5.702827099440811e-12
    vertex 825.308920074914 731.0259755943615 -5.470068842328148e-12
  endloop
endfacet
facet normal -8.299600436780352e-16 -8.343485428006139e-16 -1.0
  outer loop
    vertex 814.5409708824825 745.0259755943613 -5.70170491985216e-12
    vertex 814.7407717274916 745.5083375041563 -5.70229321385493e-12
    vertex 825.308920074914 731.0259755943615 -5.470068842328148e-12
  endloop
endfacet
facet normal -8.299600436780352e-16 -8.343485428006139e-16 -1.0
  outer loop
    vertex 814.2231336372865 744.6117620319882 -5.70110230869659e-12
    vertex 814.5409708824825 745.0259755943613 -5.70170491985216e-12
    vertex 825.308920074914 731.0259755943615 -5.470068842328148e-12
  endloop
endfacet
facet normal -8.299600436780352e-16 -8.343485428006139e-16 -1.0
  outer loop
    vertex 813.8089200749135 744.2939247867924 -5.700526447342611e-12
    vertex 814.2231336372865 744.6117620319882 -5.70110230869659e-12
    vertex 825.308920074914 731.0259755943615 -5.470068842328148e-12
  endloop
endfacet
facet normal -8.299600436780352e-16 -8.343485428006139e-16 -1.0
  outer loop
    vertex 813.3265581651186 744.0941239417832 -5.700016579789838e-12
    vertex 813.8089200749135 744.2939247867924 -5.700526447342611e-12
    vertex 825.308920074914 731.0259755943615 -5.470068842328148e-12
  endloop
endfacet
facet normal -8.299600436780352e-16 -8.343485428006139e-16 -1.0
  outer loop
    vertex 812.8089200749135 744.0259755943613 -5.699607452669398e-12
    vertex 813.3265581651186 744.0941239417832 -5.700016579789838e-12
    vertex 825.308920074914 731.0259755943615 -5.470068842328148e-12
  endloop
endfacet
facet normal -8.299600436780352e-16 -8.343485428006139e-16 -1.0
  outer loop
    vertex 645.3089200749139 731.0259755943589 -5.4855231468309306e-12
    vertex 812.8089200749135 744.0259755943613 -5.699607452669398e-12
    vertex 825.308920074914 731.0259755943615 -5.470068842328148e-12
  endloop
endfacet
facet normal -8.299600436780352e-16 -8.343485428006139e-16 -1.0
  outer loop
    vertex 685.608920074914 731.0259755943594 -5.331890484683301e-12
    vertex 645.3089200749139 731.0259755943589 -5.4855231468309306e-12
    vertex 825.308920074914 731.0259755943615 -5.470068842328148e-12
  endloop
endfacet
facet normal -8.299600436780352e-16 -8.343485428006139e-16 -1.0
  outer loop
    vertex 795.0089200749139 731.0259755943611 -5.630362842623528e-12
    vertex 685.608920074914 731.0259755943594 -5.331890484683301e-12
    vertex 825.308920074914 731.0259755943615 -5.470068842328148e-12
  endloop
endfacet
facet normal -8.299600436780352e-16 -8.343485428006139e-16 -1.0
  outer loop
    vertex 825.3089200749118 881.0259755943616 -5.746980669130153e-12
    vertex 722.5342043674071 898.6110050217194 -5.740233228289374e-12
    vertex 715.3089200749112 911.0259755943599 -5.566658245470535e-12
  endloop
endfacet
facet normal -8.299600436780352e-16 -8.343485428006139e-16 -1.0
  outer loop
    vertex 722.0165662772022 898.6791533691412 -5.739952722938412e-12
    vertex 715.3089200749112 911.0259755943599 -5.566658245470535e-12
    vertex 722.5342043674071 898.6110050217194 -5.740233228289374e-12
  endloop
endfacet
facet normal -8.299600436780352e-16 -8.343485428006139e-16 -1.0
  outer loop
    vertex 723.0165662772021 898.4112041767102 -5.740365995894749e-12
    vertex 722.5342043674071 898.6110050217194 -5.740233228289374e-12
    vertex 825.3089200749118 881.0259755943616 -5.746980669130153e-12
  endloop
endfacet
facet normal -8.299600436780352e-16 -8.343485428006139e-16 -1.0
  outer loop
    vertex 723.4307798395752 898.0933669315143 -5.74034197786164e-12
    vertex 723.0165662772021 898.4112041767102 -5.740365995894749e-12
    vertex 825.3089200749118 881.0259755943616 -5.746980669130153e-12
  endloop
endfacet
facet normal -8.299600436780352e-16 -8.343485428006139e-16 -1.0
  outer loop
    vertex 723.7486170847711 897.6791533691413 -5.74016281097931e-12
    vertex 723.4307798395752 898.0933669315143 -5.74034197786164e-12
    vertex 825.3089200749118 881.0259755943616 -5.746980669130153e-12
  endloop
endfacet
facet normal -8.299600436780352e-16 -8.343485428006139e-16 -1.0
  outer loop
    vertex 723.9484179297802 897.1967914593464 -5.739840705174703e-12
    vertex 723.7486170847711 897.6791533691413 -5.74016281097931e-12
    vertex 825.3089200749118 881.0259755943616 -5.746980669130153e-12
  endloop
endfacet
facet normal -8.299600436780352e-16 -8.343485428006139e-16 -1.0
  outer loop
    vertex 724.0165662772021 896.6791533691413 -5.7393976114260984e-12
    vertex 723.9484179297802 897.1967914593464 -5.739840705174703e-12
    vertex 825.3089200749118 881.0259755943616 -5.746980669130153e-12
  endloop
endfacet
facet normal -8.299600436780352e-16 -8.343485428006139e-16 -1.0
  outer loop
    vertex 723.9484179297802 896.1615152789362 -5.738863725840217e-12
    vertex 724.0165662772021 896.6791533691413 -5.7393976114260984e-12
    vertex 825.3089200749118 881.0259755943616 -5.746980669130153e-12
  endloop
endfacet
facet normal -8.299600436780352e-16 -8.343485428006139e-16 -1.0
  outer loop
    vertex 723.7486170847711 895.6791533691412 -5.738275431837447e-12
    vertex 723.9484179297802 896.1615152789362 -5.738863725840217e-12
    vertex 825.3089200749118 881.0259755943616 -5.746980669130153e-12
  endloop
endfacet
facet normal -8.299600436780352e-16 -8.343485428006139e-16 -1.0
  outer loop
    vertex 723.4307798395753 895.2649398067682 -5.7376728206818774e-12
    vertex 723.7486170847711 895.6791533691412 -5.738275431837447e-12
    vertex 825.3089200749118 881.0259755943616 -5.746980669130153e-12
  endloop
endfacet
facet normal -8.299600436780352e-16 -8.343485428006139e-16 -1.0
  outer loop
    vertex 723.0165662772022 894.9471025615724 -5.737096959327897e-12
    vertex 723.4307798395753 895.2649398067682 -5.7376728206818774e-12
    vertex 825.3089200749118 881.0259755943616 -5.746980669130153e-12
  endloop
endfacet
facet normal -8.299600436780352e-16 -8.343485428006139e-16 -1.0
  outer loop
    vertex 722.5342043674073 894.7473017165631 -5.736587091775125e-12
    vertex 723.0165662772022 894.9471025615724 -5.737096959327897e-12
    vertex 825.3089200749118 881.0259755943616 -5.746980669130153e-12
  endloop
endfacet
facet normal -8.299600436780352e-16 -8.343485428006139e-16 -1.0
  outer loop
    vertex 722.0165662772022 894.6791533691412 -5.7361779646546855e-12
    vertex 722.5342043674073 894.7473017165631 -5.736587091775125e-12
    vertex 825.3089200749118 881.0259755943616 -5.746980669130153e-12
  endloop
endfacet
facet normal 0.26311740579209414 0.9647638212377362 -1.0857089577679702e-15
  outer loop
    vertex 825.308920074912 881.0259755943615 8.999999999994236
    vertex 825.3089200749118 881.0259755943616 -5.746980669130153e-12
    vertex 715.3089200749112 911.0259755943597 8.999999999994417
  endloop
endfacet
facet normal 0.26311740579209414 0.9647638212377362 -1.0857089577679702e-15
  outer loop
    vertex 715.3089200749112 911.0259755943599 -5.566658245470535e-12
    vertex 715.3089200749112 911.0259755943597 8.999999999994417
    vertex 825.3089200749118 881.0259755943616 -5.746980669130153e-12
  endloop
endfacet
facet normal 1.5210055437364645e-14 -1.0 1.6098233857064655e-15
  outer loop
    vertex 825.308920074914 731.0259755943615 -5.470068842328148e-12
    vertex 825.308920074914 731.0259755943615 8.999999999994557
    vertex 795.0089200749139 731.0259755943611 -5.630362842623528e-12
  endloop
endfacet
facet normal 1.5210055437364645e-14 -1.0 1.6098233857064655e-15
  outer loop
    vertex 795.0089200749139 731.0259755943611 8.9999999999944
    vertex 795.0089200749139 731.0259755943611 -5.630362842623528e-12
    vertex 825.308920074914 731.0259755943615 8.999999999994557
  endloop
endfacet
facet normal -0.9320046715413014 0.36244626115493445 -2.2154464843419472e-16
  outer loop
    vertex 715.3089200749112 911.0259755943599 -5.566658245470535e-12
    vertex 697.0778731388182 864.1461406158323 -5.465154453550664e-12
    vertex 715.3089200749112 911.0259755943597 8.999999999994417
  endloop
endfacet
facet normal -0.9320046715413014 0.36244626115493445 -2.2154464843419472e-16
  outer loop
    vertex 697.0778731388182 864.1461406158323 8.999999999994518
    vertex 715.3089200749112 911.0259755943597 8.999999999994417
    vertex 697.0778731388182 864.1461406158323 -5.465154453550664e-12
  endloop
endfacet
facet normal 5.992999927163793e-16 1.0465947538274605e-15 1.0
  outer loop
    vertex 798.0136436501568 871.2883237102037 8.999999999994218
    vertex 808.3276720983937 874.930438500431 8.999999999994209
    vertex 800.3817003022857 879.9711981013432 8.999999999994209
  endloop
endfacet
facet normal 5.992999927163793e-16 1.0465947538274605e-15 1.0
  outer loop
    vertex 808.8453101885988 874.998586847853 8.999999999994209
    vertex 800.3817003022857 879.9711981013432 8.999999999994209
    vertex 808.3276720983937 874.930438500431 8.999999999994209
  endloop
endfacet
facet normal 5.992999927163793e-16 1.0465947538274605e-15 1.0
  outer loop
    vertex 807.8453101885988 874.7306376554217 8.999999999994209
    vertex 808.3276720983937 874.930438500431 8.999999999994209
    vertex 798.0136436501568 871.2883237102037 8.999999999994218
  endloop
endfacet
facet normal 5.992999927163793e-16 1.0465947538274605e-15 1.0
  outer loop
    vertex 807.4310966262257 874.4128004102259 8.999999999994209
    vertex 807.8453101885988 874.7306376554217 8.999999999994209
    vertex 798.0136436501568 871.2883237102037 8.999999999994218
  endloop
endfacet
facet normal 5.992999927163793e-16 1.0465947538274605e-15 1.0
  outer loop
    vertex 807.1132593810298 873.9985868478528 8.999999999994209
    vertex 807.4310966262257 874.4128004102259 8.999999999994209
    vertex 798.0136436501568 871.2883237102037 8.999999999994218
  endloop
endfacet
facet normal 5.992999927163793e-16 1.0465947538274605e-15 1.0
  outer loop
    vertex 806.9134585360207 873.516224938058 8.99999999999421
    vertex 807.1132593810298 873.9985868478528 8.999999999994209
    vertex 798.0136436501568 871.2883237102037 8.999999999994218
  endloop
endfacet
facet normal 5.992999927163793e-16 1.0465947538274605e-15 1.0
  outer loop
    vertex 806.8453101885987 872.998586847853 8.99999999999421
    vertex 806.9134585360207 873.516224938058 8.99999999999421
    vertex 798.0136436501568 871.2883237102037 8.999999999994218
  endloop
endfacet
facet normal 5.992999927163793e-16 1.0465947538274605e-15 1.0
  outer loop
    vertex 806.9134585360207 872.4809487576479 8.99999999999421
    vertex 806.8453101885987 872.998586847853 8.99999999999421
    vertex 798.0136436501568 871.2883237102037 8.999999999994218
  endloop
endfacet
facet normal 5.992999927163793e-16 1.0465947538274605e-15 1.0
  outer loop
    vertex 807.1132593810298 871.998586847853 8.999999999994213
    vertex 806.9134585360207 872.4809487576479 8.99999999999421
    vertex 798.0136436501568 871.2883237102037 8.999999999994218
  endloop
endfacet
facet normal 5.992999927163793e-16 1.0465947538274605e-15 1.0
  outer loop
    vertex 807.4310966262258 871.5843732854797 8.999999999994213
    vertex 807.1132593810298 871.998586847853 8.999999999994213
    vertex 798.0136436501568 871.2883237102037 8.999999999994218
  endloop
endfacet
facet normal 5.992999927163793e-16 1.0465947538274605e-15 1.0
  outer loop
    vertex 807.8453101885989 871.266536040284 8.999999999994213
    vertex 807.4310966262258 871.5843732854797 8.999999999994213
    vertex 798.0136436501568 871.2883237102037 8.999999999994218
  endloop
endfacet
facet normal 5.992999927163793e-16 1.0465947538274605e-15 1.0
  outer loop
    vertex 722.0165662772022 898.6791533691412 8.999999999994243
    vertex 732.8482328156441 898.38941650679 8.999999999994236
    vertex 715.3089200749112 911.0259755943597 8.999999999994417
  endloop
endfacet
facet normal 5.992999927163793e-16 1.0465947538274605e-15 1.0
  outer loop
    vertex 825.308920074912 881.0259755943615 8.999999999994236
    vertex 715.3089200749112 911.0259755943597 8.999999999994417
    vertex 732.8482328156441 898.38941650679 8.999999999994236
  endloop
endfacet
facet normal 5.992999927163793e-16 1.0465947538274605e-15 1.0
  outer loop
    vertex 722.5342043674071 898.6110050217194 8.999999999994243
    vertex 732.8482328156441 898.38941650679 8.999999999994236
    vertex 722.0165662772022 898.6791533691412 8.999999999994243
  endloop
endfacet
facet normal 5.992999927163793e-16 1.0465947538274605e-15 1.0
  outer loop
    vertex 723.0165662772021 898.4112041767102 8.999999999994243
    vertex 732.8482328156441 898.38941650679 8.999999999994236
    vertex 722.5342043674071 898.6110050217194 8.999999999994243
  endloop
endfacet
facet normal 5.992999927163793e-16 1.0465947538274605e-15 1.0
  outer loop
    vertex 800.3817003022857 879.9711981013432 8.999999999994209
    vertex 825.308920074912 881.0259755943615 8.999999999994236
    vertex 732.8482328156441 898.38941650679 8.999999999994236
  endloop
endfacet
facet normal 5.992999927163793e-16 1.0465947538274605e-15 1.0
  outer loop
    vertex 809.8453101885987 874.7306376554217 8.999999999994209
    vertex 825.308920074912 881.0259755943615 8.999999999994236
    vertex 800.3817003022857 879.9711981013432 8.999999999994209
  endloop
endfacet
facet normal 5.992999927163793e-16 1.0465947538274605e-15 1.0
  outer loop
    vertex 810.2595237509718 874.4128004102259 8.999999999994209
    vertex 825.308920074912 881.0259755943615 8.999999999994236
    vertex 809.8453101885987 874.7306376554217 8.999999999994209
  endloop
endfacet
facet normal 5.992999927163793e-16 1.0465947538274605e-15 1.0
  outer loop
    vertex 810.5773609961677 873.9985868478528 8.999999999994209
    vertex 825.308920074912 881.0259755943615 8.999999999994236
    vertex 810.2595237509718 874.4128004102259 8.999999999994209
  endloop
endfacet
facet normal 5.992999927163793e-16 1.0465947538274605e-15 1.0
  outer loop
    vertex 810.7771618411768 873.516224938058 8.999999999994209
    vertex 825.308920074912 881.0259755943615 8.999999999994236
    vertex 810.5773609961677 873.9985868478528 8.999999999994209
  endloop
endfacet
facet normal 5.992999927163793e-16 1.0465947538274605e-15 1.0
  outer loop
    vertex 814.7407717274901 851.5436136845665 8.999999999994406
    vertex 825.308920074912 881.0259755943615 8.999999999994236
    vertex 810.7771618411768 873.516224938058 8.999999999994209
  endloop
endfacet
facet normal 5.992999927163793e-16 1.0465947538274605e-15 1.0
  outer loop
    vertex 817.3089200749123 836.0259755943613 8.99999999999442
    vertex 825.308920074912 881.0259755943615 8.999999999994236
    vertex 814.7407717274901 851.5436136845665 8.999999999994406
  endloop
endfacet
facet normal 5.992999927163793e-16 1.0465947538274605e-15 1.0
  outer loop
    vertex 825.308920074914 731.0259755943615 8.999999999994557
    vertex 825.308920074912 881.0259755943615 8.999999999994236
    vertex 817.3089200749123 836.0259755943613 8.99999999999442
  endloop
endfacet
facet normal 5.992999927163793e-16 1.0465947538274605e-15 1.0
  outer loop
    vertex 809.3629482788037 874.930438500431 8.999999999994209
    vertex 809.8453101885987 874.7306376554217 8.999999999994209
    vertex 800.3817003022857 879.9711981013432 8.999999999994209
  endloop
endfacet
facet normal 5.992999927163793e-16 1.0465947538274605e-15 1.0
  outer loop
    vertex 808.8453101885988 874.998586847853 8.999999999994209
    vertex 809.3629482788037 874.930438500431 8.999999999994209
    vertex 800.3817003022857 879.9711981013432 8.999999999994209
  endloop
endfacet
facet normal 5.992999927163793e-16 1.0465947538274605e-15 1.0
  outer loop
    vertex 810.8453101885988 872.998586847853 8.999999999994209
    vertex 814.7407717274901 851.5436136845665 8.999999999994406
    vertex 810.7771618411768 873.516224938058 8.999999999994209
  endloop
endfacet
facet normal 5.992999927163793e-16 1.0465947538274605e-15 1.0
  outer loop
    vertex 810.7771618411768 872.4809487576479 8.999999999994209
    vertex 814.7407717274901 851.5436136845665 8.999999999994406
    vertex 810.8453101885988 872.998586847853 8.999999999994209
  endloop
endfacet
facet normal 5.992999927163793e-16 1.0465947538274605e-15 1.0
  outer loop
    vertex 810.5773609961677 871.9985868478527 8.999999999994209
    vertex 814.7407717274901 851.5436136845665 8.999999999994406
    vertex 810.7771618411768 872.4809487576479 8.999999999994209
  endloop
endfacet
facet normal 5.992999927163793e-16 1.0465947538274605e-15 1.0
  outer loop
    vertex 810.2595237509718 871.5843732854797 8.99999999999421
    vertex 814.7407717274901 851.5436136845665 8.999999999994406
    vertex 810.5773609961677 871.9985868478527 8.999999999994209
  endloop
endfacet
facet normal 5.992999927163793e-16 1.0465947538274605e-15 1.0
  outer loop
    vertex 809.8453101885988 871.266536040284 8.99999999999421
    vertex 814.7407717274901 851.5436136845665 8.999999999994406
    vertex 810.2595237509718 871.5843732854797 8.99999999999421
  endloop
endfacet
facet normal 5.992999927163793e-16 1.0465947538274605e-15 1.0
  outer loop
    vertex 809.3629482788039 871.0667351952746 8.99999999999421
    vertex 814.7407717274901 851.5436136845665 8.999999999994406
    vertex 809.8453101885988 871.266536040284 8.99999999999421
  endloop
endfacet
facet normal 5.992999927163793e-16 1.0465947538274605e-15 1.0
  outer loop
    vertex 808.8453101885988 870.998586847853 8.999999999994213
    vertex 814.7407717274901 851.5436136845665 8.999999999994406
    vertex 809.3629482788039 871.0667351952746 8.99999999999421
  endloop
endfacet
facet normal 5.992999927163793e-16 1.0465947538274605e-15 1.0
  outer loop
    vertex 814.5409708824809 852.0259755943614 8.999999999994406
    vertex 814.7407717274901 851.5436136845665 8.999999999994406
    vertex 808.8453101885988 870.998586847853 8.999999999994213
  endloop
endfacet
facet normal 5.992999927163793e-16 1.0465947538274605e-15 1.0
  outer loop
    vertex 814.2231336372851 852.4401891567346 8.999999999994406
    vertex 814.5409708824809 852.0259755943614 8.999999999994406
    vertex 808.8453101885988 870.998586847853 8.999999999994213
  endloop
endfacet
facet normal 5.992999927163793e-16 1.0465947538274605e-15 1.0
  outer loop
    vertex 813.8089200749121 852.7580264019305 8.999999999994406
    vertex 814.2231336372851 852.4401891567346 8.999999999994406
    vertex 808.8453101885988 870.998586847853 8.999999999994213
  endloop
endfacet
facet normal 5.992999927163793e-16 1.0465947538274605e-15 1.0
  outer loop
    vertex 813.326558165117 852.9578272469397 8.999999999994406
    vertex 813.8089200749121 852.7580264019305 8.999999999994406
    vertex 808.8453101885988 870.998586847853 8.999999999994213
  endloop
endfacet
facet normal 5.992999927163793e-16 1.0465947538274605e-15 1.0
  outer loop
    vertex 812.808920074912 853.0259755943615 8.999999999994406
    vertex 813.326558165117 852.9578272469397 8.999999999994406
    vertex 808.8453101885988 870.998586847853 8.999999999994213
  endloop
endfacet
facet normal 5.992999927163793e-16 1.0465947538274605e-15 1.0
  outer loop
    vertex 697.0778731388182 864.1461406158323 8.999999999994518
    vertex 812.808920074912 853.0259755943615 8.999999999994406
    vertex 808.8453101885988 870.998586847853 8.999999999994213
  endloop
endfacet
facet normal 5.992999927163793e-16 1.0465947538274605e-15 1.0
  outer loop
    vertex 814.8089200749121 851.0259755943615 8.999999999994406
    vertex 817.3089200749123 836.0259755943613 8.99999999999442
    vertex 814.7407717274901 851.5436136845665 8.999999999994406
  endloop
endfacet
facet normal 5.992999927163793e-16 1.0465947538274605e-15 1.0
  outer loop
    vertex 814.7407717274901 850.5083375041564 8.999999999994406
    vertex 817.3089200749123 836.0259755943613 8.99999999999442
    vertex 814.8089200749121 851.0259755943615 8.999999999994406
  endloop
endfacet
facet normal 5.992999927163793e-16 1.0465947538274605e-15 1.0
  outer loop
    vertex 814.5409708824809 850.0259755943613 8.999999999994408
    vertex 817.3089200749123 836.0259755943613 8.99999999999442
    vertex 814.7407717274901 850.5083375041564 8.999999999994406
  endloop
endfacet
facet normal 5.992999927163793e-16 1.0465947538274605e-15 1.0
  outer loop
    vertex 814.2231336372851 849.6117620319883 8.999999999994408
    vertex 817.3089200749123 836.0259755943613 8.99999999999442
    vertex 814.5409708824809 850.0259755943613 8.999999999994408
  endloop
endfacet
facet normal 5.992999927163793e-16 1.0465947538274605e-15 1.0
  outer loop
    vertex 813.8089200749118 849.2939247867924 8.99999999999441
    vertex 817.3089200749123 836.0259755943613 8.99999999999442
    vertex 814.2231336372851 849.6117620319883 8.999999999994408
  endloop
endfacet
facet normal 5.992999927163793e-16 1.0465947538274605e-15 1.0
  outer loop
    vertex 813.326558165117 849.0941239417832 8.99999999999441
    vertex 817.3089200749123 836.0259755943613 8.99999999999442
    vertex 813.8089200749118 849.2939247867924 8.99999999999441
  endloop
endfacet
facet normal 5.992999927163793e-16 1.0465947538274605e-15 1.0
  outer loop
    vertex 812.808920074912 849.0259755943614 8.99999999999441
    vertex 817.3089200749123 836.0259755943613 8.99999999999442
    vertex 813.326558165117 849.0941239417832 8.99999999999441
  endloop
endfacet
facet normal 5.992999927163793e-16 1.0465947538274605e-15 1.0
  outer loop
    vertex 808.3089200749123 836.0259755943613 8.999999999994426
    vertex 817.3089200749123 836.0259755943613 8.99999999999442
    vertex 812.808920074912 849.0259755943614 8.99999999999441
  endloop
endfacet
facet normal 5.992999927163793e-16 1.0465947538274605e-15 1.0
  outer loop
    vertex 817.3089200749137 761.0259755943614 8.99999999999431
    vertex 825.308920074914 731.0259755943615 8.999999999994557
    vertex 817.3089200749123 836.0259755943613 8.99999999999442
  endloop
endfacet
facet normal 5.992999927163793e-16 1.0465947538274605e-15 1.0
  outer loop
    vertex 808.3089200749135 761.0259755943613 8.999999999994316
    vertex 825.308920074914 731.0259755943615 8.999999999994557
    vertex 817.3089200749137 761.0259755943614 8.99999999999431
  endloop
endfacet
facet normal 5.992999927163793e-16 1.0465947538274605e-15 1.0
  outer loop
    vertex 814.5409708824825 747.0259755943613 8.999999999994325
    vertex 825.308920074914 731.0259755943615 8.999999999994557
    vertex 808.3089200749135 761.0259755943613 8.999999999994316
  endloop
endfacet
facet normal 5.992999927163793e-16 1.0465947538274605e-15 1.0
  outer loop
    vertex 814.2231336372865 747.4401891567344 8.999999999994325
    vertex 814.5409708824825 747.0259755943613 8.999999999994325
    vertex 808.3089200749135 761.0259755943613 8.999999999994316
  endloop
endfacet
facet normal 5.992999927163793e-16 1.0465947538274605e-15 1.0
  outer loop
    vertex 813.8089200749135 747.7580264019302 8.999999999994325
    vertex 814.2231336372865 747.4401891567344 8.999999999994325
    vertex 808.3089200749135 761.0259755943613 8.999999999994316
  endloop
endfacet
facet normal 5.992999927163793e-16 1.0465947538274605e-15 1.0
  outer loop
    vertex 813.3265581651186 747.9578272469395 8.999999999994325
    vertex 813.8089200749135 747.7580264019302 8.999999999994325
    vertex 808.3089200749135 761.0259755943613 8.999999999994316
  endloop
endfacet
facet normal 5.992999927163793e-16 1.0465947538274605e-15 1.0
  outer loop
    vertex 812.8089200749135 748.0259755943613 8.999999999994325
    vertex 813.3265581651186 747.9578272469395 8.999999999994325
    vertex 808.3089200749135 761.0259755943613 8.999999999994316
  endloop
endfacet
facet normal 5.992999927163793e-16 1.0465947538274605e-15 1.0
  outer loop
    vertex 814.7407717274916 746.5436136845664 8.999999999994325
    vertex 825.308920074914 731.0259755943615 8.999999999994557
    vertex 814.5409708824825 747.0259755943613 8.999999999994325
  endloop
endfacet
facet normal 5.992999927163793e-16 1.0465947538274605e-15 1.0
  outer loop
    vertex 814.8089200749134 746.0259755943613 8.999999999994325
    vertex 825.308920074914 731.0259755943615 8.999999999994557
    vertex 814.7407717274916 746.5436136845664 8.999999999994325
  endloop
endfacet
facet normal 5.992999927163793e-16 1.0465947538274605e-15 1.0
  outer loop
    vertex 814.7407717274916 745.5083375041563 8.999999999994326
    vertex 825.308920074914 731.0259755943615 8.999999999994557
    vertex 814.8089200749134 746.0259755943613 8.999999999994325
  endloop
endfacet
facet normal 5.992999927163793e-16 1.0465947538274605e-15 1.0
  outer loop
    vertex 814.5409708824825 745.0259755943613 8.999999999994326
    vertex 825.308920074914 731.0259755943615 8.999999999994557
    vertex 814.7407717274916 745.5083375041563 8.999999999994326
  endloop
endfacet
facet normal 5.992999927163793e-16 1.0465947538274605e-15 1.0
  outer loop
    vertex 814.2231336372865 744.6117620319882 8.999999999994328
    vertex 825.308920074914 731.0259755943615 8.999999999994557
    vertex 814.5409708824825 745.0259755943613 8.999999999994326
  endloop
endfacet
facet normal 5.992999927163793e-16 1.0465947538274605e-15 1.0
  outer loop
    vertex 813.8089200749135 744.2939247867924 8.999999999994328
    vertex 825.308920074914 731.0259755943615 8.999999999994557
    vertex 814.2231336372865 744.6117620319882 8.999999999994328
  endloop
endfacet
facet normal 5.992999927163793e-16 1.0465947538274605e-15 1.0
  outer loop
    vertex 813.3265581651186 744.0941239417832 8.999999999994328
    vertex 825.308920074914 731.0259755943615 8.999999999994557
    vertex 813.8089200749135 744.2939247867924 8.999999999994328
  endloop
endfacet
facet normal 5.992999927163793e-16 1.0465947538274605e-15 1.0
  outer loop
    vertex 812.8089200749135 744.0259755943613 8.99999999999433
    vertex 825.308920074914 731.0259755943615 8.999999999994557
    vertex 813.3265581651186 744.0941239417832 8.999999999994328
  endloop
endfacet
facet normal 5.992999927163793e-16 1.0465947538274605e-15 1.0
  outer loop
    vertex 645.3089200749139 731.0259755943588 8.999999999994499
    vertex 825.308920074914 731.0259755943615 8.999999999994557
    vertex 812.8089200749135 744.0259755943613 8.99999999999433
  endloop
endfacet
facet normal 5.992999927163793e-16 1.0465947538274605e-15 1.0
  outer loop
    vertex 685.608920074914 731.0259755943594 8.999999999994651
    vertex 825.308920074914 731.0259755943615 8.999999999994557
    vertex 645.3089200749139 731.0259755943588 8.999999999994499
  endloop
endfacet
facet normal 5.992999927163793e-16 1.0465947538274605e-15 1.0
  outer loop
    vertex 795.0089200749139 731.0259755943611 8.9999999999944
    vertex 825.308920074914 731.0259755943615 8.999999999994557
    vertex 685.608920074914 731.0259755943594 8.999999999994651
  endloop
endfacet
facet normal 5.992999927163793e-16 1.0465947538274605e-15 1.0
  outer loop
    vertex 795.0089200749139 730.0259755943611 8.999999999994353
    vertex 795.0089200749139 731.0259755943611 8.9999999999944
    vertex 685.608920074914 731.0259755943594 8.999999999994651
  endloop
endfacet
facet normal 5.992999927163793e-16 1.0465947538274605e-15 1.0
  outer loop
    vertex 685.6089200749142 730.0259755943594 8.999999999994607
    vertex 795.0089200749139 730.0259755943611 8.999999999994353
    vertex 685.608920074914 731.0259755943594 8.999999999994651
  endloop
endfacet
facet normal 5.992999927163793e-16 1.0465947538274605e-15 1.0
  outer loop
    vertex 795.0089200749142 727.0259755943611 8.999999999994492
    vertex 795.0089200749139 730.0259755943611 8.999999999994353
    vertex 685.6089200749142 730.0259755943594 8.999999999994607
  endloop
endfacet
facet normal 5.992999927163793e-16 1.0465947538274605e-15 1.0
  outer loop
    vertex 685.6089200749141 727.0259755943594 8.999999999994655
    vertex 795.0089200749142 727.0259755943611 8.999999999994492
    vertex 685.6089200749142 730.0259755943594 8.999999999994607
  endloop
endfacet
facet normal 5.992999927163793e-16 1.0465947538274605e-15 1.0
  outer loop
    vertex 693.3498544526528 865.595925660452 8.99999999999452
    vertex 656.1874857132925 770.035548902093 8.999999999994634
    vertex 697.0778731388182 864.1461406158323 8.999999999994518
  endloop
endfacet
facet normal 5.992999927163793e-16 1.0465947538274605e-15 1.0
  outer loop
    vertex 811.808920074912 852.7580264019302 8.999999999994406
    vertex 697.0778731388182 864.1461406158323 8.999999999994518
    vertex 656.1874857132925 770.035548902093 8.999999999994634
  endloop
endfacet
facet normal 5.992999927163793e-16 1.0465947538274605e-15 1.0
  outer loop
    vertex 812.2912819847069 852.9578272469396 8.999999999994406
    vertex 697.0778731388182 864.1461406158323 8.999999999994518
    vertex 811.808920074912 852.7580264019302 8.999999999994406
  endloop
endfacet
facet normal 5.992999927163793e-16 1.0465947538274605e-15 1.0
  outer loop
    vertex 812.808920074912 853.0259755943615 8.999999999994406
    vertex 697.0778731388182 864.1461406158323 8.999999999994518
    vertex 812.2912819847069 852.9578272469396 8.999999999994406
  endloop
endfacet
facet normal 5.992999927163793e-16 1.0465947538274605e-15 1.0
  outer loop
    vertex 811.3947065125387 852.4401891567345 8.999999999994408
    vertex 811.808920074912 852.7580264019302 8.999999999994406
    vertex 656.1874857132925 770.035548902093 8.999999999994634
  endloop
endfacet
facet normal 5.992999927163793e-16 1.0465947538274605e-15 1.0
  outer loop
    vertex 811.076869267343 852.0259755943613 8.999999999994408
    vertex 811.3947065125387 852.4401891567345 8.999999999994408
    vertex 656.1874857132925 770.035548902093 8.999999999994634
  endloop
endfacet
facet normal 5.992999927163793e-16 1.0465947538274605e-15 1.0
  outer loop
    vertex 810.8770684223337 851.5436136845664 8.99999999999441
    vertex 811.076869267343 852.0259755943613 8.999999999994408
    vertex 656.1874857132925 770.035548902093 8.999999999994634
  endloop
endfacet
facet normal 5.992999927163793e-16 1.0465947538274605e-15 1.0
  outer loop
    vertex 810.8089200749118 851.0259755943613 8.99999999999441
    vertex 810.8770684223337 851.5436136845664 8.99999999999441
    vertex 656.1874857132925 770.035548902093 8.999999999994634
  endloop
endfacet
facet normal 5.992999927163793e-16 1.0465947538274605e-15 1.0
  outer loop
    vertex 810.8770684223337 850.5083375041562 8.99999999999441
    vertex 810.8089200749118 851.0259755943613 8.99999999999441
    vertex 656.1874857132925 770.035548902093 8.999999999994634
  endloop
endfacet
facet normal 5.992999927163793e-16 1.0465947538274605e-15 1.0
  outer loop
    vertex 811.076869267343 850.0259755943612 8.999999999994412
    vertex 810.8770684223337 850.5083375041562 8.99999999999441
    vertex 656.1874857132925 770.035548902093 8.999999999994634
  endloop
endfacet
facet normal 5.992999927163793e-16 1.0465947538274605e-15 1.0
  outer loop
    vertex 811.3947065125387 849.6117620319881 8.999999999994412
    vertex 811.076869267343 850.0259755943612 8.999999999994412
    vertex 656.1874857132925 770.035548902093 8.999999999994634
  endloop
endfacet
facet normal 5.992999927163793e-16 1.0465947538274605e-15 1.0
  outer loop
    vertex 811.8089200749118 849.2939247867923 8.999999999994412
    vertex 811.3947065125387 849.6117620319881 8.999999999994412
    vertex 656.1874857132925 770.035548902093 8.999999999994634
  endloop
endfacet
facet normal 5.992999927163793e-16 1.0465947538274605e-15 1.0
  outer loop
    vertex 812.291281984707 849.094123941783 8.999999999994412
    vertex 811.8089200749118 849.2939247867923 8.999999999994412
    vertex 656.1874857132925 770.035548902093 8.999999999994634
  endloop
endfacet
facet normal 5.992999927163793e-16 1.0465947538274605e-15 1.0
  outer loop
    vertex 812.808920074912 849.0259755943614 8.99999999999441
    vertex 812.291281984707 849.094123941783 8.999999999994412
    vertex 656.1874857132925 770.035548902093 8.999999999994634
  endloop
endfacet
facet normal 5.992999927163793e-16 1.0465947538274605e-15 1.0
  outer loop
    vertex 808.3089200749123 836.0259755943613 8.999999999994426
    vertex 812.808920074912 849.0259755943614 8.99999999999441
    vertex 656.1874857132925 770.035548902093 8.999999999994634
  endloop
endfacet
facet normal 5.992999927163793e-16 1.0465947538274605e-15 1.0
  outer loop
    vertex 808.3089200749135 761.0259755943613 8.999999999994316
    vertex 808.3089200749123 836.0259755943613 8.999999999994426
    vertex 656.1874857132925 770.035548902093 8.999999999994634
  endloop
endfacet
facet normal 5.992999927163793e-16 1.0465947538274605e-15 1.0
  outer loop
    vertex 659.9155043994579 768.5857638574732 8.999999999994632
    vertex 808.3089200749135 761.0259755943613 8.999999999994316
    vertex 656.1874857132925 770.035548902093 8.999999999994634
  endloop
endfacet
facet normal 5.992999927163793e-16 1.0465947538274605e-15 1.0
  outer loop
    vertex 645.3089200749139 731.0259755943588 8.999999999994499
    vertex 808.3089200749135 761.0259755943613 8.999999999994316
    vertex 659.9155043994579 768.5857638574732 8.999999999994632
  endloop
endfacet
facet normal 5.992999927163793e-16 1.0465947538274605e-15 1.0
  outer loop
    vertex 812.8089200749135 748.0259755943613 8.999999999994325
    vertex 808.3089200749135 761.0259755943613 8.999999999994316
    vertex 645.3089200749139 731.0259755943588 8.999999999994499
  endloop
endfacet
facet normal 5.992999927163793e-16 1.0465947538274605e-15 1.0
  outer loop
    vertex 812.2912819847085 747.9578272469394 8.999999999994325
    vertex 812.8089200749135 748.0259755943613 8.999999999994325
    vertex 645.3089200749139 731.0259755943588 8.999999999994499
  endloop
endfacet
facet normal 5.992999927163793e-16 1.0465947538274605e-15 1.0
  outer loop
    vertex 811.8089200749135 747.7580264019301 8.999999999994326
    vertex 812.2912819847085 747.9578272469394 8.999999999994325
    vertex 645.3089200749139 731.0259755943588 8.999999999994499
  endloop
endfacet
facet normal 5.992999927163793e-16 1.0465947538274605e-15 1.0
  outer loop
    vertex 811.3947065125406 747.4401891567344 8.999999999994326
    vertex 811.8089200749135 747.7580264019301 8.999999999994326
    vertex 645.3089200749139 731.0259755943588 8.999999999994499
  endloop
endfacet
facet normal 5.992999927163793e-16 1.0465947538274605e-15 1.0
  outer loop
    vertex 811.0768692673446 747.0259755943613 8.999999999994326
    vertex 811.3947065125406 747.4401891567344 8.999999999994326
    vertex 645.3089200749139 731.0259755943588 8.999999999994499
  endloop
endfacet
facet normal 5.992999927163793e-16 1.0465947538274605e-15 1.0
  outer loop
    vertex 810.8770684223355 746.5436136845663 8.999999999994328
    vertex 811.0768692673446 747.0259755943613 8.999999999994326
    vertex 645.3089200749139 731.0259755943588 8.999999999994499
  endloop
endfacet
facet normal 5.992999927163793e-16 1.0465947538274605e-15 1.0
  outer loop
    vertex 810.8089200749137 746.0259755943612 8.999999999994328
    vertex 810.8770684223355 746.5436136845663 8.999999999994328
    vertex 645.3089200749139 731.0259755943588 8.999999999994499
  endloop
endfacet
facet normal 5.992999927163793e-16 1.0465947538274605e-15 1.0
  outer loop
    vertex 810.8770684223355 745.5083375041561 8.99999999999433
    vertex 810.8089200749137 746.0259755943612 8.999999999994328
    vertex 645.3089200749139 731.0259755943588 8.999999999994499
  endloop
endfacet
facet normal 5.992999927163793e-16 1.0465947538274605e-15 1.0
  outer loop
    vertex 811.0768692673446 745.0259755943612 8.99999999999433
    vertex 810.8770684223355 745.5083375041561 8.99999999999433
    vertex 645.3089200749139 731.0259755943588 8.999999999994499
  endloop
endfacet
facet normal 5.992999927163793e-16 1.0465947538274605e-15 1.0
  outer loop
    vertex 811.3947065125406 744.6117620319882 8.99999999999433
    vertex 811.0768692673446 745.0259755943612 8.99999999999433
    vertex 645.3089200749139 731.0259755943588 8.999999999994499
  endloop
endfacet
facet normal 5.992999927163793e-16 1.0465947538274605e-15 1.0
  outer loop
    vertex 811.8089200749135 744.2939247867923 8.99999999999433
    vertex 811.3947065125406 744.6117620319882 8.99999999999433
    vertex 645.3089200749139 731.0259755943588 8.999999999994499
  endloop
endfacet
facet normal 5.992999927163793e-16 1.0465947538274605e-15 1.0
  outer loop
    vertex 812.2912819847085 744.0941239417831 8.99999999999433
    vertex 811.8089200749135 744.2939247867923 8.99999999999433
    vertex 645.3089200749139 731.0259755943588 8.999999999994499
  endloop
endfacet
facet normal 5.992999927163793e-16 1.0465947538274605e-15 1.0
  outer loop
    vertex 812.8089200749135 744.0259755943613 8.99999999999433
    vertex 812.2912819847085 744.0941239417831 8.99999999999433
    vertex 645.3089200749139 731.0259755943588 8.999999999994499
  endloop
endfacet
facet normal 5.992999927163793e-16 1.0465947538274605e-15 1.0
  outer loop
    vertex 697.0778731388182 864.1461406158323 8.999999999994518
    vertex 720.2845154696332 897.6791533691413 8.999999999994246
    vertex 715.3089200749112 911.0259755943597 8.999999999994417
  endloop
endfacet
facet normal 5.992999927163793e-16 1.0465947538274605e-15 1.0
  outer loop
    vertex 720.6023527148291 898.0933669315143 8.999999999994245
    vertex 715.3089200749112 911.0259755943597 8.999999999994417
    vertex 720.2845154696332 897.6791533691413 8.999999999994246
  endloop
endfacet
facet normal 5.992999927163793e-16 1.0465947538274605e-15 1.0
  outer loop
    vertex 721.0165662772022 898.4112041767102 8.999999999994245
    vertex 715.3089200749112 911.0259755943597 8.999999999994417
    vertex 720.6023527148291 898.0933669315143 8.999999999994245
  endloop
endfacet
facet normal 5.992999927163793e-16 1.0465947538274605e-15 1.0
  outer loop
    vertex 721.4989281869971 898.6110050217194 8.999999999994243
    vertex 715.3089200749112 911.0259755943597 8.999999999994417
    vertex 721.0165662772022 898.4112041767102 8.999999999994245
  endloop
endfacet
facet normal 5.992999927163793e-16 1.0465947538274605e-15 1.0
  outer loop
    vertex 722.0165662772022 898.6791533691412 8.999999999994243
    vertex 715.3089200749112 911.0259755943597 8.999999999994417
    vertex 721.4989281869971 898.6110050217194 8.999999999994243
  endloop
endfacet
facet normal 5.992999927163793e-16 1.0465947538274605e-15 1.0
  outer loop
    vertex 720.0847146246241 897.1967914593463 8.999999999994246
    vertex 720.2845154696332 897.6791533691413 8.999999999994246
    vertex 697.0778731388182 864.1461406158323 8.999999999994518
  endloop
endfacet
facet normal 5.992999927163793e-16 1.0465947538274605e-15 1.0
  outer loop
    vertex 720.0165662772022 896.6791533691412 8.999999999994246
    vertex 720.0847146246241 897.1967914593463 8.999999999994246
    vertex 697.0778731388182 864.1461406158323 8.999999999994518
  endloop
endfacet
facet normal 5.992999927163793e-16 1.0465947538274605e-15 1.0
  outer loop
    vertex 720.0847146246241 896.1615152789361 8.999999999994248
    vertex 720.0165662772022 896.6791533691412 8.999999999994246
    vertex 697.0778731388182 864.1461406158323 8.999999999994518
  endloop
endfacet
facet normal 5.992999927163793e-16 1.0465947538274605e-15 1.0
  outer loop
    vertex 720.2845154696332 895.6791533691412 8.999999999994248
    vertex 720.0847146246241 896.1615152789361 8.999999999994248
    vertex 697.0778731388182 864.1461406158323 8.999999999994518
  endloop
endfacet
facet normal 5.992999927163793e-16 1.0465947538274605e-15 1.0
  outer loop
    vertex 720.6023527148292 895.2649398067682 8.999999999994248
    vertex 720.2845154696332 895.6791533691412 8.999999999994248
    vertex 697.0778731388182 864.1461406158323 8.999999999994518
  endloop
endfacet
facet normal 5.992999927163793e-16 1.0465947538274605e-15 1.0
  outer loop
    vertex 721.0165662772023 894.9471025615724 8.999999999994248
    vertex 720.6023527148292 895.2649398067682 8.999999999994248
    vertex 697.0778731388182 864.1461406158323 8.999999999994518
  endloop
endfacet
facet normal 5.992999927163793e-16 1.0465947538274605e-15 1.0
  outer loop
    vertex 721.4989281869972 894.7473017165631 8.999999999994293
    vertex 721.0165662772023 894.9471025615724 8.999999999994248
    vertex 697.0778731388182 864.1461406158323 8.999999999994518
  endloop
endfacet
facet normal 5.992999927163793e-16 1.0465947538274605e-15 1.0
  outer loop
    vertex 722.0165662772022 894.6791533691412 8.999999999994293
    vertex 721.4989281869972 894.7473017165631 8.999999999994293
    vertex 697.0778731388182 864.1461406158323 8.999999999994518
  endloop
endfacet
facet normal 5.992999927163793e-16 1.0465947538274605e-15 1.0
  outer loop
    vertex 730.4801761635152 889.7065421156504 8.999999999994472
    vertex 722.0165662772022 894.6791533691412 8.999999999994293
    vertex 697.0778731388182 864.1461406158323 8.999999999994518
  endloop
endfacet
facet normal 5.992999927163793e-16 1.0465947538274605e-15 1.0
  outer loop
    vertex 798.0136436501568 871.2883237102037 8.999999999994218
    vertex 730.4801761635152 889.7065421156504 8.999999999994472
    vertex 697.0778731388182 864.1461406158323 8.999999999994518
  endloop
endfacet
facet normal 5.992999927163793e-16 1.0465947538274605e-15 1.0
  outer loop
    vertex 807.8453101885989 871.266536040284 8.999999999994213
    vertex 798.0136436501568 871.2883237102037 8.999999999994218
    vertex 697.0778731388182 864.1461406158323 8.999999999994518
  endloop
endfacet
facet normal 5.992999927163793e-16 1.0465947538274605e-15 1.0
  outer loop
    vertex 808.3276720983937 871.0667351952749 8.999999999994213
    vertex 807.8453101885989 871.266536040284 8.999999999994213
    vertex 697.0778731388182 864.1461406158323 8.999999999994518
  endloop
endfacet
facet normal 5.992999927163793e-16 1.0465947538274605e-15 1.0
  outer loop
    vertex 808.8453101885988 870.998586847853 8.999999999994213
    vertex 808.3276720983937 871.0667351952749 8.999999999994213
    vertex 697.0778731388182 864.1461406158323 8.999999999994518
  endloop
endfacet
facet normal 5.992999927163793e-16 1.0465947538274605e-15 1.0
  outer loop
    vertex 723.0165662772021 898.4112041767102 8.999999999994243
    vertex 723.4307798395752 898.0933669315143 8.999999999994243
    vertex 732.8482328156441 898.38941650679 8.999999999994236
  endloop
endfacet
facet normal 5.992999927163793e-16 1.0465947538274605e-15 1.0
  outer loop
    vertex 730.4801761635152 889.7065421156504 8.999999999994472
    vertex 732.8482328156441 898.38941650679 8.999999999994236
    vertex 723.4307798395752 898.0933669315143 8.999999999994243
  endloop
endfacet
facet normal 5.992999927163793e-16 1.0465947538274605e-15 1.0
  outer loop
    vertex 723.7486170847711 897.6791533691413 8.999999999994243
    vertex 730.4801761635152 889.7065421156504 8.999999999994472
    vertex 723.4307798395752 898.0933669315143 8.999999999994243
  endloop
endfacet
facet normal 5.992999927163793e-16 1.0465947538274605e-15 1.0
  outer loop
    vertex 723.9484179297802 897.1967914593464 8.999999999994289
    vertex 730.4801761635152 889.7065421156504 8.999999999994472
    vertex 723.7486170847711 897.6791533691413 8.999999999994243
  endloop
endfacet
facet normal 5.992999927163793e-16 1.0465947538274605e-15 1.0
  outer loop
    vertex 724.0165662772022 896.6791533691413 8.999999999994289
    vertex 730.4801761635152 889.7065421156504 8.999999999994472
    vertex 723.9484179297802 897.1967914593464 8.999999999994289
  endloop
endfacet
facet normal 5.992999927163793e-16 1.0465947538274605e-15 1.0
  outer loop
    vertex 723.9484179297802 896.1615152789362 8.99999999999429
    vertex 730.4801761635152 889.7065421156504 8.999999999994472
    vertex 724.0165662772022 896.6791533691413 8.999999999994289
  endloop
endfacet
facet normal 5.992999927163793e-16 1.0465947538274605e-15 1.0
  outer loop
    vertex 723.7486170847711 895.6791533691412 8.999999999994245
    vertex 730.4801761635152 889.7065421156504 8.999999999994472
    vertex 723.9484179297802 896.1615152789362 8.99999999999429
  endloop
endfacet
facet normal 5.992999927163793e-16 1.0465947538274605e-15 1.0
  outer loop
    vertex 723.4307798395753 895.2649398067682 8.99999999999429
    vertex 730.4801761635152 889.7065421156504 8.999999999994472
    vertex 723.7486170847711 895.6791533691412 8.999999999994245
  endloop
endfacet
facet normal 5.992999927163793e-16 1.0465947538274605e-15 1.0
  outer loop
    vertex 723.0165662772022 894.9471025615724 8.99999999999429
    vertex 730.4801761635152 889.7065421156504 8.999999999994472
    vertex 723.4307798395753 895.2649398067682 8.99999999999429
  endloop
endfacet
facet normal 5.992999927163793e-16 1.0465947538274605e-15 1.0
  outer loop
    vertex 722.5342043674073 894.7473017165631 8.99999999999429
    vertex 730.4801761635152 889.7065421156504 8.999999999994472
    vertex 723.0165662772022 894.9471025615724 8.99999999999429
  endloop
endfacet
facet normal 5.992999927163793e-16 1.0465947538274605e-15 1.0
  outer loop
    vertex 722.0165662772022 894.6791533691412 8.999999999994293
    vertex 730.4801761635152 889.7065421156504 8.999999999994472
    vertex 722.5342043674073 894.7473017165631 8.99999999999429
  endloop
endfacet
facet normal 1.5210055437364645e-14 -1.0 1.6098233857064667e-15
  outer loop
    vertex 685.608920074914 731.0259755943594 -5.331890484683301e-12
    vertex 685.608920074914 731.0259755943594 8.999999999994651
    vertex 645.3089200749139 731.0259755943589 -5.4855231468309306e-12
  endloop
endfacet
facet normal 1.5210055437364645e-14 -1.0 1.6098233857064667e-15
  outer loop
    vertex 645.3089200749139 731.0259755943588 8.999999999994499
    vertex 645.3089200749139 731.0259755943589 -5.4855231468309306e-12
    vertex 685.608920074914 731.0259755943594 8.999999999994651
  endloop
endfacet
facet normal 1.5210055437364645e-14 -1.0 1.609823385706466e-15
  outer loop
    vertex 795.0089200749142 727.0259755943611 -5.626588084339803e-12
    vertex 795.0089200749142 727.0259755943611 8.999999999994492
    vertex 685.6089200749141 727.0259755943594 -5.3281157263995755e-12
  endloop
endfacet
facet normal 1.5210055437364645e-14 -1.0 1.609823385706466e-15
  outer loop
    vertex 685.6089200749141 727.0259755943594 8.999999999994655
    vertex 685.6089200749141 727.0259755943594 -5.3281157263995755e-12
    vertex 795.0089200749142 727.0259755943611 8.999999999994492
  endloop
endfacet
facet normal -1.0 -1.5210055437364654e-14 3.3306690738754534e-16
  outer loop
    vertex 685.608920074914 731.0259755943594 -5.331890484683301e-12
    vertex 685.6089200749141 727.0259755943594 -5.3281157263995755e-12
    vertex 685.608920074914 731.0259755943594 8.999999999994651
  endloop
endfacet
facet normal -1.0 -1.5210055437364654e-14 3.3306690738754534e-16
  outer loop
    vertex 685.6089200749142 730.0259755943594 8.999999999994607
    vertex 685.608920074914 731.0259755943594 8.999999999994651
    vertex 685.6089200749141 727.0259755943594 -5.3281157263995755e-12
  endloop
endfacet
facet normal -1.0 -1.5210055437364654e-14 3.3306690738754534e-16
  outer loop
    vertex 685.6089200749142 730.0259755943594 8.999999999994607
    vertex 685.6089200749141 727.0259755943594 -5.3281157263995755e-12
    vertex 685.6089200749141 727.0259755943594 8.999999999994655
  endloop
endfacet
facet normal 1.0 1.5210055437364654e-14 -9.597261257315214e-16
  outer loop
    vertex 795.0089200749142 727.0259755943611 -5.626588084339803e-12
    vertex 795.0089200749139 731.0259755943611 -5.630362842623528e-12
    vertex 795.0089200749142 727.0259755943611 8.999999999994492
  endloop
endfacet
facet normal 1.0 1.5210055437364654e-14 -9.597261257315214e-16
  outer loop
    vertex 795.0089200749139 730.0259755943611 8.999999999994353
    vertex 795.0089200749142 727.0259755943611 8.999999999994492
    vertex 795.0089200749139 731.0259755943611 -5.630362842623528e-12
  endloop
endfacet
facet normal 1.0 1.5210055437364654e-14 -9.597261257315214e-16
  outer loop
    vertex 795.0089200749139 730.0259755943611 8.999999999994353
    vertex 795.0089200749139 731.0259755943611 -5.630362842623528e-12
    vertex 795.0089200749139 731.0259755943611 8.9999999999944
  endloop
endfacet
facet normal 6.072303154130198e-16 1.0058805640274666e-15 1.0
  outer loop
    vertex 808.3089200749123 836.0259755943613 4.999999999994433
    vertex 808.3089200749135 761.0259755943613 4.999999999994324
    vertex 817.3089200749123 836.0259755943613 4.999999999994427
  endloop
endfacet
facet normal 6.072303154130198e-16 1.0058805640274666e-15 1.0
  outer loop
    vertex 817.3089200749137 761.0259755943614 4.999999999994317
    vertex 817.3089200749123 836.0259755943613 4.999999999994427
    vertex 808.3089200749135 761.0259755943613 4.999999999994324
  endloop
endfacet
facet normal -1.0 -1.5210055437364654e-14 6.072303154130353e-16
  outer loop
    vertex 817.3089200749137 761.0259755943614 4.999999999994317
    vertex 817.3089200749137 761.0259755943614 8.99999999999431
    vertex 817.3089200749123 836.0259755943613 4.999999999994427
  endloop
endfacet
facet normal -1.0 -1.5210055437364654e-14 6.072303154130353e-16
  outer loop
    vertex 817.3089200749123 836.0259755943613 8.99999999999442
    vertex 817.3089200749123 836.0259755943613 4.999999999994427
    vertex 817.3089200749137 761.0259755943614 8.99999999999431
  endloop
endfacet
facet normal -1.5210055437364645e-14 1.0 -1.005880564027458e-15
  outer loop
    vertex 817.3089200749137 761.0259755943614 8.99999999999431
    vertex 817.3089200749137 761.0259755943614 4.999999999994317
    vertex 808.3089200749135 761.0259755943613 8.999999999994316
  endloop
endfacet
facet normal -1.5210055437364645e-14 1.0 -1.005880564027458e-15
  outer loop
    vertex 808.3089200749135 761.0259755943613 4.999999999994324
    vertex 808.3089200749135 761.0259755943613 8.999999999994316
    vertex 817.3089200749137 761.0259755943614 4.999999999994317
  endloop
endfacet
facet normal 1.0 1.5210055437364654e-14 -6.072303154130353e-16
  outer loop
    vertex 808.3089200749135 761.0259755943613 4.999999999994324
    vertex 808.3089200749123 836.0259755943613 4.999999999994433
    vertex 808.3089200749135 761.0259755943613 8.999999999994316
  endloop
endfacet
facet normal 1.0 1.5210055437364654e-14 -6.072303154130353e-16
  outer loop
    vertex 808.3089200749123 836.0259755943613 8.999999999994426
    vertex 808.3089200749135 761.0259755943613 8.999999999994316
    vertex 808.3089200749123 836.0259755943613 4.999999999994433
  endloop
endfacet
facet normal 1.5210055437364645e-14 -1.0 1.005880564027458e-15
  outer loop
    vertex 817.3089200749123 836.0259755943613 4.999999999994427
    vertex 817.3089200749123 836.0259755943613 8.99999999999442
    vertex 808.3089200749123 836.0259755943613 4.999999999994433
  endloop
endfacet
facet normal 1.5210055437364645e-14 -1.0 1.005880564027458e-15
  outer loop
    vertex 808.3089200749123 836.0259755943613 8.999999999994426
    vertex 808.3089200749123 836.0259755943613 4.999999999994433
    vertex 817.3089200749123 836.0259755943613 8.99999999999442
  endloop
endfacet
facet normal 5.991279091691058e-16 1.0399520529377157e-15 1.0
  outer loop
    vertex 732.8482328156441 898.38941650679 4.999999999994244
    vertex 730.4801761635152 889.7065421156504 4.999999999994479
    vertex 800.3817003022857 879.9711981013432 4.999999999994216
  endloop
endfacet
facet normal 5.991279091691058e-16 1.0399520529377157e-15 1.0
  outer loop
    vertex 798.0136436501568 871.2883237102037 4.999999999994226
    vertex 800.3817003022857 879.9711981013432 4.999999999994216
    vertex 730.4801761635152 889.7065421156504 4.999999999994479
  endloop
endfacet
facet normal -0.9647638212377362 0.26311740579209403 3.043874447430276e-16
  outer loop
    vertex 800.3817003022857 879.9711981013432 4.999999999994216
    vertex 798.0136436501568 871.2883237102037 4.999999999994226
    vertex 800.3817003022857 879.9711981013432 8.999999999994209
  endloop
endfacet
facet normal -0.9647638212377362 0.26311740579209403 3.043874447430276e-16
  outer loop
    vertex 798.0136436501568 871.2883237102037 8.999999999994218
    vertex 800.3817003022857 879.9711981013432 8.999999999994209
    vertex 798.0136436501568 871.2883237102037 4.999999999994226
  endloop
endfacet
facet normal 0.263117405792094 0.9647638212377363 -1.1609490976944369e-15
  outer loop
    vertex 798.0136436501568 871.2883237102037 4.999999999994226
    vertex 730.4801761635152 889.7065421156504 4.999999999994479
    vertex 798.0136436501568 871.2883237102037 8.999999999994218
  endloop
endfacet
facet normal 0.263117405792094 0.9647638212377363 -1.1609490976944369e-15
  outer loop
    vertex 730.4801761635152 889.7065421156504 8.999999999994472
    vertex 798.0136436501568 871.2883237102037 8.999999999994218
    vertex 730.4801761635152 889.7065421156504 4.999999999994479
  endloop
endfacet
facet normal 0.9647638212377357 -0.26311740579209536 -3.043874447430259e-16
  outer loop
    vertex 732.8482328156441 898.38941650679 4.999999999994244
    vertex 732.8482328156441 898.38941650679 8.999999999994236
    vertex 730.4801761635152 889.7065421156504 4.999999999994479
  endloop
endfacet
facet normal 0.9647638212377357 -0.26311740579209536 -3.043874447430259e-16
  outer loop
    vertex 730.4801761635152 889.7065421156504 8.999999999994472
    vertex 730.4801761635152 889.7065421156504 4.999999999994479
    vertex 732.8482328156441 898.38941650679 8.999999999994236
  endloop
endfacet
facet normal -0.26311740579209464 -0.9647638212377362 1.1609490976944367e-15
  outer loop
    vertex 800.3817003022857 879.9711981013432 8.999999999994209
    vertex 732.8482328156441 898.38941650679 8.999999999994236
    vertex 800.3817003022857 879.9711981013432 4.999999999994216
  endloop
endfacet
facet normal -0.26311740579209464 -0.9647638212377362 1.1609490976944367e-15
  outer loop
    vertex 732.8482328156441 898.38941650679 4.999999999994244
    vertex 800.3817003022857 879.9711981013432 4.999999999994216
    vertex 732.8482328156441 898.38941650679 8.999999999994236
  endloop
endfacet
facet normal -0.9320046715413014 0.36244626115493456 -2.0437468002953145e-16
  outer loop
    vertex 645.3089200749139 731.0259755943589 -5.4855231468309306e-12
    vertex 645.3089200749139 731.0259755943588 8.999999999994499
    vertex 659.9155043994579 768.5857638574732 -5.350220012155099e-12
  endloop
endfacet
facet normal -0.9320046715413014 0.36244626115493456 -2.0437468002953145e-16
  outer loop
    vertex 659.9155043994579 768.5857638574732 8.999999999994632
    vertex 659.9155043994579 768.5857638574732 -5.350220012155099e-12
    vertex 645.3089200749139 731.0259755943588 8.999999999994499
  endloop
endfacet
facet normal -0.9320046715413016 0.3624462611549342 -3.87521009679032e-16
  outer loop
    vertex 693.3498544526528 865.595925660452 -5.464039241268396e-12
    vertex 656.1874857132925 770.035548902093 -5.349104799872831e-12
    vertex 693.3498544526528 865.595925660452 8.99999999999452
  endloop
endfacet
facet normal -0.9320046715413016 0.3624462611549342 -3.87521009679032e-16
  outer loop
    vertex 656.1874857132925 770.035548902093 8.999999999994634
    vertex 693.3498544526528 865.595925660452 8.99999999999452
    vertex 656.1874857132925 770.035548902093 -5.349104799872831e-12
  endloop
endfacet
facet normal -0.3624462611549342 -0.9320046715413015 1.0370324521709045e-15
  outer loop
    vertex 659.9155043994579 768.5857638574732 -5.350220012155099e-12
    vertex 659.9155043994579 768.5857638574732 8.999999999994632
    vertex 656.1874857132925 770.035548902093 -5.349104799872831e-12
  endloop
endfacet
facet normal -0.3624462611549342 -0.9320046715413015 1.0370324521709045e-15
  outer loop
    vertex 656.1874857132925 770.035548902093 8.999999999994634
    vertex 656.1874857132925 770.035548902093 -5.349104799872831e-12
    vertex 659.9155043994579 768.5857638574732 8.999999999994632
  endloop
endfacet
facet normal 0.3624462611549342 0.9320046715413015 -1.6210817711319093e-15
  outer loop
    vertex 697.0778731388182 864.1461406158323 8.999999999994518
    vertex 697.0778731388182 864.1461406158323 -5.465154453550664e-12
    vertex 693.3498544526528 865.595925660452 8.99999999999452
  endloop
endfacet
facet normal 0.3624462611549342 0.9320046715413015 -1.6210817711319093e-15
  outer loop
    vertex 693.3498544526528 865.595925660452 -5.464039241268396e-12
    vertex 693.3498544526528 865.595925660452 8.99999999999452
    vertex 697.0778731388182 864.1461406158323 -5.465154453550664e-12
  endloop
endfacet
facet normal -0.9914448613738237 0.1305261922199513 -2.4635241266273146e-16
  outer loop
    vertex 724.0165662772021 896.6791533691413 -5.7393976114260984e-12
    vertex 723.9484179297802 896.1615152789362 -5.738863725840217e-12
    vertex 724.0165662772022 896.6791533691413 8.999999999994289
  endloop
endfacet
facet normal -0.9914448613738237 0.1305261922199513 -2.4635241266273146e-16
  outer loop
    vertex 723.9484179297802 896.1615152789362 8.99999999999429
    vertex 724.0165662772022 896.6791533691413 8.999999999994289
    vertex 723.9484179297802 896.1615152789362 -5.738863725840217e-12
  endloop
endfacet
facet normal -0.9238795325113981 0.38268343236482133 -7.22268728181832e-16
  outer loop
    vertex 723.9484179297802 896.1615152789362 -5.738863725840217e-12
    vertex 723.7486170847711 895.6791533691412 -5.738275431837447e-12
    vertex 723.9484179297802 896.1615152789362 8.99999999999429
  endloop
endfacet
facet normal -0.9238795325113981 0.38268343236482133 -7.22268728181832e-16
  outer loop
    vertex 723.7486170847711 895.6791533691412 8.999999999994245
    vertex 723.9484179297802 896.1615152789362 8.99999999999429
    vertex 723.7486170847711 895.6791533691412 -5.738275431837447e-12
  endloop
endfacet
facet normal -0.7933533402910713 0.6087614290089343 -1.1489636234820435e-15
  outer loop
    vertex 723.7486170847711 895.6791533691412 -5.738275431837447e-12
    vertex 723.4307798395753 895.2649398067682 -5.7376728206818774e-12
    vertex 723.7486170847711 895.6791533691412 8.999999999994245
  endloop
endfacet
facet normal -0.7933533402910713 0.6087614290089343 -1.1489636234820435e-15
  outer loop
    vertex 723.4307798395753 895.2649398067682 8.99999999999429
    vertex 723.7486170847711 895.6791533691412 8.999999999994245
    vertex 723.4307798395753 895.2649398067682 -5.7376728206818774e-12
  endloop
endfacet
facet normal -0.6087614290087651 0.7933533402912012 -1.4973585465927664e-15
  outer loop
    vertex 723.4307798395753 895.2649398067682 8.99999999999429
    vertex 723.4307798395753 895.2649398067682 -5.7376728206818774e-12
    vertex 723.0165662772022 894.9471025615724 8.99999999999429
  endloop
endfacet
facet normal -0.6087614290087651 0.7933533402912012 -1.4973585465927664e-15
  outer loop
    vertex 723.0165662772022 894.9471025615724 -5.737096959327897e-12
    vertex 723.0165662772022 894.9471025615724 8.99999999999429
    vertex 723.4307798395753 895.2649398067682 -5.7376728206818774e-12
  endloop
endfacet
facet normal -0.38268343236523356 0.9238795325112272 -1.7437109592556043e-15
  outer loop
    vertex 723.0165662772022 894.9471025615724 8.99999999999429
    vertex 723.0165662772022 894.9471025615724 -5.737096959327897e-12
    vertex 722.5342043674073 894.7473017165631 8.99999999999429
  endloop
endfacet
facet normal -0.38268343236523356 0.9238795325112272 -1.7437109592556043e-15
  outer loop
    vertex 722.5342043674073 894.7473017165631 -5.736587091775125e-12
    vertex 722.5342043674073 894.7473017165631 8.99999999999429
    vertex 723.0165662772022 894.9471025615724 -5.737096959327897e-12
  endloop
endfacet
facet normal -0.13052619222001158 0.9914448613738157 -1.871232351663944e-15
  outer loop
    vertex 722.5342043674073 894.7473017165631 8.99999999999429
    vertex 722.5342043674073 894.7473017165631 -5.736587091775125e-12
    vertex 722.0165662772022 894.6791533691412 8.999999999994293
  endloop
endfacet
facet normal -0.13052619222001158 0.9914448613738157 -1.871232351663944e-15
  outer loop
    vertex 722.0165662772022 894.6791533691412 -5.7361779646546855e-12
    vertex 722.0165662772022 894.6791533691412 8.999999999994293
    vertex 722.5342043674073 894.7473017165631 -5.736587091775125e-12
  endloop
endfacet
facet normal 0.1305261922199513 0.9914448613738237 -1.871232351663952e-15
  outer loop
    vertex 722.0165662772022 894.6791533691412 8.999999999994293
    vertex 722.0165662772022 894.6791533691412 -5.7361779646546855e-12
    vertex 721.4989281869972 894.7473017165631 8.999999999994293
  endloop
endfacet
facet normal 0.1305261922199513 0.9914448613738237 -1.871232351663952e-15
  outer loop
    vertex 721.4989281869972 894.7473017165631 -5.735897459303722e-12
    vertex 721.4989281869972 894.7473017165631 8.999999999994293
    vertex 722.0165662772022 894.6791533691412 -5.7361779646546855e-12
  endloop
endfacet
facet normal 0.3826834323651775 0.9238795325112505 -1.743710959255628e-15
  outer loop
    vertex 721.4989281869972 894.7473017165631 8.999999999994293
    vertex 721.4989281869972 894.7473017165631 -5.735897459303722e-12
    vertex 721.0165662772023 894.9471025615724 8.999999999994248
  endloop
endfacet
facet normal 0.3826834323651775 0.9238795325112505 -1.743710959255628e-15
  outer loop
    vertex 721.0165662772023 894.9471025615724 -5.735764691698348e-12
    vertex 721.0165662772023 894.9471025615724 8.999999999994248
    vertex 721.4989281869972 894.7473017165631 -5.735897459303722e-12
  endloop
endfacet
facet normal 0.6087614290087168 0.7933533402912383 -1.4973585465928025e-15
  outer loop
    vertex 721.0165662772023 894.9471025615724 8.999999999994248
    vertex 721.0165662772023 894.9471025615724 -5.735764691698348e-12
    vertex 720.6023527148292 895.2649398067682 8.999999999994248
  endloop
endfacet
facet normal 0.6087614290087168 0.7933533402912383 -1.4973585465928025e-15
  outer loop
    vertex 720.6023527148292 895.2649398067682 -5.735788709731457e-12
    vertex 720.6023527148292 895.2649398067682 8.999999999994248
    vertex 721.0165662772023 894.9471025615724 -5.735764691698348e-12
  endloop
endfacet
facet normal 0.7933533402910982 0.6087614290088991 -1.1489636234819322e-15
  outer loop
    vertex 720.6023527148292 895.2649398067682 -5.735788709731457e-12
    vertex 720.2845154696332 895.6791533691412 -5.735967876613787e-12
    vertex 720.6023527148292 895.2649398067682 8.999999999994248
  endloop
endfacet
facet normal 0.7933533402910982 0.6087614290088991 -1.1489636234819322e-15
  outer loop
    vertex 720.2845154696332 895.6791533691412 8.999999999994248
    vertex 720.6023527148292 895.2649398067682 8.999999999994248
    vertex 720.2845154696332 895.6791533691412 -5.735967876613787e-12
  endloop
endfacet
facet normal 0.9238795325113495 0.3826834323649385 -7.222687281820014e-16
  outer loop
    vertex 720.2845154696332 895.6791533691412 -5.735967876613787e-12
    vertex 720.0847146246241 896.1615152789361 -5.736289982418394e-12
    vertex 720.2845154696332 895.6791533691412 8.999999999994248
  endloop
endfacet
facet normal 0.9238795325113495 0.3826834323649385 -7.222687281820014e-16
  outer loop
    vertex 720.0847146246241 896.1615152789361 8.999999999994248
    vertex 720.2845154696332 895.6791533691412 8.999999999994248
    vertex 720.0847146246241 896.1615152789361 -5.736289982418394e-12
  endloop
endfacet
facet normal 0.9914448613738157 0.13052619222001158 -2.4635241266278954e-16
  outer loop
    vertex 720.0847146246241 896.1615152789361 -5.736289982418394e-12
    vertex 720.0165662772022 896.6791533691412 -5.736733076166999e-12
    vertex 720.0847146246241 896.1615152789361 8.999999999994248
  endloop
endfacet
facet normal 0.9914448613738157 0.13052619222001158 -2.4635241266278954e-16
  outer loop
    vertex 720.0165662772022 896.6791533691412 8.999999999994246
    vertex 720.0847146246241 896.1615152789361 8.999999999994248
    vertex 720.0165662772022 896.6791533691412 -5.736733076166999e-12
  endloop
endfacet
facet normal 0.9914448613738237 -0.1305261922199513 2.4635241266273146e-16
  outer loop
    vertex 720.0165662772022 896.6791533691412 -5.736733076166999e-12
    vertex 720.0847146246241 897.1967914593463 -5.73726696175288e-12
    vertex 720.0165662772022 896.6791533691412 8.999999999994246
  endloop
endfacet
facet normal 0.9914448613738237 -0.1305261922199513 2.4635241266273146e-16
  outer loop
    vertex 720.0847146246241 897.1967914593463 8.999999999994246
    vertex 720.0165662772022 896.6791533691412 8.999999999994246
    vertex 720.0847146246241 897.1967914593463 -5.73726696175288e-12
  endloop
endfacet
facet normal 0.9238795325113981 -0.38268343236482133 7.22268728181832e-16
  outer loop
    vertex 720.0847146246241 897.1967914593463 -5.73726696175288e-12
    vertex 720.2845154696332 897.6791533691413 -5.737855255755649e-12
    vertex 720.0847146246241 897.1967914593463 8.999999999994246
  endloop
endfacet
facet normal 0.9238795325113981 -0.38268343236482133 7.22268728181832e-16
  outer loop
    vertex 720.2845154696332 897.6791533691413 8.999999999994246
    vertex 720.0847146246241 897.1967914593463 8.999999999994246
    vertex 720.2845154696332 897.6791533691413 -5.737855255755649e-12
  endloop
endfacet
facet normal 0.7933533402910713 -0.6087614290089343 1.1489636234820435e-15
  outer loop
    vertex 720.2845154696332 897.6791533691413 -5.737855255755649e-12
    vertex 720.6023527148291 898.0933669315143 -5.73845786691122e-12
    vertex 720.2845154696332 897.6791533691413 8.999999999994246
  endloop
endfacet
facet normal 0.7933533402910713 -0.6087614290089343 1.1489636234820435e-15
  outer loop
    vertex 720.6023527148291 898.0933669315143 8.999999999994245
    vertex 720.2845154696332 897.6791533691413 8.999999999994246
    vertex 720.6023527148291 898.0933669315143 -5.73845786691122e-12
  endloop
endfacet
facet normal 0.6087614290087651 -0.7933533402912012 1.4973585465927664e-15
  outer loop
    vertex 721.0165662772022 898.4112041767102 -5.739033728265199e-12
    vertex 721.0165662772022 898.4112041767102 8.999999999994245
    vertex 720.6023527148291 898.0933669315143 -5.73845786691122e-12
  endloop
endfacet
facet normal 0.6087614290087651 -0.7933533402912012 1.4973585465927664e-15
  outer loop
    vertex 720.6023527148291 898.0933669315143 8.999999999994245
    vertex 720.6023527148291 898.0933669315143 -5.73845786691122e-12
    vertex 721.0165662772022 898.4112041767102 8.999999999994245
  endloop
endfacet
facet normal 0.38268343236523356 -0.9238795325112272 1.7437109592556043e-15
  outer loop
    vertex 721.4989281869971 898.6110050217194 -5.739543595817972e-12
    vertex 721.4989281869971 898.6110050217194 8.999999999994243
    vertex 721.0165662772022 898.4112041767102 -5.739033728265199e-12
  endloop
endfacet
facet normal 0.38268343236523356 -0.9238795325112272 1.7437109592556043e-15
  outer loop
    vertex 721.0165662772022 898.4112041767102 8.999999999994245
    vertex 721.0165662772022 898.4112041767102 -5.739033728265199e-12
    vertex 721.4989281869971 898.6110050217194 8.999999999994243
  endloop
endfacet
facet normal 0.13052619222001158 -0.9914448613738157 1.871232351663944e-15
  outer loop
    vertex 722.0165662772022 898.6791533691412 -5.739952722938412e-12
    vertex 722.0165662772022 898.6791533691412 8.999999999994243
    vertex 721.4989281869971 898.6110050217194 -5.739543595817972e-12
  endloop
endfacet
facet normal 0.13052619222001158 -0.9914448613738157 1.871232351663944e-15
  outer loop
    vertex 721.4989281869971 898.6110050217194 8.999999999994243
    vertex 721.4989281869971 898.6110050217194 -5.739543595817972e-12
    vertex 722.0165662772022 898.6791533691412 8.999999999994243
  endloop
endfacet
facet normal -0.1305261922199513 -0.9914448613738237 1.871232351663952e-15
  outer loop
    vertex 722.5342043674071 898.6110050217194 -5.740233228289374e-12
    vertex 722.5342043674071 898.6110050217194 8.999999999994243
    vertex 722.0165662772022 898.6791533691412 -5.739952722938412e-12
  endloop
endfacet
facet normal -0.1305261922199513 -0.9914448613738237 1.871232351663952e-15
  outer loop
    vertex 722.0165662772022 898.6791533691412 8.999999999994243
    vertex 722.0165662772022 898.6791533691412 -5.739952722938412e-12
    vertex 722.5342043674071 898.6110050217194 8.999999999994243
  endloop
endfacet
facet normal -0.3826834323651775 -0.9238795325112505 1.743710959255628e-15
  outer loop
    vertex 723.0165662772021 898.4112041767102 -5.740365995894749e-12
    vertex 723.0165662772021 898.4112041767102 8.999999999994243
    vertex 722.5342043674071 898.6110050217194 -5.740233228289374e-12
  endloop
endfacet
facet normal -0.3826834323651775 -0.9238795325112505 1.743710959255628e-15
  outer loop
    vertex 722.5342043674071 898.6110050217194 8.999999999994243
    vertex 722.5342043674071 898.6110050217194 -5.740233228289374e-12
    vertex 723.0165662772021 898.4112041767102 8.999999999994243
  endloop
endfacet
facet normal -0.6087614290087168 -0.7933533402912383 1.4973585465928025e-15
  outer loop
    vertex 723.4307798395752 898.0933669315143 -5.74034197786164e-12
    vertex 723.4307798395752 898.0933669315143 8.999999999994243
    vertex 723.0165662772021 898.4112041767102 -5.740365995894749e-12
  endloop
endfacet
facet normal -0.6087614290087168 -0.7933533402912383 1.4973585465928025e-15
  outer loop
    vertex 723.0165662772021 898.4112041767102 8.999999999994243
    vertex 723.0165662772021 898.4112041767102 -5.740365995894749e-12
    vertex 723.4307798395752 898.0933669315143 8.999999999994243
  endloop
endfacet
facet normal -0.7933533402910982 -0.6087614290088991 1.1489636234819322e-15
  outer loop
    vertex 723.4307798395752 898.0933669315143 -5.74034197786164e-12
    vertex 723.7486170847711 897.6791533691413 -5.74016281097931e-12
    vertex 723.4307798395752 898.0933669315143 8.999999999994243
  endloop
endfacet
facet normal -0.7933533402910982 -0.6087614290088991 1.1489636234819322e-15
  outer loop
    vertex 723.7486170847711 897.6791533691413 8.999999999994243
    vertex 723.4307798395752 898.0933669315143 8.999999999994243
    vertex 723.7486170847711 897.6791533691413 -5.74016281097931e-12
  endloop
endfacet
facet normal -0.9238795325113495 -0.3826834323649385 7.222687281820014e-16
  outer loop
    vertex 723.7486170847711 897.6791533691413 -5.74016281097931e-12
    vertex 723.9484179297802 897.1967914593464 -5.739840705174703e-12
    vertex 723.7486170847711 897.6791533691413 8.999999999994243
  endloop
endfacet
facet normal -0.9238795325113495 -0.3826834323649385 7.222687281820014e-16
  outer loop
    vertex 723.9484179297802 897.1967914593464 8.999999999994289
    vertex 723.7486170847711 897.6791533691413 8.999999999994243
    vertex 723.9484179297802 897.1967914593464 -5.739840705174703e-12
  endloop
endfacet
facet normal -0.9914448613738157 -0.13052619222001158 2.4635241266278954e-16
  outer loop
    vertex 723.9484179297802 897.1967914593464 -5.739840705174703e-12
    vertex 724.0165662772021 896.6791533691413 -5.7393976114260984e-12
    vertex 723.9484179297802 897.1967914593464 8.999999999994289
  endloop
endfacet
facet normal -0.9914448613738157 -0.13052619222001158 2.4635241266278954e-16
  outer loop
    vertex 724.0165662772022 896.6791533691413 8.999999999994289
    vertex 723.9484179297802 897.1967914593464 8.999999999994289
    vertex 724.0165662772021 896.6791533691413 -5.7393976114260984e-12
  endloop
endfacet
facet normal 0.991444861373779 -0.1305261922202911 -5.332365246764477e-16
  outer loop
    vertex 806.8453101885987 872.9985868478527 -5.681986607479406e-12
    vertex 806.9134585360207 873.5162249380578 -5.682520493065288e-12
    vertex 806.8453101885987 872.998586847853 8.99999999999421
  endloop
endfacet
facet normal 0.991444861373779 -0.1305261922202911 -5.332365246764477e-16
  outer loop
    vertex 806.9134585360207 873.516224938058 8.99999999999421
    vertex 806.8453101885987 872.998586847853 8.99999999999421
    vertex 806.9134585360207 873.5162249380578 -5.682520493065288e-12
  endloop
endfacet
facet normal 0.9238795325113981 -0.38268343236482133 -3.8023652007937013e-16
  outer loop
    vertex 806.9134585360207 873.5162249380578 -5.682520493065288e-12
    vertex 807.1132593810298 873.9985868478528 -5.6831087870680575e-12
    vertex 806.9134585360207 873.516224938058 8.99999999999421
  endloop
endfacet
facet normal 0.9238795325113981 -0.38268343236482133 -3.8023652007937013e-16
  outer loop
    vertex 807.1132593810298 873.9985868478528 8.999999999994209
    vertex 806.9134585360207 873.516224938058 8.99999999999421
    vertex 807.1132593810298 873.9985868478528 -5.6831087870680575e-12
  endloop
endfacet
facet normal 0.7933533402910713 -0.6087614290089343 -2.0132402500876277e-16
  outer loop
    vertex 807.1132593810298 873.9985868478528 -5.6831087870680575e-12
    vertex 807.4310966262257 874.4128004102259 -5.683711398223627e-12
    vertex 807.1132593810298 873.9985868478528 8.999999999994209
  endloop
endfacet
facet normal 0.7933533402910713 -0.6087614290089343 -2.0132402500876277e-16
  outer loop
    vertex 807.4310966262257 874.4128004102259 8.999999999994209
    vertex 807.1132593810298 873.9985868478528 8.999999999994209
    vertex 807.4310966262257 874.4128004102259 -5.683711398223627e-12
  endloop
endfacet
facet normal 0.6087614290087651 -0.7933533402912012 -8.691630338093065e-18
  outer loop
    vertex 807.8453101885988 874.7306376554217 8.999999999994209
    vertex 807.4310966262257 874.4128004102259 8.999999999994209
    vertex 807.8453101885988 874.7306376554219 -5.684287259577607e-12
  endloop
endfacet
facet normal 0.6087614290087651 -0.7933533402912012 -8.691630338093065e-18
  outer loop
    vertex 807.4310966262257 874.4128004102259 -5.683711398223627e-12
    vertex 807.8453101885988 874.7306376554219 -5.684287259577607e-12
    vertex 807.4310966262257 874.4128004102259 8.999999999994209
  endloop
endfacet
facet normal 0.38268343236523356 -0.9238795325112272 1.8453308457668097e-16
  outer loop
    vertex 808.3276720983937 874.930438500431 8.999999999994209
    vertex 807.8453101885988 874.7306376554217 8.999999999994209
    vertex 808.3276720983937 874.9304385004311 -5.6847971271303796e-12
  endloop
endfacet
facet normal 0.38268343236523356 -0.9238795325112272 1.8453308457668097e-16
  outer loop
    vertex 807.8453101885988 874.7306376554219 -5.684287259577607e-12
    vertex 808.3276720983937 874.9304385004311 -5.6847971271303796e-12
    vertex 807.8453101885988 874.7306376554217 8.999999999994209
  endloop
endfacet
facet normal 0.13052619222001158 -0.9914448613738157 3.6518217473309784e-16
  outer loop
    vertex 808.8453101885988 874.998586847853 8.999999999994209
    vertex 808.3276720983937 874.930438500431 8.999999999994209
    vertex 808.8453101885988 874.998586847853 -5.6852062542508186e-12
  endloop
endfacet
facet normal 0.13052619222001158 -0.9914448613738157 3.6518217473309784e-16
  outer loop
    vertex 808.3276720983937 874.9304385004311 -5.6847971271303796e-12
    vertex 808.8453101885988 874.998586847853 -5.6852062542508186e-12
    vertex 808.3276720983937 874.930438500431 8.999999999994209
  endloop
endfacet
facet normal -0.1305261922199513 -0.9914448613738237 5.209447031733144e-16
  outer loop
    vertex 809.3629482788037 874.930438500431 8.999999999994209
    vertex 808.8453101885988 874.998586847853 8.999999999994209
    vertex 809.3629482788037 874.930438500431 -5.685486759601782e-12
  endloop
endfacet
facet normal -0.1305261922199513 -0.9914448613738237 5.209447031733144e-16
  outer loop
    vertex 808.8453101885988 874.998586847853 -5.6852062542508186e-12
    vertex 809.3629482788037 874.930438500431 -5.685486759601782e-12
    vertex 808.8453101885988 874.998586847853 8.999999999994209
  endloop
endfacet
facet normal -0.3826834323651775 -0.9238795325112505 6.412057109942625e-16
  outer loop
    vertex 809.8453101885987 874.7306376554217 8.999999999994209
    vertex 809.3629482788037 874.930438500431 8.999999999994209
    vertex 809.8453101885987 874.7306376554217 -5.685619527207157e-12
  endloop
endfacet
facet normal -0.3826834323651775 -0.9238795325112505 6.412057109942625e-16
  outer loop
    vertex 809.3629482788037 874.930438500431 -5.685486759601782e-12
    vertex 809.8453101885987 874.7306376554217 -5.685619527207157e-12
    vertex 809.3629482788037 874.930438500431 8.999999999994209
  endloop
endfacet
facet normal -0.6087614290087168 -0.7933533402912383 7.177696092533663e-16
  outer loop
    vertex 810.2595237509718 874.4128004102259 8.999999999994209
    vertex 809.8453101885987 874.7306376554217 8.999999999994209
    vertex 810.2595237509718 874.4128004102259 -5.6855955091740475e-12
  endloop
endfacet
facet normal -0.6087614290087168 -0.7933533402912383 7.177696092533663e-16
  outer loop
    vertex 809.8453101885987 874.7306376554217 -5.685619527207157e-12
    vertex 810.2595237509718 874.4128004102259 -5.6855955091740475e-12
    vertex 809.8453101885987 874.7306376554217 8.999999999994209
  endloop
endfacet
facet normal -0.7933533402910982 -0.6087614290088991 7.454186948122526e-16
  outer loop
    vertex 810.2595237509718 874.4128004102259 -5.6855955091740475e-12
    vertex 810.5773609961677 873.9985868478528 -5.685416342291717e-12
    vertex 810.2595237509718 874.4128004102259 8.999999999994209
  endloop
endfacet
facet normal -0.7933533402910982 -0.6087614290088991 7.454186948122526e-16
  outer loop
    vertex 810.5773609961677 873.9985868478528 8.999999999994209
    vertex 810.2595237509718 874.4128004102259 8.999999999994209
    vertex 810.5773609961677 873.9985868478528 -5.685416342291717e-12
  endloop
endfacet
facet normal -0.9238795325113495 -0.3826834323649385 7.222687281822939e-16
  outer loop
    vertex 810.5773609961677 873.9985868478528 -5.685416342291717e-12
    vertex 810.7771618411768 873.516224938058 -5.685094236487111e-12
    vertex 810.5773609961677 873.9985868478528 8.999999999994209
  endloop
endfacet
facet normal -0.9238795325113495 -0.3826834323649385 7.222687281822939e-16
  outer loop
    vertex 810.7771618411768 873.516224938058 8.999999999994209
    vertex 810.5773609961677 873.9985868478528 8.999999999994209
    vertex 810.7771618411768 873.516224938058 -5.685094236487111e-12
  endloop
endfacet
facet normal -0.991444861373771 -0.1305261922203514 6.498973413323886e-16
  outer loop
    vertex 810.7771618411768 873.516224938058 -5.685094236487111e-12
    vertex 810.8453101885988 872.998586847853 -5.684651142738506e-12
    vertex 810.7771618411768 873.516224938058 8.999999999994209
  endloop
endfacet
facet normal -0.991444861373771 -0.1305261922203514 6.498973413323886e-16
  outer loop
    vertex 810.8453101885988 872.998586847853 8.999999999994209
    vertex 810.7771618411768 873.516224938058 8.999999999994209
    vertex 810.8453101885988 872.998586847853 -5.684651142738506e-12
  endloop
endfacet
facet normal -0.991444861373779 0.1305261922202911 5.332365246764477e-16
  outer loop
    vertex 810.8453101885988 872.998586847853 -5.684651142738506e-12
    vertex 810.7771618411768 872.4809487576479 -5.684117257152624e-12
    vertex 810.8453101885988 872.998586847853 8.999999999994209
  endloop
endfacet
facet normal -0.991444861373779 0.1305261922202911 5.332365246764477e-16
  outer loop
    vertex 810.7771618411768 872.4809487576479 8.999999999994209
    vertex 810.8453101885988 872.998586847853 8.999999999994209
    vertex 810.7771618411768 872.4809487576479 -5.684117257152624e-12
  endloop
endfacet
facet normal -0.9238795325113981 0.38268343236482133 3.8023652007937013e-16
  outer loop
    vertex 810.7771618411768 872.4809487576479 -5.684117257152624e-12
    vertex 810.5773609961677 871.9985868478527 -5.683528963149855e-12
    vertex 810.7771618411768 872.4809487576479 8.999999999994209
  endloop
endfacet
facet normal -0.9238795325113981 0.38268343236482133 3.8023652007937013e-16
  outer loop
    vertex 810.5773609961677 871.9985868478527 8.999999999994209
    vertex 810.7771618411768 872.4809487576479 8.999999999994209
    vertex 810.5773609961677 871.9985868478527 -5.683528963149855e-12
  endloop
endfacet
facet normal -0.7933533402910713 0.6087614290089343 2.0132402500876277e-16
  outer loop
    vertex 810.5773609961677 871.9985868478527 -5.683528963149855e-12
    vertex 810.2595237509718 871.5843732854797 -5.682926351994285e-12
    vertex 810.5773609961677 871.9985868478527 8.999999999994209
  endloop
endfacet
facet normal -0.7933533402910713 0.6087614290089343 2.0132402500876277e-16
  outer loop
    vertex 810.2595237509718 871.5843732854797 8.99999999999421
    vertex 810.5773609961677 871.9985868478527 8.999999999994209
    vertex 810.2595237509718 871.5843732854797 -5.682926351994285e-12
  endloop
endfacet
facet normal -0.6087614290087651 0.7933533402912012 8.691630338093065e-18
  outer loop
    vertex 810.2595237509718 871.5843732854797 8.99999999999421
    vertex 810.2595237509718 871.5843732854797 -5.682926351994285e-12
    vertex 809.8453101885988 871.266536040284 8.99999999999421
  endloop
endfacet
facet normal -0.6087614290087651 0.7933533402912012 8.691630338093065e-18
  outer loop
    vertex 809.8453101885988 871.266536040284 -5.682350490640305e-12
    vertex 809.8453101885988 871.266536040284 8.99999999999421
    vertex 810.2595237509718 871.5843732854797 -5.682926351994285e-12
  endloop
endfacet
facet normal -0.38268343236523356 0.9238795325112272 -1.8453308457668097e-16
  outer loop
    vertex 809.8453101885988 871.266536040284 8.99999999999421
    vertex 809.8453101885988 871.266536040284 -5.682350490640305e-12
    vertex 809.3629482788039 871.0667351952746 8.99999999999421
  endloop
endfacet
facet normal -0.38268343236523356 0.9238795325112272 -1.8453308457668097e-16
  outer loop
    vertex 809.3629482788039 871.0667351952746 -5.681840623087533e-12
    vertex 809.3629482788039 871.0667351952746 8.99999999999421
    vertex 809.8453101885988 871.266536040284 -5.682350490640305e-12
  endloop
endfacet
facet normal -0.13052619222001158 0.9914448613738157 -3.6518217473309784e-16
  outer loop
    vertex 809.3629482788039 871.0667351952746 8.99999999999421
    vertex 809.3629482788039 871.0667351952746 -5.681840623087533e-12
    vertex 808.8453101885988 870.998586847853 8.999999999994213
  endloop
endfacet
facet normal -0.13052619222001158 0.9914448613738157 -3.6518217473309784e-16
  outer loop
    vertex 808.8453101885988 870.998586847853 -5.681431495967093e-12
    vertex 808.8453101885988 870.998586847853 8.999999999994213
    vertex 809.3629482788039 871.0667351952746 -5.681840623087533e-12
  endloop
endfacet
facet normal 0.1305261922199513 0.9914448613738237 -5.209447031733144e-16
  outer loop
    vertex 808.8453101885988 870.998586847853 8.999999999994213
    vertex 808.8453101885988 870.998586847853 -5.681431495967093e-12
    vertex 808.3276720983937 871.0667351952749 8.999999999994213
  endloop
endfacet
facet normal 0.1305261922199513 0.9914448613738237 -5.209447031733144e-16
  outer loop
    vertex 808.3276720983937 871.0667351952749 -5.68115099061613e-12
    vertex 808.3276720983937 871.0667351952749 8.999999999994213
    vertex 808.8453101885988 870.998586847853 -5.681431495967093e-12
  endloop
endfacet
facet normal 0.3826834323651775 0.9238795325112505 -6.412057109942625e-16
  outer loop
    vertex 808.3276720983937 871.0667351952749 8.999999999994213
    vertex 808.3276720983937 871.0667351952749 -5.68115099061613e-12
    vertex 807.8453101885989 871.266536040284 8.999999999994213
  endloop
endfacet
facet normal 0.3826834323651775 0.9238795325112505 -6.412057109942625e-16
  outer loop
    vertex 807.8453101885989 871.2665360402841 -5.681018223010755e-12
    vertex 807.8453101885989 871.266536040284 8.999999999994213
    vertex 808.3276720983937 871.0667351952749 -5.68115099061613e-12
  endloop
endfacet
facet normal 0.6087614290087168 0.7933533402912383 -7.177696092533663e-16
  outer loop
    vertex 807.8453101885989 871.266536040284 8.999999999994213
    vertex 807.8453101885989 871.2665360402841 -5.681018223010755e-12
    vertex 807.4310966262258 871.5843732854797 8.999999999994213
  endloop
endfacet
facet normal 0.6087614290087168 0.7933533402912383 -7.177696092533663e-16
  outer loop
    vertex 807.4310966262258 871.58437328548 -5.681042241043864e-12
    vertex 807.4310966262258 871.5843732854797 8.999999999994213
    vertex 807.8453101885989 871.2665360402841 -5.681018223010755e-12
  endloop
endfacet
facet normal 0.7933533402910982 0.6087614290088991 -7.454186948122526e-16
  outer loop
    vertex 807.4310966262258 871.58437328548 -5.681042241043864e-12
    vertex 807.1132593810298 871.9985868478527 -5.681221407926195e-12
    vertex 807.4310966262258 871.5843732854797 8.999999999994213
  endloop
endfacet
facet normal 0.7933533402910982 0.6087614290088991 -7.454186948122526e-16
  outer loop
    vertex 807.1132593810298 871.998586847853 8.999999999994213
    vertex 807.4310966262258 871.5843732854797 8.999999999994213
    vertex 807.1132593810298 871.9985868478527 -5.681221407926195e-12
  endloop
endfacet
facet normal 0.9238795325113495 0.3826834323649385 -7.222687281822939e-16
  outer loop
    vertex 807.1132593810298 871.9985868478527 -5.681221407926195e-12
    vertex 806.9134585360207 872.4809487576476 -5.681543513730801e-12
    vertex 807.1132593810298 871.998586847853 8.999999999994213
  endloop
endfacet
facet normal 0.9238795325113495 0.3826834323649385 -7.222687281822939e-16
  outer loop
    vertex 806.9134585360207 872.4809487576479 8.99999999999421
    vertex 807.1132593810298 871.998586847853 8.999999999994213
    vertex 806.9134585360207 872.4809487576476 -5.681543513730801e-12
  endloop
endfacet
facet normal 0.991444861373771 0.1305261922203514 -6.498973413323886e-16
  outer loop
    vertex 806.9134585360207 872.4809487576476 -5.681543513730801e-12
    vertex 806.8453101885987 872.9985868478527 -5.681986607479406e-12
    vertex 806.9134585360207 872.4809487576479 8.99999999999421
  endloop
endfacet
facet normal 0.991444861373771 0.1305261922203514 -6.498973413323886e-16
  outer loop
    vertex 806.8453101885987 872.998586847853 8.99999999999421
    vertex 806.9134585360207 872.4809487576479 8.99999999999421
    vertex 806.8453101885987 872.9985868478527 -5.681986607479406e-12
  endloop
endfacet
facet normal -0.13052619222001158 0.9914448613738157 -7.846047669670476e-16
  outer loop
    vertex 813.326558165117 849.0941239417832 8.99999999999441
    vertex 813.326558165117 849.094123941783 -5.5735066661338e-12
    vertex 812.808920074912 849.0259755943614 8.99999999999441
  endloop
endfacet
facet normal -0.13052619222001158 0.9914448613738157 -7.846047669670476e-16
  outer loop
    vertex 812.808920074912 849.0259755943612 -5.573097539013361e-12
    vertex 812.808920074912 849.0259755943614 8.99999999999441
    vertex 813.326558165117 849.094123941783 -5.5735066661338e-12
  endloop
endfacet
facet normal 0.1305261922199513 0.9914448613738237 -7.84604766967053e-16
  outer loop
    vertex 812.808920074912 849.0259755943614 8.99999999999441
    vertex 812.808920074912 849.0259755943612 -5.573097539013361e-12
    vertex 812.291281984707 849.094123941783 8.999999999994412
  endloop
endfacet
facet normal 0.1305261922199513 0.9914448613738237 -7.84604766967053e-16
  outer loop
    vertex 812.2912819847069 849.094123941783 -5.5728170336623985e-12
    vertex 812.291281984707 849.094123941783 8.999999999994412
    vertex 812.808920074912 849.0259755943612 -5.573097539013361e-12
  endloop
endfacet
facet normal 0.38268343236505525 0.9238795325113011 -7.31135248718933e-16
  outer loop
    vertex 812.291281984707 849.094123941783 8.999999999994412
    vertex 812.2912819847069 849.094123941783 -5.5728170336623985e-12
    vertex 811.8089200749118 849.2939247867923 8.999999999994412
  endloop
endfacet
facet normal 0.38268343236505525 0.9238795325113011 -7.31135248718933e-16
  outer loop
    vertex 811.8089200749118 849.2939247867923 -5.5726842660570225e-12
    vertex 811.8089200749118 849.2939247867923 8.999999999994412
    vertex 812.2912819847069 849.094123941783 -5.5728170336623985e-12
  endloop
endfacet
facet normal 0.6087614290087168 0.7933533402912383 -6.278400715287357e-16
  outer loop
    vertex 811.8089200749118 849.2939247867923 8.999999999994412
    vertex 811.8089200749118 849.2939247867923 -5.5726842660570225e-12
    vertex 811.3947065125387 849.6117620319881 8.999999999994412
  endloop
endfacet
facet normal 0.6087614290087168 0.7933533402912383 -6.278400715287357e-16
  outer loop
    vertex 811.3947065125387 849.6117620319881 -5.572708284090132e-12
    vertex 811.3947065125387 849.6117620319881 8.999999999994412
    vertex 811.8089200749118 849.2939247867923 -5.5726842660570225e-12
  endloop
endfacet
facet normal 0.7933533402912653 0.6087614290086816 -4.817586310186068e-16
  outer loop
    vertex 811.3947065125387 849.6117620319881 -5.572708284090132e-12
    vertex 811.076869267343 850.0259755943612 -5.572887450972462e-12
    vertex 811.3947065125387 849.6117620319881 8.999999999994412
  endloop
endfacet
facet normal 0.7933533402912653 0.6087614290086816 -4.817586310186068e-16
  outer loop
    vertex 811.076869267343 850.0259755943612 8.999999999994412
    vertex 811.3947065125387 849.6117620319881 8.999999999994412
    vertex 811.076869267343 850.0259755943612 -5.572887450972462e-12
  endloop
endfacet
facet normal 0.9238795325112524 0.3826834323651724 -3.028461359484674e-16
  outer loop
    vertex 810.8770684223337 850.5083375041562 -5.618329020497836e-12
    vertex 810.8770684223337 850.5083375041562 8.99999999999441
    vertex 811.076869267343 850.0259755943612 -5.572887450972462e-12
  endloop
endfacet
facet normal 0.9238795325112524 0.3826834323651724 -3.028461359484674e-16
  outer loop
    vertex 811.076869267343 850.0259755943612 8.999999999994412
    vertex 811.076869267343 850.0259755943612 -5.572887450972462e-12
    vertex 810.8770684223337 850.5083375041562 8.99999999999441
  endloop
endfacet
facet normal 0.9914448613738157 0.13052619222001158 -1.0329517719015427e-16
  outer loop
    vertex 810.8770684223337 850.5083375041562 -5.618329020497836e-12
    vertex 810.8089200749118 851.0259755943613 -5.61877211424644e-12
    vertex 810.8770684223337 850.5083375041562 8.99999999999441
  endloop
endfacet
facet normal 0.9914448613738157 0.13052619222001158 -1.0329517719015427e-16
  outer loop
    vertex 810.8089200749118 851.0259755943613 8.99999999999441
    vertex 810.8770684223337 850.5083375041562 8.99999999999441
    vertex 810.8089200749118 851.0259755943613 -5.61877211424644e-12
  endloop
endfacet
facet normal 0.9914448613738237 -0.1305261922199513 1.032951771901102e-16
  outer loop
    vertex 810.8089200749118 851.0259755943613 -5.61877211424644e-12
    vertex 810.8770684223337 851.5436136845664 -5.619305999832322e-12
    vertex 810.8089200749118 851.0259755943613 8.99999999999441
  endloop
endfacet
facet normal 0.9914448613738237 -0.1305261922199513 1.032951771901102e-16
  outer loop
    vertex 810.8770684223337 851.5436136845664 8.99999999999441
    vertex 810.8089200749118 851.0259755943613 8.99999999999441
    vertex 810.8770684223337 851.5436136845664 -5.619305999832322e-12
  endloop
endfacet
facet normal 0.9238795325112757 -0.3826834323651163 3.028461359484263e-16
  outer loop
    vertex 810.8770684223337 851.5436136845664 -5.619305999832322e-12
    vertex 811.076869267343 852.0259755943613 -5.619894293835091e-12
    vertex 810.8770684223337 851.5436136845664 8.99999999999441
  endloop
endfacet
facet normal 0.9238795325112757 -0.3826834323651163 3.028461359484263e-16
  outer loop
    vertex 811.076869267343 852.0259755943613 8.999999999994408
    vertex 810.8770684223337 851.5436136845664 8.99999999999441
    vertex 811.076869267343 852.0259755943613 -5.619894293835091e-12
  endloop
endfacet
facet normal 0.7933533402913023 -0.6087614290086333 4.817586310185707e-16
  outer loop
    vertex 811.076869267343 852.0259755943613 -5.619894293835091e-12
    vertex 811.3947065125387 852.4401891567345 -5.620496904990661e-12
    vertex 811.076869267343 852.0259755943613 8.999999999994408
  endloop
endfacet
facet normal 0.7933533402913023 -0.6087614290086333 4.817586310185707e-16
  outer loop
    vertex 811.3947065125387 852.4401891567345 8.999999999994408
    vertex 811.076869267343 852.0259755943613 8.999999999994408
    vertex 811.3947065125387 852.4401891567345 -5.620496904990661e-12
  endloop
endfacet
facet normal 0.6087614290085981 -0.7933533402913293 6.278400715288102e-16
  outer loop
    vertex 811.808920074912 852.7580264019302 8.999999999994406
    vertex 811.3947065125387 852.4401891567345 8.999999999994408
    vertex 811.808920074912 852.7580264019302 -5.5759533026238744e-12
  endloop
endfacet
facet normal 0.6087614290085981 -0.7933533402913293 6.278400715288102e-16
  outer loop
    vertex 811.3947065125387 852.4401891567345 -5.620496904990661e-12
    vertex 811.808920074912 852.7580264019302 -5.5759533026238744e-12
    vertex 811.3947065125387 852.4401891567345 8.999999999994408
  endloop
endfacet
facet normal 0.38268343236523356 -0.9238795325112272 7.311352487188758e-16
  outer loop
    vertex 812.2912819847069 852.9578272469396 8.999999999994406
    vertex 811.808920074912 852.7580264019302 8.999999999994406
    vertex 812.2912819847069 852.9578272469396 -5.576463170176647e-12
  endloop
endfacet
facet normal 0.38268343236523356 -0.9238795325112272 7.311352487188758e-16
  outer loop
    vertex 811.808920074912 852.7580264019302 -5.5759533026238744e-12
    vertex 812.2912819847069 852.9578272469396 -5.576463170176647e-12
    vertex 811.808920074912 852.7580264019302 8.999999999994406
  endloop
endfacet
facet normal 0.13052619222001158 -0.9914448613738157 7.846047669670476e-16
  outer loop
    vertex 812.808920074912 853.0259755943614 -5.576872297297086e-12
    vertex 812.808920074912 853.0259755943615 8.999999999994406
    vertex 812.2912819847069 852.9578272469396 -5.576463170176647e-12
  endloop
endfacet
facet normal 0.13052619222001158 -0.9914448613738157 7.846047669670476e-16
  outer loop
    vertex 812.2912819847069 852.9578272469396 8.999999999994406
    vertex 812.2912819847069 852.9578272469396 -5.576463170176647e-12
    vertex 812.808920074912 853.0259755943615 8.999999999994406
  endloop
endfacet
facet normal -0.1305261922199513 -0.9914448613738237 7.84604766967053e-16
  outer loop
    vertex 813.326558165117 852.9578272469396 -5.5771528026480494e-12
    vertex 813.326558165117 852.9578272469397 8.999999999994406
    vertex 812.808920074912 853.0259755943614 -5.576872297297086e-12
  endloop
endfacet
facet normal -0.1305261922199513 -0.9914448613738237 7.84604766967053e-16
  outer loop
    vertex 812.808920074912 853.0259755943615 8.999999999994406
    vertex 812.808920074912 853.0259755943614 -5.576872297297086e-12
    vertex 813.326558165117 852.9578272469397 8.999999999994406
  endloop
endfacet
facet normal -0.38268343236505525 -0.9238795325113011 7.31135248718933e-16
  outer loop
    vertex 813.8089200749121 852.7580264019305 -5.5772855702534254e-12
    vertex 813.8089200749121 852.7580264019305 8.999999999994406
    vertex 813.326558165117 852.9578272469396 -5.5771528026480494e-12
  endloop
endfacet
facet normal -0.38268343236505525 -0.9238795325113011 7.31135248718933e-16
  outer loop
    vertex 813.326558165117 852.9578272469397 8.999999999994406
    vertex 813.326558165117 852.9578272469396 -5.5771528026480494e-12
    vertex 813.8089200749121 852.7580264019305 8.999999999994406
  endloop
endfacet
facet normal -0.6087614290087168 -0.7933533402912383 6.278400715287357e-16
  outer loop
    vertex 814.2231336372851 852.4401891567346 -5.577261552220315e-12
    vertex 814.2231336372851 852.4401891567346 8.999999999994406
    vertex 813.8089200749121 852.7580264019305 -5.5772855702534254e-12
  endloop
endfacet
facet normal -0.6087614290087168 -0.7933533402912383 6.278400715287357e-16
  outer loop
    vertex 813.8089200749121 852.7580264019305 8.999999999994406
    vertex 813.8089200749121 852.7580264019305 -5.5772855702534254e-12
    vertex 814.2231336372851 852.4401891567346 8.999999999994406
  endloop
endfacet
facet normal -0.7933533402912653 -0.6087614290086816 4.817586310186068e-16
  outer loop
    vertex 814.2231336372851 852.4401891567346 -5.577261552220315e-12
    vertex 814.5409708824809 852.0259755943614 -5.5770823853379854e-12
    vertex 814.2231336372851 852.4401891567346 8.999999999994406
  endloop
endfacet
facet normal -0.7933533402912653 -0.6087614290086816 4.817586310186068e-16
  outer loop
    vertex 814.5409708824809 852.0259755943614 8.999999999994406
    vertex 814.2231336372851 852.4401891567346 8.999999999994406
    vertex 814.5409708824809 852.0259755943614 -5.5770823853379854e-12
  endloop
endfacet
facet normal -0.9238795325112524 -0.3826834323651724 3.028461359484674e-16
  outer loop
    vertex 814.5409708824809 852.0259755943614 -5.5770823853379854e-12
    vertex 814.7407717274901 851.5436136845665 -5.576760279533379e-12
    vertex 814.5409708824809 852.0259755943614 8.999999999994406
  endloop
endfacet
facet normal -0.9238795325112524 -0.3826834323651724 3.028461359484674e-16
  outer loop
    vertex 814.7407717274901 851.5436136845665 8.999999999994406
    vertex 814.5409708824809 852.0259755943614 8.999999999994406
    vertex 814.7407717274901 851.5436136845665 -5.576760279533379e-12
  endloop
endfacet
facet normal -0.9914448613738157 -0.13052619222001158 1.0329517719015427e-16
  outer loop
    vertex 814.7407717274901 851.5436136845665 -5.576760279533379e-12
    vertex 814.8089200749121 851.0259755943615 -5.576317185784774e-12
    vertex 814.7407717274901 851.5436136845665 8.999999999994406
  endloop
endfacet
facet normal -0.9914448613738157 -0.13052619222001158 1.0329517719015427e-16
  outer loop
    vertex 814.8089200749121 851.0259755943615 8.999999999994406
    vertex 814.7407717274901 851.5436136845665 8.999999999994406
    vertex 814.8089200749121 851.0259755943615 -5.576317185784774e-12
  endloop
endfacet
facet normal -0.9914448613738237 0.1305261922199513 -1.032951771901102e-16
  outer loop
    vertex 814.8089200749121 851.0259755943615 -5.576317185784774e-12
    vertex 814.7407717274901 850.5083375041564 -5.575783300198892e-12
    vertex 814.8089200749121 851.0259755943615 8.999999999994406
  endloop
endfacet
facet normal -0.9914448613738237 0.1305261922199513 -1.032951771901102e-16
  outer loop
    vertex 814.7407717274901 850.5083375041564 8.999999999994406
    vertex 814.8089200749121 851.0259755943615 8.999999999994406
    vertex 814.7407717274901 850.5083375041564 -5.575783300198892e-12
  endloop
endfacet
facet normal -0.9238795325112757 0.3826834323651163 -3.028461359484263e-16
  outer loop
    vertex 814.7407717274901 850.5083375041564 -5.575783300198892e-12
    vertex 814.5409708824809 850.0259755943613 -5.575195006196123e-12
    vertex 814.7407717274901 850.5083375041564 8.999999999994406
  endloop
endfacet
facet normal -0.9238795325112757 0.3826834323651163 -3.028461359484263e-16
  outer loop
    vertex 814.5409708824809 850.0259755943613 8.999999999994408
    vertex 814.7407717274901 850.5083375041564 8.999999999994406
    vertex 814.5409708824809 850.0259755943613 -5.575195006196123e-12
  endloop
endfacet
facet normal -0.7933533402913023 0.6087614290086333 -4.817586310185707e-16
  outer loop
    vertex 814.5409708824809 850.0259755943613 -5.575195006196123e-12
    vertex 814.2231336372851 849.6117620319883 -5.574592395040553e-12
    vertex 814.5409708824809 850.0259755943613 8.999999999994408
  endloop
endfacet
facet normal -0.7933533402913023 0.6087614290086333 -4.817586310185707e-16
  outer loop
    vertex 814.2231336372851 849.6117620319883 8.999999999994408
    vertex 814.5409708824809 850.0259755943613 8.999999999994408
    vertex 814.2231336372851 849.6117620319883 -5.574592395040553e-12
  endloop
endfacet
facet normal -0.6087614290085981 0.7933533402913293 -6.278400715288102e-16
  outer loop
    vertex 814.2231336372851 849.6117620319883 8.999999999994408
    vertex 814.2231336372851 849.6117620319883 -5.574592395040553e-12
    vertex 813.8089200749118 849.2939247867924 8.99999999999441
  endloop
endfacet
facet normal -0.6087614290085981 0.7933533402913293 -6.278400715288102e-16
  outer loop
    vertex 813.8089200749118 849.2939247867924 -5.574016533686573e-12
    vertex 813.8089200749118 849.2939247867924 8.99999999999441
    vertex 814.2231336372851 849.6117620319883 -5.574592395040553e-12
  endloop
endfacet
facet normal -0.38268343236523356 0.9238795325112272 -7.311352487188758e-16
  outer loop
    vertex 813.8089200749118 849.2939247867924 8.99999999999441
    vertex 813.8089200749118 849.2939247867924 -5.574016533686573e-12
    vertex 813.326558165117 849.0941239417832 8.99999999999441
  endloop
endfacet
facet normal -0.38268343236523356 0.9238795325112272 -7.311352487188758e-16
  outer loop
    vertex 813.326558165117 849.094123941783 -5.5735066661338e-12
    vertex 813.326558165117 849.0941239417832 8.99999999999441
    vertex 813.8089200749118 849.2939247867924 -5.574016533686573e-12
  endloop
endfacet
facet normal 0.13052619222001158 -0.9914448613738157 1.871232351663944e-15
  outer loop
    vertex 812.8089200749135 748.0259755943613 -5.703382210953124e-12
    vertex 812.8089200749135 748.0259755943613 8.999999999994325
    vertex 812.2912819847085 747.9578272469395 -5.702973083832685e-12
  endloop
endfacet
facet normal 0.13052619222001158 -0.9914448613738157 1.871232351663944e-15
  outer loop
    vertex 812.2912819847085 747.9578272469394 8.999999999994325
    vertex 812.2912819847085 747.9578272469395 -5.702973083832685e-12
    vertex 812.8089200749135 748.0259755943613 8.999999999994325
  endloop
endfacet
facet normal -0.1305261922199513 -0.9914448613738237 1.871232351663952e-15
  outer loop
    vertex 813.3265581651186 747.9578272469395 -5.703662716304088e-12
    vertex 813.3265581651186 747.9578272469395 8.999999999994325
    vertex 812.8089200749135 748.0259755943613 -5.703382210953124e-12
  endloop
endfacet
facet normal -0.1305261922199513 -0.9914448613738237 1.871232351663952e-15
  outer loop
    vertex 812.8089200749135 748.0259755943613 8.999999999994325
    vertex 812.8089200749135 748.0259755943613 -5.703382210953124e-12
    vertex 813.3265581651186 747.9578272469395 8.999999999994325
  endloop
endfacet
facet normal -0.3826834323651775 -0.9238795325112505 1.743710959255628e-15
  outer loop
    vertex 813.8089200749135 747.7580264019302 -5.703795483909462e-12
    vertex 813.8089200749135 747.7580264019302 8.999999999994325
    vertex 813.3265581651186 747.9578272469395 -5.703662716304088e-12
  endloop
endfacet
facet normal -0.3826834323651775 -0.9238795325112505 1.743710959255628e-15
  outer loop
    vertex 813.3265581651186 747.9578272469395 8.999999999994325
    vertex 813.3265581651186 747.9578272469395 -5.703662716304088e-12
    vertex 813.8089200749135 747.7580264019302 8.999999999994325
  endloop
endfacet
facet normal -0.6087614290087168 -0.7933533402912383 1.4973585465928025e-15
  outer loop
    vertex 814.2231336372865 747.4401891567344 -5.7037714658763534e-12
    vertex 814.2231336372865 747.4401891567344 8.999999999994325
    vertex 813.8089200749135 747.7580264019302 -5.703795483909462e-12
  endloop
endfacet
facet normal -0.6087614290087168 -0.7933533402912383 1.4973585465928025e-15
  outer loop
    vertex 813.8089200749135 747.7580264019302 8.999999999994325
    vertex 813.8089200749135 747.7580264019302 -5.703795483909462e-12
    vertex 814.2231336372865 747.4401891567344 8.999999999994325
  endloop
endfacet
facet normal -0.7933533402910982 -0.6087614290088991 1.1489636234819322e-15
  outer loop
    vertex 814.2231336372865 747.4401891567344 -5.7037714658763534e-12
    vertex 814.5409708824825 747.0259755943613 -5.703592298994023e-12
    vertex 814.2231336372865 747.4401891567344 8.999999999994325
  endloop
endfacet
facet normal -0.7933533402910982 -0.6087614290088991 1.1489636234819322e-15
  outer loop
    vertex 814.5409708824825 747.0259755943613 8.999999999994325
    vertex 814.2231336372865 747.4401891567344 8.999999999994325
    vertex 814.5409708824825 747.0259755943613 -5.703592298994023e-12
  endloop
endfacet
facet normal -0.9238795325113495 -0.3826834323649385 7.222687281820014e-16
  outer loop
    vertex 814.5409708824825 747.0259755943613 -5.703592298994023e-12
    vertex 814.7407717274916 746.5436136845664 -5.703270193189416e-12
    vertex 814.5409708824825 747.0259755943613 8.999999999994325
  endloop
endfacet
facet normal -0.9238795325113495 -0.3826834323649385 7.222687281820014e-16
  outer loop
    vertex 814.7407717274916 746.5436136845664 8.999999999994325
    vertex 814.5409708824825 747.0259755943613 8.999999999994325
    vertex 814.7407717274916 746.5436136845664 -5.703270193189416e-12
  endloop
endfacet
facet normal -0.9914448613738157 -0.13052619222001158 2.4635241266278954e-16
  outer loop
    vertex 814.7407717274916 746.5436136845664 -5.703270193189416e-12
    vertex 814.8089200749134 746.0259755943613 -5.702827099440811e-12
    vertex 814.7407717274916 746.5436136845664 8.999999999994325
  endloop
endfacet
facet normal -0.9914448613738157 -0.13052619222001158 2.4635241266278954e-16
  outer loop
    vertex 814.8089200749134 746.0259755943613 8.999999999994325
    vertex 814.7407717274916 746.5436136845664 8.999999999994325
    vertex 814.8089200749134 746.0259755943613 -5.702827099440811e-12
  endloop
endfacet
facet normal -0.9914448613738237 0.1305261922199513 -2.4635241266273146e-16
  outer loop
    vertex 814.8089200749134 746.0259755943613 -5.702827099440811e-12
    vertex 814.7407717274916 745.5083375041563 -5.70229321385493e-12
    vertex 814.8089200749134 746.0259755943613 8.999999999994325
  endloop
endfacet
facet normal -0.9914448613738237 0.1305261922199513 -2.4635241266273146e-16
  outer loop
    vertex 814.7407717274916 745.5083375041563 8.999999999994326
    vertex 814.8089200749134 746.0259755943613 8.999999999994325
    vertex 814.7407717274916 745.5083375041563 -5.70229321385493e-12
  endloop
endfacet
facet normal -0.9238795325113981 0.38268343236482133 -7.22268728181832e-16
  outer loop
    vertex 814.7407717274916 745.5083375041563 -5.70229321385493e-12
    vertex 814.5409708824825 745.0259755943613 -5.70170491985216e-12
    vertex 814.7407717274916 745.5083375041563 8.999999999994326
  endloop
endfacet
facet normal -0.9238795325113981 0.38268343236482133 -7.22268728181832e-16
  outer loop
    vertex 814.5409708824825 745.0259755943613 8.999999999994326
    vertex 814.7407717274916 745.5083375041563 8.999999999994326
    vertex 814.5409708824825 745.0259755943613 -5.70170491985216e-12
  endloop
endfacet
facet normal -0.7933533402910713 0.6087614290089343 -1.1489636234820435e-15
  outer loop
    vertex 814.5409708824825 745.0259755943613 -5.70170491985216e-12
    vertex 814.2231336372865 744.6117620319882 -5.70110230869659e-12
    vertex 814.5409708824825 745.0259755943613 8.999999999994326
  endloop
endfacet
facet normal -0.7933533402910713 0.6087614290089343 -1.1489636234820435e-15
  outer loop
    vertex 814.2231336372865 744.6117620319882 8.999999999994328
    vertex 814.5409708824825 745.0259755943613 8.999999999994326
    vertex 814.2231336372865 744.6117620319882 -5.70110230869659e-12
  endloop
endfacet
facet normal -0.6087614290087651 0.7933533402912012 -1.4973585465927664e-15
  outer loop
    vertex 814.2231336372865 744.6117620319882 8.999999999994328
    vertex 814.2231336372865 744.6117620319882 -5.70110230869659e-12
    vertex 813.8089200749135 744.2939247867924 8.999999999994328
  endloop
endfacet
facet normal -0.6087614290087651 0.7933533402912012 -1.4973585465927664e-15
  outer loop
    vertex 813.8089200749135 744.2939247867924 -5.700526447342611e-12
    vertex 813.8089200749135 744.2939247867924 8.999999999994328
    vertex 814.2231336372865 744.6117620319882 -5.70110230869659e-12
  endloop
endfacet
facet normal -0.38268343236523356 0.9238795325112272 -1.7437109592556043e-15
  outer loop
    vertex 813.8089200749135 744.2939247867924 8.999999999994328
    vertex 813.8089200749135 744.2939247867924 -5.700526447342611e-12
    vertex 813.3265581651186 744.0941239417832 8.999999999994328
  endloop
endfacet
facet normal -0.38268343236523356 0.9238795325112272 -1.7437109592556043e-15
  outer loop
    vertex 813.3265581651186 744.0941239417832 -5.700016579789838e-12
    vertex 813.3265581651186 744.0941239417832 8.999999999994328
    vertex 813.8089200749135 744.2939247867924 -5.700526447342611e-12
  endloop
endfacet
facet normal -0.13052619222001158 0.9914448613738157 -1.871232351663944e-15
  outer loop
    vertex 813.3265581651186 744.0941239417832 8.999999999994328
    vertex 813.3265581651186 744.0941239417832 -5.700016579789838e-12
    vertex 812.8089200749135 744.0259755943613 8.99999999999433
  endloop
endfacet
facet normal -0.13052619222001158 0.9914448613738157 -1.871232351663944e-15
  outer loop
    vertex 812.8089200749135 744.0259755943613 -5.699607452669398e-12
    vertex 812.8089200749135 744.0259755943613 8.99999999999433
    vertex 813.3265581651186 744.0941239417832 -5.700016579789838e-12
  endloop
endfacet
facet normal 0.1305261922199513 0.9914448613738237 -1.871232351663952e-15
  outer loop
    vertex 812.8089200749135 744.0259755943613 8.99999999999433
    vertex 812.8089200749135 744.0259755943613 -5.699607452669398e-12
    vertex 812.2912819847085 744.0941239417831 8.99999999999433
  endloop
endfacet
facet normal 0.1305261922199513 0.9914448613738237 -1.871232351663952e-15
  outer loop
    vertex 812.2912819847085 744.0941239417832 -5.699326947318436e-12
    vertex 812.2912819847085 744.0941239417831 8.99999999999433
    vertex 812.8089200749135 744.0259755943613 -5.699607452669398e-12
  endloop
endfacet
facet normal 0.3826834323651775 0.9238795325112505 -1.743710959255628e-15
  outer loop
    vertex 812.2912819847085 744.0941239417831 8.99999999999433
    vertex 812.2912819847085 744.0941239417832 -5.699326947318436e-12
    vertex 811.8089200749135 744.2939247867923 8.99999999999433
  endloop
endfacet
facet normal 0.3826834323651775 0.9238795325112505 -1.743710959255628e-15
  outer loop
    vertex 811.8089200749135 744.2939247867924 -5.69919417971306e-12
    vertex 811.8089200749135 744.2939247867923 8.99999999999433
    vertex 812.2912819847085 744.0941239417832 -5.699326947318436e-12
  endloop
endfacet
facet normal 0.6087614290087168 0.7933533402912383 -1.4973585465928025e-15
  outer loop
    vertex 811.8089200749135 744.2939247867923 8.99999999999433
    vertex 811.8089200749135 744.2939247867924 -5.69919417971306e-12
    vertex 811.3947065125406 744.6117620319882 8.99999999999433
  endloop
endfacet
facet normal 0.6087614290087168 0.7933533402912383 -1.4973585465928025e-15
  outer loop
    vertex 811.3947065125406 744.6117620319882 -5.69921819774617e-12
    vertex 811.3947065125406 744.6117620319882 8.99999999999433
    vertex 811.8089200749135 744.2939247867924 -5.69919417971306e-12
  endloop
endfacet
facet normal 0.7933533402910982 0.6087614290088991 -1.1489636234819322e-15
  outer loop
    vertex 811.3947065125406 744.6117620319882 -5.69921819774617e-12
    vertex 811.0768692673446 745.0259755943612 -5.6993973646285e-12
    vertex 811.3947065125406 744.6117620319882 8.99999999999433
  endloop
endfacet
facet normal 0.7933533402910982 0.6087614290088991 -1.1489636234819322e-15
  outer loop
    vertex 811.0768692673446 745.0259755943612 8.99999999999433
    vertex 811.3947065125406 744.6117620319882 8.99999999999433
    vertex 811.0768692673446 745.0259755943612 -5.6993973646285e-12
  endloop
endfacet
facet normal 0.9238795325113495 0.3826834323649385 -7.222687281820014e-16
  outer loop
    vertex 811.0768692673446 745.0259755943612 -5.6993973646285e-12
    vertex 810.8770684223355 745.5083375041561 -5.699719470433107e-12
    vertex 811.0768692673446 745.0259755943612 8.99999999999433
  endloop
endfacet
facet normal 0.9238795325113495 0.3826834323649385 -7.222687281820014e-16
  outer loop
    vertex 810.8770684223355 745.5083375041561 8.99999999999433
    vertex 811.0768692673446 745.0259755943612 8.99999999999433
    vertex 810.8770684223355 745.5083375041561 -5.699719470433107e-12
  endloop
endfacet
facet normal 0.9914448613738157 0.13052619222001158 -2.4635241266278954e-16
  outer loop
    vertex 810.8770684223355 745.5083375041561 -5.699719470433107e-12
    vertex 810.8089200749137 746.0259755943612 -5.700162564181711e-12
    vertex 810.8770684223355 745.5083375041561 8.99999999999433
  endloop
endfacet
facet normal 0.9914448613738157 0.13052619222001158 -2.4635241266278954e-16
  outer loop
    vertex 810.8089200749137 746.0259755943612 8.999999999994328
    vertex 810.8770684223355 745.5083375041561 8.99999999999433
    vertex 810.8089200749137 746.0259755943612 -5.700162564181711e-12
  endloop
endfacet
facet normal 0.9914448613738237 -0.1305261922199513 2.4635241266273146e-16
  outer loop
    vertex 810.8089200749137 746.0259755943612 -5.700162564181711e-12
    vertex 810.8770684223355 746.5436136845663 -5.700696449767593e-12
    vertex 810.8089200749137 746.0259755943612 8.999999999994328
  endloop
endfacet
facet normal 0.9914448613738237 -0.1305261922199513 2.4635241266273146e-16
  outer loop
    vertex 810.8770684223355 746.5436136845663 8.999999999994328
    vertex 810.8089200749137 746.0259755943612 8.999999999994328
    vertex 810.8770684223355 746.5436136845663 -5.700696449767593e-12
  endloop
endfacet
facet normal 0.9238795325113981 -0.38268343236482133 7.22268728181832e-16
  outer loop
    vertex 810.8770684223355 746.5436136845663 -5.700696449767593e-12
    vertex 811.0768692673446 747.0259755943613 -5.701284743770363e-12
    vertex 810.8770684223355 746.5436136845663 8.999999999994328
  endloop
endfacet
facet normal 0.9238795325113981 -0.38268343236482133 7.22268728181832e-16
  outer loop
    vertex 811.0768692673446 747.0259755943613 8.999999999994326
    vertex 810.8770684223355 746.5436136845663 8.999999999994328
    vertex 811.0768692673446 747.0259755943613 -5.701284743770363e-12
  endloop
endfacet
facet normal 0.7933533402910713 -0.6087614290089343 1.1489636234820435e-15
  outer loop
    vertex 811.0768692673446 747.0259755943613 -5.701284743770363e-12
    vertex 811.3947065125406 747.4401891567344 -5.7018873549259326e-12
    vertex 811.0768692673446 747.0259755943613 8.999999999994326
  endloop
endfacet
facet normal 0.7933533402910713 -0.6087614290089343 1.1489636234820435e-15
  outer loop
    vertex 811.3947065125406 747.4401891567344 8.999999999994326
    vertex 811.0768692673446 747.0259755943613 8.999999999994326
    vertex 811.3947065125406 747.4401891567344 -5.7018873549259326e-12
  endloop
endfacet
facet normal 0.6087614290087651 -0.7933533402912012 1.4973585465927664e-15
  outer loop
    vertex 811.8089200749135 747.7580264019301 8.999999999994326
    vertex 811.3947065125406 747.4401891567344 8.999999999994326
    vertex 811.8089200749135 747.7580264019302 -5.702463216279913e-12
  endloop
endfacet
facet normal 0.6087614290087651 -0.7933533402912012 1.4973585465927664e-15
  outer loop
    vertex 811.3947065125406 747.4401891567344 -5.7018873549259326e-12
    vertex 811.8089200749135 747.7580264019302 -5.702463216279913e-12
    vertex 811.3947065125406 747.4401891567344 8.999999999994326
  endloop
endfacet
facet normal 0.38268343236523356 -0.9238795325112272 1.7437109592556043e-15
  outer loop
    vertex 812.2912819847085 747.9578272469394 8.999999999994325
    vertex 811.8089200749135 747.7580264019301 8.999999999994326
    vertex 812.2912819847085 747.9578272469395 -5.702973083832685e-12
  endloop
endfacet
facet normal 0.38268343236523356 -0.9238795325112272 1.7437109592556043e-15
  outer loop
    vertex 811.8089200749135 747.7580264019302 -5.702463216279913e-12
    vertex 812.2912819847085 747.9578272469395 -5.702973083832685e-12
    vertex 811.8089200749135 747.7580264019301 8.999999999994326
  endloop
endfacet
facet normal 0.0 0.0 -1.0
  outer loop
    vertex 165.59425023514996 903.8138412703303 2.8199664825478975e-15
    vertex 178.8621994275811 887.3138412703303 8.459899447643692e-15
    vertex 165.59425023514996 868.8138412703303 2.8199664825478975e-15
  endloop
endfacet
facet normal 0.0 0.0 -1.0
  outer loop
    vertex 178.8621994275811 887.3138412703303 8.459899447643692e-15
    vertex 165.59425023514996 903.8138412703303 2.8199664825478975e-15
    vertex 179.18003667277688 887.7280548327033 8.459899447643692e-15
  endloop
endfacet
facet normal 0.0 0.0 -1.0
  outer loop
    vertex 179.18003667277688 887.7280548327033 8.459899447643692e-15
    vertex 165.59425023514996 903.8138412703303 2.8199664825478975e-15
    vertex 179.59425023514996 888.0458920778992 8.459899447643692e-15
  endloop
endfacet
facet normal 0.0 0.0 -1.0
  outer loop
    vertex 179.59425023514996 888.0458920778992 8.459899447643692e-15
    vertex 165.59425023514996 903.8138412703303 2.8199664825478975e-15
    vertex 180.0766121449449 888.2456929229083 8.459899447643692e-15
  endloop
endfacet
facet normal 0.0 0.0 -1.0
  outer loop
    vertex 180.0766121449449 888.2456929229083 8.459899447643692e-15
    vertex 165.59425023514996 903.8138412703303 2.8199664825478975e-15
    vertex 180.59425023514996 888.3138412703304 8.459899447643692e-15
  endloop
endfacet
facet normal 0.0 0.0 -1.0
  outer loop
    vertex 180.59425023514996 888.3138412703304 8.459899447643692e-15
    vertex 165.59425023514996 903.8138412703303 2.8199664825478975e-15
    vertex 300.59425023514996 903.8138412703303 2.8199664825478975e-15
  endloop
endfacet
facet normal 0.0 0.0 -1.0
  outer loop
    vertex 165.59425023514996 868.8138412703303 2.8199664825478975e-15
    vertex 178.8621994275811 887.3138412703303 8.459899447643692e-15
    vertex 178.66239858257183 886.8314793605354 8.459899447643692e-15
  endloop
endfacet
facet normal 0.0 0.0 -1.0
  outer loop
    vertex 165.59425023514996 868.8138412703303 2.8199664825478975e-15
    vertex 178.66239858257183 886.8314793605354 8.459899447643692e-15
    vertex 178.59425023514996 886.3138412703303 8.459899447643692e-15
  endloop
endfacet
facet normal 0.0 0.0 -1.0
  outer loop
    vertex 180.59425023514996 888.3138412703304 8.459899447643692e-15
    vertex 300.59425023514996 903.8138412703303 2.8199664825478975e-15
    vertex 181.111888325355 888.2456929229083 8.459899447643692e-15
  endloop
endfacet
facet normal 0.0 0.0 -1.0
  outer loop
    vertex 181.111888325355 888.2456929229083 8.459899447643692e-15
    vertex 300.59425023514996 903.8138412703303 2.8199664825478975e-15
    vertex 181.59425023514996 888.0458920778992 8.459899447643692e-15
  endloop
endfacet
facet normal 0.0 0.0 -1.0
  outer loop
    vertex 181.59425023514996 888.0458920778992 8.459899447643692e-15
    vertex 300.59425023514996 903.8138412703303 2.8199664825478975e-15
    vertex 182.00846379752306 887.7280548327033 8.459899447643692e-15
  endloop
endfacet
facet normal 0.0 0.0 -1.0
  outer loop
    vertex 182.00846379752306 887.7280548327033 8.459899447643692e-15
    vertex 300.59425023514996 903.8138412703303 2.8199664825478975e-15
    vertex 182.32630104271885 887.3138412703303 8.459899447643692e-15
  endloop
endfacet
facet normal 0.0 0.0 -1.0
  outer loop
    vertex 182.32630104271885 887.3138412703303 8.459899447643692e-15
    vertex 300.59425023514996 903.8138412703303 2.8199664825478975e-15
    vertex 182.5261018877281 886.8314793605354 8.459899447643692e-15
  endloop
endfacet
facet normal 0.0 0.0 -1.0
  outer loop
    vertex 182.5261018877281 886.8314793605354 8.459899447643692e-15
    vertex 300.59425023514996 903.8138412703303 2.8199664825478975e-15
    vertex 182.59425023514996 886.3138412703303 8.459899447643692e-15
  endloop
endfacet
facet normal 0.0 0.0 -1.0
  outer loop
    vertex 182.59425023514996 886.3138412703303 8.459899447643692e-15
    vertex 300.59425023514996 903.8138412703303 2.8199664825478975e-15
    vertex 284.1800366727768 887.7280548327033 -1.973976537783528e-14
  endloop
endfacet
facet normal 0.0 0.0 -1.0
  outer loop
    vertex 182.59425023514996 886.3138412703303 8.459899447643692e-15
    vertex 284.1800366727768 887.7280548327033 -1.973976537783528e-14
    vertex 283.86219942758106 887.3138412703303 -1.973976537783528e-14
  endloop
endfacet
facet normal 0.0 0.0 -1.0
  outer loop
    vertex 182.59425023514996 886.3138412703303 8.459899447643692e-15
    vertex 283.86219942758106 887.3138412703303 -1.973976537783528e-14
    vertex 283.6623985825718 886.8314793605354 -1.973976537783528e-14
  endloop
endfacet
facet normal 0.0 0.0 -1.0
  outer loop
    vertex 182.59425023514996 886.3138412703303 8.459899447643692e-15
    vertex 283.6623985825718 886.8314793605354 -1.973976537783528e-14
    vertex 283.5942502351499 886.3138412703303 -1.973976537783528e-14
  endloop
endfacet
facet normal 0.0 0.0 -1.0
  outer loop
    vertex 284.1800366727768 887.7280548327033 -1.973976537783528e-14
    vertex 300.59425023514996 903.8138412703303 2.8199664825478975e-15
    vertex 284.59425023514996 888.0458920778992 -1.973976537783528e-14
  endloop
endfacet
facet normal 0.0 0.0 -1.0
  outer loop
    vertex 284.59425023514996 888.0458920778992 -1.973976537783528e-14
    vertex 300.59425023514996 903.8138412703303 2.8199664825478975e-15
    vertex 285.0766121449449 888.2456929229083 -1.973976537783528e-14
  endloop
endfacet
facet normal 0.0 0.0 -1.0
  outer loop
    vertex 285.0766121449449 888.2456929229083 -1.973976537783528e-14
    vertex 300.59425023514996 903.8138412703303 2.8199664825478975e-15
    vertex 285.5942502351499 888.3138412703304 -1.973976537783528e-14
  endloop
endfacet
facet normal 0.0 0.0 -1.0
  outer loop
    vertex 285.5942502351499 888.3138412703304 -1.973976537783528e-14
    vertex 300.59425023514996 903.8138412703303 2.8199664825478975e-15
    vertex 286.111888325355 888.2456929229083 -1.973976537783528e-14
  endloop
endfacet
facet normal 0.0 0.0 -1.0
  outer loop
    vertex 286.111888325355 888.2456929229083 -1.973976537783528e-14
    vertex 300.59425023514996 903.8138412703303 2.8199664825478975e-15
    vertex 286.59425023514996 888.0458920778992 -1.973976537783528e-14
  endloop
endfacet
facet normal 0.0 0.0 -1.0
  outer loop
    vertex 286.59425023514996 888.0458920778992 -1.973976537783528e-14
    vertex 300.59425023514996 903.8138412703303 2.8199664825478975e-15
    vertex 287.008463797523 887.7280548327033 -1.973976537783528e-14
  endloop
endfacet
facet normal 0.0 0.0 -1.0
  outer loop
    vertex 287.008463797523 887.7280548327033 -1.973976537783528e-14
    vertex 300.59425023514996 903.8138412703303 2.8199664825478975e-15
    vertex 287.3263010427188 887.3138412703303 -1.973976537783528e-14
  endloop
endfacet
facet normal 0.0 0.0 -1.0
  outer loop
    vertex 287.3263010427188 887.3138412703303 -1.973976537783528e-14
    vertex 300.59425023514996 903.8138412703303 2.8199664825478975e-15
    vertex 287.5261018877281 886.8314793605354 -1.973976537783528e-14
  endloop
endfacet
facet normal 0.0 0.0 -1.0
  outer loop
    vertex 287.5261018877281 886.8314793605354 -1.973976537783528e-14
    vertex 300.59425023514996 903.8138412703303 2.8199664825478975e-15
    vertex 287.5942502351499 886.3138412703303 -1.973976537783528e-14
  endloop
endfacet
facet normal 0.0 0.0 -1.0
  outer loop
    vertex 165.59425023514996 868.8138412703303 2.8199664825478975e-15
    vertex 180.59425023514996 884.3138412703302 8.459899447643692e-15
    vertex 300.59425023514996 868.8138412703303 2.8199664825478975e-15
  endloop
endfacet
facet normal 0.0 0.0 -1.0
  outer loop
    vertex 180.59425023514996 884.3138412703302 8.459899447643692e-15
    vertex 165.59425023514996 868.8138412703303 2.8199664825478975e-15
    vertex 180.0766121449449 884.3819896177522 8.459899447643692e-15
  endloop
endfacet
facet normal 0.0 0.0 -1.0
  outer loop
    vertex 180.0766121449449 884.3819896177522 8.459899447643692e-15
    vertex 165.59425023514996 868.8138412703303 2.8199664825478975e-15
    vertex 179.59425023514996 884.5817904627613 8.459899447643692e-15
  endloop
endfacet
facet normal 0.0 0.0 -1.0
  outer loop
    vertex 179.59425023514996 884.5817904627613 8.459899447643692e-15
    vertex 165.59425023514996 868.8138412703303 2.8199664825478975e-15
    vertex 179.18003667277688 884.8996277079573 8.459899447643692e-15
  endloop
endfacet
facet normal 0.0 0.0 -1.0
  outer loop
    vertex 179.18003667277688 884.8996277079573 8.459899447643692e-15
    vertex 165.59425023514996 868.8138412703303 2.8199664825478975e-15
    vertex 178.8621994275811 885.3138412703304 8.459899447643692e-15
  endloop
endfacet
facet normal 0.0 0.0 -1.0
  outer loop
    vertex 178.8621994275811 885.3138412703304 8.459899447643692e-15
    vertex 165.59425023514996 868.8138412703303 2.8199664825478975e-15
    vertex 178.66239858257183 885.7962031801252 8.459899447643692e-15
  endloop
endfacet
facet normal 0.0 0.0 -1.0
  outer loop
    vertex 178.66239858257183 885.7962031801252 8.459899447643692e-15
    vertex 165.59425023514996 868.8138412703303 2.8199664825478975e-15
    vertex 178.59425023514996 886.3138412703303 8.459899447643692e-15
  endloop
endfacet
facet normal 0.0 0.0 -1.0
  outer loop
    vertex 300.59425023514996 868.8138412703303 2.8199664825478975e-15
    vertex 180.59425023514996 884.3138412703302 8.459899447643692e-15
    vertex 181.111888325355 884.3819896177522 8.459899447643692e-15
  endloop
endfacet
facet normal 0.0 0.0 -1.0
  outer loop
    vertex 300.59425023514996 868.8138412703303 2.8199664825478975e-15
    vertex 181.111888325355 884.3819896177522 8.459899447643692e-15
    vertex 181.59425023514996 884.5817904627613 8.459899447643692e-15
  endloop
endfacet
facet normal 0.0 0.0 -1.0
  outer loop
    vertex 300.59425023514996 868.8138412703303 2.8199664825478975e-15
    vertex 181.59425023514996 884.5817904627613 8.459899447643692e-15
    vertex 182.00846379752306 884.8996277079573 8.459899447643692e-15
  endloop
endfacet
facet normal 0.0 0.0 -1.0
  outer loop
    vertex 300.59425023514996 868.8138412703303 2.8199664825478975e-15
    vertex 182.00846379752306 884.8996277079573 8.459899447643692e-15
    vertex 182.32630104271885 885.3138412703304 8.459899447643692e-15
  endloop
endfacet
facet normal 0.0 0.0 -1.0
  outer loop
    vertex 300.59425023514996 868.8138412703303 2.8199664825478975e-15
    vertex 182.32630104271885 885.3138412703304 8.459899447643692e-15
    vertex 182.5261018877281 885.7962031801252 8.459899447643692e-15
  endloop
endfacet
facet normal 0.0 0.0 -1.0
  outer loop
    vertex 300.59425023514996 868.8138412703303 2.8199664825478975e-15
    vertex 182.5261018877281 885.7962031801252 8.459899447643692e-15
    vertex 182.59425023514996 886.3138412703303 8.459899447643692e-15
  endloop
endfacet
facet normal 0.0 0.0 -1.0
  outer loop
    vertex 300.59425023514996 868.8138412703303 2.8199664825478975e-15
    vertex 182.59425023514996 886.3138412703303 8.459899447643692e-15
    vertex 284.1800366727768 884.8996277079573 -1.973976537783528e-14
  endloop
endfacet
facet normal 0.0 0.0 -1.0
  outer loop
    vertex 284.1800366727768 884.8996277079573 -1.973976537783528e-14
    vertex 182.59425023514996 886.3138412703303 8.459899447643692e-15
    vertex 283.86219942758106 885.3138412703304 -1.973976537783528e-14
  endloop
endfacet
facet normal 0.0 0.0 -1.0
  outer loop
    vertex 283.86219942758106 885.3138412703304 -1.973976537783528e-14
    vertex 182.59425023514996 886.3138412703303 8.459899447643692e-15
    vertex 283.6623985825718 885.7962031801252 -1.973976537783528e-14
  endloop
endfacet
facet normal 0.0 0.0 -1.0
  outer loop
    vertex 283.6623985825718 885.7962031801252 -1.973976537783528e-14
    vertex 182.59425023514996 886.3138412703303 8.459899447643692e-15
    vertex 283.5942502351499 886.3138412703303 -1.973976537783528e-14
  endloop
endfacet
facet normal 0.0 0.0 -1.0
  outer loop
    vertex 300.59425023514996 868.8138412703303 2.8199664825478975e-15
    vertex 284.1800366727768 884.8996277079573 -1.973976537783528e-14
    vertex 284.59425023514996 884.5817904627613 -1.973976537783528e-14
  endloop
endfacet
facet normal 0.0 0.0 -1.0
  outer loop
    vertex 300.59425023514996 868.8138412703303 2.8199664825478975e-15
    vertex 284.59425023514996 884.5817904627613 -1.973976537783528e-14
    vertex 285.0766121449449 884.3819896177522 -1.973976537783528e-14
  endloop
endfacet
facet normal 0.0 0.0 -1.0
  outer loop
    vertex 300.59425023514996 868.8138412703303 2.8199664825478975e-15
    vertex 285.0766121449449 884.3819896177522 -1.973976537783528e-14
    vertex 285.5942502351499 884.3138412703302 -1.973976537783528e-14
  endloop
endfacet
facet normal 0.0 0.0 -1.0
  outer loop
    vertex 300.59425023514996 868.8138412703303 2.8199664825478975e-15
    vertex 285.5942502351499 884.3138412703302 -1.973976537783528e-14
    vertex 286.111888325355 884.3819896177522 -1.973976537783528e-14
  endloop
endfacet
facet normal 0.0 0.0 -1.0
  outer loop
    vertex 300.59425023514996 868.8138412703303 2.8199664825478975e-15
    vertex 286.111888325355 884.3819896177522 -1.973976537783528e-14
    vertex 286.59425023514996 884.5817904627613 -1.973976537783528e-14
  endloop
endfacet
facet normal 0.0 0.0 -1.0
  outer loop
    vertex 300.59425023514996 868.8138412703303 2.8199664825478975e-15
    vertex 286.59425023514996 884.5817904627613 -1.973976537783528e-14
    vertex 287.008463797523 884.8996277079573 -1.973976537783528e-14
  endloop
endfacet
facet normal 0.0 0.0 -1.0
  outer loop
    vertex 300.59425023514996 868.8138412703303 2.8199664825478975e-15
    vertex 287.008463797523 884.8996277079573 -1.973976537783528e-14
    vertex 287.3263010427188 885.3138412703304 -1.973976537783528e-14
  endloop
endfacet
facet normal 0.0 0.0 -1.0
  outer loop
    vertex 300.59425023514996 868.8138412703303 2.8199664825478975e-15
    vertex 287.3263010427188 885.3138412703304 -1.973976537783528e-14
    vertex 287.5261018877281 885.7962031801252 -1.973976537783528e-14
  endloop
endfacet
facet normal 0.0 0.0 -1.0
  outer loop
    vertex 300.59425023514996 868.8138412703303 2.8199664825478975e-15
    vertex 287.5261018877281 885.7962031801252 -1.973976537783528e-14
    vertex 287.5942502351499 886.3138412703303 -1.973976537783528e-14
  endloop
endfacet
facet normal 0.0 0.0 -1.0
  outer loop
    vertex 300.59425023514996 868.8138412703303 2.8199664825478975e-15
    vertex 287.5942502351499 886.3138412703303 -1.973976537783528e-14
    vertex 300.59425023514996 903.8138412703303 2.8199664825478975e-15
  endloop
endfacet
facet normal 0.0 0.0 1.0
  outer loop
    vertex 165.59425023514996 868.8138412703303 9.000000000000004
    vertex 178.8621994275811 885.3138412703304 9.000000000000004
    vertex 165.59425023514996 903.8138412703303 9.000000000000004
  endloop
endfacet
facet normal 0.0 0.0 1.0
  outer loop
    vertex 178.8621994275811 885.3138412703304 9.000000000000004
    vertex 165.59425023514996 868.8138412703303 9.000000000000004
    vertex 179.18003667277688 884.8996277079573 9.000000000000004
  endloop
endfacet
facet normal 0.0 0.0 1.0
  outer loop
    vertex 179.18003667277688 884.8996277079573 9.000000000000004
    vertex 165.59425023514996 868.8138412703303 9.000000000000004
    vertex 179.59425023514996 884.5817904627613 9.000000000000004
  endloop
endfacet
facet normal 0.0 0.0 1.0
  outer loop
    vertex 179.59425023514996 884.5817904627613 9.000000000000004
    vertex 165.59425023514996 868.8138412703303 9.000000000000004
    vertex 180.0766121449449 884.3819896177522 9.000000000000004
  endloop
endfacet
facet normal 0.0 0.0 1.0
  outer loop
    vertex 180.0766121449449 884.3819896177522 9.000000000000004
    vertex 165.59425023514996 868.8138412703303 9.000000000000004
    vertex 180.59425023514996 884.3138412703302 9.000000000000004
  endloop
endfacet
facet normal 0.0 0.0 1.0
  outer loop
    vertex 180.59425023514996 884.3138412703302 9.000000000000004
    vertex 165.59425023514996 868.8138412703303 9.000000000000004
    vertex 300.59425023514996 868.8138412703303 9.000000000000004
  endloop
endfacet
facet normal 0.0 0.0 1.0
  outer loop
    vertex 165.59425023514996 903.8138412703303 9.000000000000004
    vertex 178.8621994275811 885.3138412703304 9.000000000000004
    vertex 178.66239858257183 885.7962031801252 9.000000000000004
  endloop
endfacet
facet normal 0.0 0.0 1.0
  outer loop
    vertex 165.59425023514996 903.8138412703303 9.000000000000004
    vertex 178.66239858257183 885.7962031801252 9.000000000000004
    vertex 178.59425023514996 886.3138412703303 9.000000000000004
  endloop
endfacet
facet normal 0.0 0.0 1.0
  outer loop
    vertex 180.59425023514996 884.3138412703302 9.000000000000004
    vertex 300.59425023514996 868.8138412703303 9.000000000000004
    vertex 181.111888325355 884.3819896177522 9.000000000000004
  endloop
endfacet
facet normal 0.0 0.0 1.0
  outer loop
    vertex 181.111888325355 884.3819896177522 9.000000000000004
    vertex 300.59425023514996 868.8138412703303 9.000000000000004
    vertex 181.59425023514996 884.5817904627613 9.000000000000004
  endloop
endfacet
facet normal 0.0 0.0 1.0
  outer loop
    vertex 181.59425023514996 884.5817904627613 9.000000000000004
    vertex 300.59425023514996 868.8138412703303 9.000000000000004
    vertex 182.00846379752306 884.8996277079573 9.000000000000004
  endloop
endfacet
facet normal 0.0 0.0 1.0
  outer loop
    vertex 182.00846379752306 884.8996277079573 9.000000000000004
    vertex 300.59425023514996 868.8138412703303 9.000000000000004
    vertex 182.32630104271885 885.3138412703304 9.000000000000004
  endloop
endfacet
facet normal 0.0 0.0 1.0
  outer loop
    vertex 182.32630104271885 885.3138412703304 9.000000000000004
    vertex 300.59425023514996 868.8138412703303 9.000000000000004
    vertex 182.5261018877281 885.7962031801252 9.000000000000004
  endloop
endfacet
facet normal 0.0 0.0 1.0
  outer loop
    vertex 182.5261018877281 885.7962031801252 9.000000000000004
    vertex 300.59425023514996 868.8138412703303 9.000000000000004
    vertex 182.59425023514996 886.3138412703303 9.000000000000004
  endloop
endfacet
facet normal 0.0 0.0 1.0
  outer loop
    vertex 182.59425023514996 886.3138412703303 9.000000000000004
    vertex 300.59425023514996 868.8138412703303 9.000000000000004
    vertex 284.1800366727768 884.8996277079573 9.000000000000004
  endloop
endfacet
facet normal 0.0 0.0 1.0
  outer loop
    vertex 182.59425023514996 886.3138412703303 9.000000000000004
    vertex 284.1800366727768 884.8996277079573 9.000000000000004
    vertex 283.86219942758106 885.3138412703304 9.000000000000004
  endloop
endfacet
facet normal 0.0 0.0 1.0
  outer loop
    vertex 182.59425023514996 886.3138412703303 9.000000000000004
    vertex 283.86219942758106 885.3138412703304 9.000000000000004
    vertex 283.6623985825718 885.7962031801252 9.000000000000004
  endloop
endfacet
facet normal 0.0 0.0 1.0
  outer loop
    vertex 182.59425023514996 886.3138412703303 9.000000000000004
    vertex 283.6623985825718 885.7962031801252 9.000000000000004
    vertex 283.5942502351499 886.3138412703303 9.000000000000004
  endloop
endfacet
facet normal 0.0 0.0 1.0
  outer loop
    vertex 284.1800366727768 884.8996277079573 9.000000000000004
    vertex 300.59425023514996 868.8138412703303 9.000000000000004
    vertex 284.59425023514996 884.5817904627613 9.000000000000004
  endloop
endfacet
facet normal 0.0 0.0 1.0
  outer loop
    vertex 284.59425023514996 884.5817904627613 9.000000000000004
    vertex 300.59425023514996 868.8138412703303 9.000000000000004
    vertex 285.0766121449449 884.3819896177522 9.000000000000004
  endloop
endfacet
facet normal 0.0 0.0 1.0
  outer loop
    vertex 285.0766121449449 884.3819896177522 9.000000000000004
    vertex 300.59425023514996 868.8138412703303 9.000000000000004
    vertex 285.5942502351499 884.3138412703302 9.000000000000004
  endloop
endfacet
facet normal 0.0 0.0 1.0
  outer loop
    vertex 285.5942502351499 884.3138412703302 9.000000000000004
    vertex 300.59425023514996 868.8138412703303 9.000000000000004
    vertex 286.111888325355 884.3819896177522 9.000000000000004
  endloop
endfacet
facet normal 0.0 0.0 1.0
  outer loop
    vertex 286.111888325355 884.3819896177522 9.000000000000004
    vertex 300.59425023514996 868.8138412703303 9.000000000000004
    vertex 286.59425023514996 884.5817904627613 9.000000000000004
  endloop
endfacet
facet normal 0.0 0.0 1.0
  outer loop
    vertex 286.59425023514996 884.5817904627613 9.000000000000004
    vertex 300.59425023514996 868.8138412703303 9.000000000000004
    vertex 287.008463797523 884.8996277079573 9.000000000000004
  endloop
endfacet
facet normal 0.0 0.0 1.0
  outer loop
    vertex 287.008463797523 884.8996277079573 9.000000000000004
    vertex 300.59425023514996 868.8138412703303 9.000000000000004
    vertex 287.3263010427188 885.3138412703304 9.000000000000004
  endloop
endfacet
facet normal 0.0 0.0 1.0
  outer loop
    vertex 287.3263010427188 885.3138412703304 9.000000000000004
    vertex 300.59425023514996 868.8138412703303 9.000000000000004
    vertex 287.5261018877281 885.7962031801252 9.000000000000004
  endloop
endfacet
facet normal 0.0 0.0 1.0
  outer loop
    vertex 287.5261018877281 885.7962031801252 9.000000000000004
    vertex 300.59425023514996 868.8138412703303 9.000000000000004
    vertex 287.5942502351499 886.3138412703303 9.000000000000004
  endloop
endfacet
facet normal 0.0 0.0 1.0
  outer loop
    vertex 165.59425023514996 903.8138412703303 9.000000000000004
    vertex 180.59425023514996 888.3138412703304 9.000000000000004
    vertex 300.59425023514996 903.8138412703303 9.000000000000004
  endloop
endfacet
facet normal 0.0 0.0 1.0
  outer loop
    vertex 180.59425023514996 888.3138412703304 9.000000000000004
    vertex 165.59425023514996 903.8138412703303 9.000000000000004
    vertex 180.0766121449449 888.2456929229083 9.000000000000004
  endloop
endfacet
facet normal 0.0 0.0 1.0
  outer loop
    vertex 180.0766121449449 888.2456929229083 9.000000000000004
    vertex 165.59425023514996 903.8138412703303 9.000000000000004
    vertex 179.59425023514996 888.0458920778992 9.000000000000004
  endloop
endfacet
facet normal 0.0 0.0 1.0
  outer loop
    vertex 179.59425023514996 888.0458920778992 9.000000000000004
    vertex 165.59425023514996 903.8138412703303 9.000000000000004
    vertex 179.18003667277688 887.7280548327033 9.000000000000004
  endloop
endfacet
facet normal 0.0 0.0 1.0
  outer loop
    vertex 179.18003667277688 887.7280548327033 9.000000000000004
    vertex 165.59425023514996 903.8138412703303 9.000000000000004
    vertex 178.8621994275811 887.3138412703303 9.000000000000004
  endloop
endfacet
facet normal 0.0 0.0 1.0
  outer loop
    vertex 178.8621994275811 887.3138412703303 9.000000000000004
    vertex 165.59425023514996 903.8138412703303 9.000000000000004
    vertex 178.66239858257183 886.8314793605354 9.000000000000004
  endloop
endfacet
facet normal 0.0 0.0 1.0
  outer loop
    vertex 178.66239858257183 886.8314793605354 9.000000000000004
    vertex 165.59425023514996 903.8138412703303 9.000000000000004
    vertex 178.59425023514996 886.3138412703303 9.000000000000004
  endloop
endfacet
facet normal 0.0 0.0 1.0
  outer loop
    vertex 300.59425023514996 903.8138412703303 9.000000000000004
    vertex 180.59425023514996 888.3138412703304 9.000000000000004
    vertex 181.111888325355 888.2456929229083 9.000000000000004
  endloop
endfacet
facet normal 0.0 0.0 1.0
  outer loop
    vertex 300.59425023514996 903.8138412703303 9.000000000000004
    vertex 181.111888325355 888.2456929229083 9.000000000000004
    vertex 181.59425023514996 888.0458920778992 9.000000000000004
  endloop
endfacet
facet normal 0.0 0.0 1.0
  outer loop
    vertex 300.59425023514996 903.8138412703303 9.000000000000004
    vertex 181.59425023514996 888.0458920778992 9.000000000000004
    vertex 182.00846379752306 887.7280548327033 9.000000000000004
  endloop
endfacet
facet normal 0.0 0.0 1.0
  outer loop
    vertex 300.59425023514996 903.8138412703303 9.000000000000004
    vertex 182.00846379752306 887.7280548327033 9.000000000000004
    vertex 182.32630104271885 887.3138412703303 9.000000000000004
  endloop
endfacet
facet normal 0.0 0.0 1.0
  outer loop
    vertex 300.59425023514996 903.8138412703303 9.000000000000004
    vertex 182.32630104271885 887.3138412703303 9.000000000000004
    vertex 182.5261018877281 886.8314793605354 9.000000000000004
  endloop
endfacet
facet normal 0.0 0.0 1.0
  outer loop
    vertex 300.59425023514996 903.8138412703303 9.000000000000004
    vertex 182.5261018877281 886.8314793605354 9.000000000000004
    vertex 182.59425023514996 886.3138412703303 9.000000000000004
  endloop
endfacet
facet normal 0.0 0.0 1.0
  outer loop
    vertex 300.59425023514996 903.8138412703303 9.000000000000004
    vertex 182.59425023514996 886.3138412703303 9.000000000000004
    vertex 284.1800366727768 887.7280548327033 9.000000000000004
  endloop
endfacet
facet normal 0.0 0.0 1.0
  outer loop
    vertex 284.1800366727768 887.7280548327033 9.000000000000004
    vertex 182.59425023514996 886.3138412703303 9.000000000000004
    vertex 283.86219942758106 887.3138412703303 9.000000000000004
  endloop
endfacet
facet normal 0.0 0.0 1.0
  outer loop
    vertex 283.86219942758106 887.3138412703303 9.000000000000004
    vertex 182.59425023514996 886.3138412703303 9.000000000000004
    vertex 283.6623985825718 886.8314793605354 9.000000000000004
  endloop
endfacet
facet normal 0.0 0.0 1.0
  outer loop
    vertex 283.6623985825718 886.8314793605354 9.000000000000004
    vertex 182.59425023514996 886.3138412703303 9.000000000000004
    vertex 283.5942502351499 886.3138412703303 9.000000000000004
  endloop
endfacet
facet normal 0.0 0.0 1.0
  outer loop
    vertex 300.59425023514996 903.8138412703303 9.000000000000004
    vertex 284.1800366727768 887.7280548327033 9.000000000000004
    vertex 284.59425023514996 888.0458920778992 9.000000000000004
  endloop
endfacet
facet normal 0.0 0.0 1.0
  outer loop
    vertex 300.59425023514996 903.8138412703303 9.000000000000004
    vertex 284.59425023514996 888.0458920778992 9.000000000000004
    vertex 285.0766121449449 888.2456929229083 9.000000000000004
  endloop
endfacet
facet normal 0.0 0.0 1.0
  outer loop
    vertex 300.59425023514996 903.8138412703303 9.000000000000004
    vertex 285.0766121449449 888.2456929229083 9.000000000000004
    vertex 285.5942502351499 888.3138412703304 9.000000000000004
  endloop
endfacet
facet normal 0.0 0.0 1.0
  outer loop
    vertex 300.59425023514996 903.8138412703303 9.000000000000004
    vertex 285.5942502351499 888.3138412703304 9.000000000000004
    vertex 286.111888325355 888.2456929229083 9.000000000000004
  endloop
endfacet
facet normal 0.0 0.0 1.0
  outer loop
    vertex 300.59425023514996 903.8138412703303 9.000000000000004
    vertex 286.111888325355 888.2456929229083 9.000000000000004
    vertex 286.59425023514996 888.0458920778992 9.000000000000004
  endloop
endfacet
facet normal 0.0 0.0 1.0
  outer loop
    vertex 300.59425023514996 903.8138412703303 9.000000000000004
    vertex 286.59425023514996 888.0458920778992 9.000000000000004
    vertex 287.008463797523 887.7280548327033 9.000000000000004
  endloop
endfacet
facet normal 0.0 0.0 1.0
  outer loop
    vertex 300.59425023514996 903.8138412703303 9.000000000000004
    vertex 287.008463797523 887.7280548327033 9.000000000000004
    vertex 287.3263010427188 887.3138412703303 9.000000000000004
  endloop
endfacet
facet normal 0.0 0.0 1.0
  outer loop
    vertex 300.59425023514996 903.8138412703303 9.000000000000004
    vertex 287.3263010427188 887.3138412703303 9.000000000000004
    vertex 287.5261018877281 886.8314793605354 9.000000000000004
  endloop
endfacet
facet normal 0.0 0.0 1.0
  outer loop
    vertex 300.59425023514996 903.8138412703303 9.000000000000004
    vertex 287.5261018877281 886.8314793605354 9.000000000000004
    vertex 287.5942502351499 886.3138412703303 9.000000000000004
  endloop
endfacet
facet normal 0.0 0.0 1.0
  outer loop
    vertex 300.59425023514996 903.8138412703303 9.000000000000004
    vertex 287.5942502351499 886.3138412703303 9.000000000000004
    vertex 300.59425023514996 868.8138412703303 9.000000000000004
  endloop
endfacet
facet normal -1.0 0.0 0.0
  outer loop
    vertex 165.59425023514996 903.8138412703303 9.000000000000004
    vertex 165.59425023514996 868.8138412703303 2.8199664825478975e-15
    vertex 165.59425023514996 868.8138412703303 9.000000000000004
  endloop
endfacet
facet normal -1.0 0.0 0.0
  outer loop
    vertex 165.59425023514996 868.8138412703303 2.8199664825478975e-15
    vertex 165.59425023514996 903.8138412703303 9.000000000000004
    vertex 165.59425023514996 903.8138412703303 2.8199664825478975e-15
  endloop
endfacet
facet normal 0.0 1.0 0.0
  outer loop
    vertex 165.59425023514996 903.8138412703303 9.000000000000004
    vertex 300.59425023514996 903.8138412703303 2.8199664825478975e-15
    vertex 165.59425023514996 903.8138412703303 2.8199664825478975e-15
  endloop
endfacet
facet normal 0.0 1.0 0.0
  outer loop
    vertex 300.59425023514996 903.8138412703303 2.8199664825478975e-15
    vertex 165.59425023514996 903.8138412703303 9.000000000000004
    vertex 300.59425023514996 903.8138412703303 9.000000000000004
  endloop
endfacet
facet normal 1.0 0.0 0.0
  outer loop
    vertex 300.59425023514996 903.8138412703303 2.8199664825478975e-15
    vertex 300.59425023514996 868.8138412703303 9.000000000000004
    vertex 300.59425023514996 868.8138412703303 2.8199664825478975e-15
  endloop
endfacet
facet normal 1.0 0.0 0.0
  outer loop
    vertex 300.59425023514996 868.8138412703303 9.000000000000004
    vertex 300.59425023514996 903.8138412703303 2.8199664825478975e-15
    vertex 300.59425023514996 903.8138412703303 9.000000000000004
  endloop
endfacet
facet normal -0.0 -1.0 -0.0
  outer loop
    vertex 300.59425023514996 868.8138412703303 9.000000000000004
    vertex 165.59425023514996 868.8138412703303 2.8199664825478975e-15
    vertex 300.59425023514996 868.8138412703303 2.8199664825478975e-15
  endloop
endfacet
facet normal -0.0 -1.0 -0.0
  outer loop
    vertex 165.59425023514996 868.8138412703303 2.8199664825478975e-15
    vertex 300.59425023514996 868.8138412703303 9.000000000000004
    vertex 165.59425023514996 868.8138412703303 9.000000000000004
  endloop
endfacet
facet normal 0.9914448613738099 -0.13052619222005635 0.0
  outer loop
    vertex 178.66239858257183 886.8314793605354 8.459899447643692e-15
    vertex 178.59425023514996 886.3138412703303 9.000000000000004
    vertex 178.59425023514996 886.3138412703303 8.459899447643692e-15
  endloop
endfacet
facet normal 0.9914448613738099 -0.13052619222005635 0.0
  outer loop
    vertex 178.59425023514996 886.3138412703303 9.000000000000004
    vertex 178.66239858257183 886.8314793605354 8.459899447643692e-15
    vertex 178.66239858257183 886.8314793605354 9.000000000000004
  endloop
endfacet
facet normal 0.9914448613738099 0.13052619222005635 0.0
  outer loop
    vertex 178.59425023514996 886.3138412703303 8.459899447643692e-15
    vertex 178.66239858257183 885.7962031801252 9.000000000000004
    vertex 178.66239858257183 885.7962031801252 8.459899447643692e-15
  endloop
endfacet
facet normal 0.9914448613738099 0.13052619222005635 0.0
  outer loop
    vertex 178.66239858257183 885.7962031801252 9.000000000000004
    vertex 178.59425023514996 886.3138412703303 8.459899447643692e-15
    vertex 178.59425023514996 886.3138412703303 9.000000000000004
  endloop
endfacet
facet normal 0.923879532511291 0.38268343236507985 0.0
  outer loop
    vertex 178.66239858257183 885.7962031801252 8.459899447643692e-15
    vertex 178.8621994275811 885.3138412703304 9.000000000000004
    vertex 178.8621994275811 885.3138412703304 8.459899447643692e-15
  endloop
endfacet
facet normal 0.923879532511291 0.38268343236507985 0.0
  outer loop
    vertex 178.8621994275811 885.3138412703304 9.000000000000004
    vertex 178.66239858257183 885.7962031801252 8.459899447643692e-15
    vertex 178.66239858257183 885.7962031801252 9.000000000000004
  endloop
endfacet
facet normal 0.7933533402912413 0.6087614290087128 0.0
  outer loop
    vertex 178.8621994275811 885.3138412703304 8.459899447643692e-15
    vertex 179.18003667277688 884.8996277079573 9.000000000000004
    vertex 179.18003667277688 884.8996277079573 8.459899447643692e-15
  endloop
endfacet
facet normal 0.7933533402912413 0.6087614290087128 0.0
  outer loop
    vertex 179.18003667277688 884.8996277079573 9.000000000000004
    vertex 178.8621994275811 885.3138412703304 8.459899447643692e-15
    vertex 178.8621994275811 885.3138412703304 9.000000000000004
  endloop
endfacet
facet normal 0.6087614290087043 0.7933533402912477 0.0
  outer loop
    vertex 179.18003667277688 884.8996277079573 9.000000000000004
    vertex 179.59425023514996 884.5817904627613 8.459899447643692e-15
    vertex 179.18003667277688 884.8996277079573 8.459899447643692e-15
  endloop
endfacet
facet normal 0.6087614290087043 0.7933533402912477 0.0
  outer loop
    vertex 179.59425023514996 884.5817904627613 8.459899447643692e-15
    vertex 179.18003667277688 884.8996277079573 9.000000000000004
    vertex 179.59425023514996 884.5817904627613 9.000000000000004
  endloop
endfacet
facet normal 0.38268343236508207 0.92387953251129 0.0
  outer loop
    vertex 179.59425023514996 884.5817904627613 9.000000000000004
    vertex 180.0766121449449 884.3819896177522 8.459899447643692e-15
    vertex 179.59425023514996 884.5817904627613 8.459899447643692e-15
  endloop
endfacet
facet normal 0.38268343236508207 0.92387953251129 0.0
  outer loop
    vertex 180.0766121449449 884.3819896177522 8.459899447643692e-15
    vertex 179.59425023514996 884.5817904627613 9.000000000000004
    vertex 180.0766121449449 884.3819896177522 9.000000000000004
  endloop
endfacet
facet normal 0.13052619222007342 0.9914448613738077 0.0
  outer loop
    vertex 180.0766121449449 884.3819896177522 9.000000000000004
    vertex 180.59425023514996 884.3138412703302 8.459899447643692e-15
    vertex 180.0766121449449 884.3819896177522 8.459899447643692e-15
  endloop
endfacet
facet normal 0.13052619222007342 0.9914448613738077 0.0
  outer loop
    vertex 180.59425023514996 884.3138412703302 8.459899447643692e-15
    vertex 180.0766121449449 884.3819896177522 9.000000000000004
    vertex 180.59425023514996 884.3138412703302 9.000000000000004
  endloop
endfacet
facet normal -0.13052619222007342 0.9914448613738077 0.0
  outer loop
    vertex 180.59425023514996 884.3138412703302 9.000000000000004
    vertex 181.111888325355 884.3819896177522 8.459899447643692e-15
    vertex 180.59425023514996 884.3138412703302 8.459899447643692e-15
  endloop
endfacet
facet normal -0.13052619222007342 0.9914448613738077 0.0
  outer loop
    vertex 181.111888325355 884.3819896177522 8.459899447643692e-15
    vertex 180.59425023514996 884.3138412703302 9.000000000000004
    vertex 181.111888325355 884.3819896177522 9.000000000000004
  endloop
endfacet
facet normal -0.38268343236508207 0.92387953251129 0.0
  outer loop
    vertex 181.111888325355 884.3819896177522 9.000000000000004
    vertex 181.59425023514996 884.5817904627613 8.459899447643692e-15
    vertex 181.111888325355 884.3819896177522 8.459899447643692e-15
  endloop
endfacet
facet normal -0.38268343236508207 0.92387953251129 0.0
  outer loop
    vertex 181.59425023514996 884.5817904627613 8.459899447643692e-15
    vertex 181.111888325355 884.3819896177522 9.000000000000004
    vertex 181.59425023514996 884.5817904627613 9.000000000000004
  endloop
endfacet
facet normal -0.6087614290087043 0.7933533402912477 0.0
  outer loop
    vertex 181.59425023514996 884.5817904627613 9.000000000000004
    vertex 182.00846379752306 884.8996277079573 8.459899447643692e-15
    vertex 181.59425023514996 884.5817904627613 8.459899447643692e-15
  endloop
endfacet
facet normal -0.6087614290087043 0.7933533402912477 0.0
  outer loop
    vertex 182.00846379752306 884.8996277079573 8.459899447643692e-15
    vertex 181.59425023514996 884.5817904627613 9.000000000000004
    vertex 182.00846379752306 884.8996277079573 9.000000000000004
  endloop
endfacet
facet normal -0.7933533402912413 0.6087614290087128 0.0
  outer loop
    vertex 182.32630104271885 885.3138412703304 9.000000000000004
    vertex 182.00846379752306 884.8996277079573 8.459899447643692e-15
    vertex 182.00846379752306 884.8996277079573 9.000000000000004
  endloop
endfacet
facet normal -0.7933533402912413 0.6087614290087128 0.0
  outer loop
    vertex 182.00846379752306 884.8996277079573 8.459899447643692e-15
    vertex 182.32630104271885 885.3138412703304 9.000000000000004
    vertex 182.32630104271885 885.3138412703304 8.459899447643692e-15
  endloop
endfacet
facet normal -0.923879532511291 0.38268343236507985 0.0
  outer loop
    vertex 182.5261018877281 885.7962031801252 9.000000000000004
    vertex 182.32630104271885 885.3138412703304 8.459899447643692e-15
    vertex 182.32630104271885 885.3138412703304 9.000000000000004
  endloop
endfacet
facet normal -0.923879532511291 0.38268343236507985 0.0
  outer loop
    vertex 182.32630104271885 885.3138412703304 8.459899447643692e-15
    vertex 182.5261018877281 885.7962031801252 9.000000000000004
    vertex 182.5261018877281 885.7962031801252 8.459899447643692e-15
  endloop
endfacet
facet normal -0.9914448613738099 0.13052619222005635 0.0
  outer loop
    vertex 182.59425023514996 886.3138412703303 9.000000000000004
    vertex 182.5261018877281 885.7962031801252 8.459899447643692e-15
    vertex 182.5261018877281 885.7962031801252 9.000000000000004
  endloop
endfacet
facet normal -0.9914448613738099 0.13052619222005635 0.0
  outer loop
    vertex 182.5261018877281 885.7962031801252 8.459899447643692e-15
    vertex 182.59425023514996 886.3138412703303 9.000000000000004
    vertex 182.59425023514996 886.3138412703303 8.459899447643692e-15
  endloop
endfacet
facet normal -0.9914448613738099 -0.13052619222005635 -0.0
  outer loop
    vertex 182.5261018877281 886.8314793605354 9.000000000000004
    vertex 182.59425023514996 886.3138412703303 8.459899447643692e-15
    vertex 182.59425023514996 886.3138412703303 9.000000000000004
  endloop
endfacet
facet normal -0.9914448613738099 -0.13052619222005635 -0.0
  outer loop
    vertex 182.59425023514996 886.3138412703303 8.459899447643692e-15
    vertex 182.5261018877281 886.8314793605354 9.000000000000004
    vertex 182.5261018877281 886.8314793605354 8.459899447643692e-15
  endloop
endfacet
facet normal -0.923879532511291 -0.38268343236507985 -0.0
  outer loop
    vertex 182.32630104271885 887.3138412703303 9.000000000000004
    vertex 182.5261018877281 886.8314793605354 8.459899447643692e-15
    vertex 182.5261018877281 886.8314793605354 9.000000000000004
  endloop
endfacet
facet normal -0.923879532511291 -0.38268343236507985 -0.0
  outer loop
    vertex 182.5261018877281 886.8314793605354 8.459899447643692e-15
    vertex 182.32630104271885 887.3138412703303 9.000000000000004
    vertex 182.32630104271885 887.3138412703303 8.459899447643692e-15
  endloop
endfacet
facet normal -0.7933533402912413 -0.6087614290087128 -0.0
  outer loop
    vertex 182.00846379752306 887.7280548327033 9.000000000000004
    vertex 182.32630104271885 887.3138412703303 8.459899447643692e-15
    vertex 182.32630104271885 887.3138412703303 9.000000000000004
  endloop
endfacet
facet normal -0.7933533402912413 -0.6087614290087128 -0.0
  outer loop
    vertex 182.32630104271885 887.3138412703303 8.459899447643692e-15
    vertex 182.00846379752306 887.7280548327033 9.000000000000004
    vertex 182.00846379752306 887.7280548327033 8.459899447643692e-15
  endloop
endfacet
facet normal -0.6087614290087043 -0.7933533402912477 -0.0
  outer loop
    vertex 182.00846379752306 887.7280548327033 9.000000000000004
    vertex 181.59425023514996 888.0458920778992 8.459899447643692e-15
    vertex 182.00846379752306 887.7280548327033 8.459899447643692e-15
  endloop
endfacet
facet normal -0.6087614290087043 -0.7933533402912477 -0.0
  outer loop
    vertex 181.59425023514996 888.0458920778992 8.459899447643692e-15
    vertex 182.00846379752306 887.7280548327033 9.000000000000004
    vertex 181.59425023514996 888.0458920778992 9.000000000000004
  endloop
endfacet
facet normal -0.38268343236508207 -0.92387953251129 -0.0
  outer loop
    vertex 181.59425023514996 888.0458920778992 9.000000000000004
    vertex 181.111888325355 888.2456929229083 8.459899447643692e-15
    vertex 181.59425023514996 888.0458920778992 8.459899447643692e-15
  endloop
endfacet
facet normal -0.38268343236508207 -0.92387953251129 -0.0
  outer loop
    vertex 181.111888325355 888.2456929229083 8.459899447643692e-15
    vertex 181.59425023514996 888.0458920778992 9.000000000000004
    vertex 181.111888325355 888.2456929229083 9.000000000000004
  endloop
endfacet
facet normal -0.13052619222007342 -0.9914448613738077 -0.0
  outer loop
    vertex 181.111888325355 888.2456929229083 9.000000000000004
    vertex 180.59425023514996 888.3138412703304 8.459899447643692e-15
    vertex 181.111888325355 888.2456929229083 8.459899447643692e-15
  endloop
endfacet
facet normal -0.13052619222007342 -0.9914448613738077 -0.0
  outer loop
    vertex 180.59425023514996 888.3138412703304 8.459899447643692e-15
    vertex 181.111888325355 888.2456929229083 9.000000000000004
    vertex 180.59425023514996 888.3138412703304 9.000000000000004
  endloop
endfacet
facet normal 0.1305261922200727 -0.9914448613738077 0.0
  outer loop
    vertex 180.59425023514996 888.3138412703304 9.000000000000004
    vertex 180.0766121449449 888.2456929229083 8.459899447643692e-15
    vertex 180.59425023514996 888.3138412703304 8.459899447643692e-15
  endloop
endfacet
facet normal 0.1305261922200727 -0.9914448613738077 0.0
  outer loop
    vertex 180.0766121449449 888.2456929229083 8.459899447643692e-15
    vertex 180.59425023514996 888.3138412703304 9.000000000000004
    vertex 180.0766121449449 888.2456929229083 9.000000000000004
  endloop
endfacet
facet normal 0.382683432365084 -0.9238795325112892 0.0
  outer loop
    vertex 180.0766121449449 888.2456929229083 9.000000000000004
    vertex 179.59425023514996 888.0458920778992 8.459899447643692e-15
    vertex 180.0766121449449 888.2456929229083 8.459899447643692e-15
  endloop
endfacet
facet normal 0.382683432365084 -0.9238795325112892 0.0
  outer loop
    vertex 179.59425023514996 888.0458920778992 8.459899447643692e-15
    vertex 180.0766121449449 888.2456929229083 9.000000000000004
    vertex 179.59425023514996 888.0458920778992 9.000000000000004
  endloop
endfacet
facet normal 0.6087614290087043 -0.7933533402912477 0.0
  outer loop
    vertex 179.59425023514996 888.0458920778992 9.000000000000004
    vertex 179.18003667277688 887.7280548327033 8.459899447643692e-15
    vertex 179.59425023514996 888.0458920778992 8.459899447643692e-15
  endloop
endfacet
facet normal 0.6087614290087043 -0.7933533402912477 0.0
  outer loop
    vertex 179.18003667277688 887.7280548327033 8.459899447643692e-15
    vertex 179.59425023514996 888.0458920778992 9.000000000000004
    vertex 179.18003667277688 887.7280548327033 9.000000000000004
  endloop
endfacet
facet normal 0.7933533402912386 -0.6087614290087161 0.0
  outer loop
    vertex 179.18003667277688 887.7280548327033 8.459899447643692e-15
    vertex 178.8621994275811 887.3138412703303 9.000000000000004
    vertex 178.8621994275811 887.3138412703303 8.459899447643692e-15
  endloop
endfacet
facet normal 0.7933533402912386 -0.6087614290087161 0.0
  outer loop
    vertex 178.8621994275811 887.3138412703303 9.000000000000004
    vertex 179.18003667277688 887.7280548327033 8.459899447643692e-15
    vertex 179.18003667277688 887.7280548327033 9.000000000000004
  endloop
endfacet
facet normal 0.9238795325112928 -0.38268343236507524 0.0
  outer loop
    vertex 178.8621994275811 887.3138412703303 8.459899447643692e-15
    vertex 178.66239858257183 886.8314793605354 9.000000000000004
    vertex 178.66239858257183 886.8314793605354 8.459899447643692e-15
  endloop
endfacet
facet normal 0.9238795325112928 -0.38268343236507524 0.0
  outer loop
    vertex 178.66239858257183 886.8314793605354 9.000000000000004
    vertex 178.8621994275811 887.3138412703303 8.459899447643692e-15
    vertex 178.8621994275811 887.3138412703303 9.000000000000004
  endloop
endfacet
facet normal -0.9914448613738126 0.13052619222003511 0.0
  outer loop
    vertex 287.5942502351499 886.3138412703303 9.000000000000004
    vertex 287.5261018877281 885.7962031801252 -1.973976537783528e-14
    vertex 287.5261018877281 885.7962031801252 9.000000000000004
  endloop
endfacet
facet normal -0.9914448613738126 0.13052619222003511 0.0
  outer loop
    vertex 287.5261018877281 885.7962031801252 -1.973976537783528e-14
    vertex 287.5942502351499 886.3138412703303 9.000000000000004
    vertex 287.5942502351499 886.3138412703303 -1.973976537783528e-14
  endloop
endfacet
facet normal -0.9914448613738126 -0.13052619222003511 -0.0
  outer loop
    vertex 287.5261018877281 886.8314793605354 9.000000000000004
    vertex 287.5942502351499 886.3138412703303 -1.973976537783528e-14
    vertex 287.5942502351499 886.3138412703303 9.000000000000004
  endloop
endfacet
facet normal -0.9914448613738126 -0.13052619222003511 -0.0
  outer loop
    vertex 287.5942502351499 886.3138412703303 -1.973976537783528e-14
    vertex 287.5261018877281 886.8314793605354 9.000000000000004
    vertex 287.5261018877281 886.8314793605354 -1.973976537783528e-14
  endloop
endfacet
facet normal -0.9238795325112795 -0.38268343236510755 -0.0
  outer loop
    vertex 287.3263010427188 887.3138412703303 9.000000000000004
    vertex 287.5261018877281 886.8314793605354 -1.973976537783528e-14
    vertex 287.5261018877281 886.8314793605354 9.000000000000004
  endloop
endfacet
facet normal -0.9238795325112795 -0.38268343236510755 -0.0
  outer loop
    vertex 287.5261018877281 886.8314793605354 -1.973976537783528e-14
    vertex 287.3263010427188 887.3138412703303 9.000000000000004
    vertex 287.3263010427188 887.3138412703303 -1.973976537783528e-14
  endloop
endfacet
facet normal -0.7933533402912518 -0.6087614290086991 -0.0
  outer loop
    vertex 287.008463797523 887.7280548327033 9.000000000000004
    vertex 287.3263010427188 887.3138412703303 -1.973976537783528e-14
    vertex 287.3263010427188 887.3138412703303 9.000000000000004
  endloop
endfacet
facet normal -0.7933533402912518 -0.6087614290086991 -0.0
  outer loop
    vertex 287.3263010427188 887.3138412703303 -1.973976537783528e-14
    vertex 287.008463797523 887.7280548327033 9.000000000000004
    vertex 287.008463797523 887.7280548327033 -1.973976537783528e-14
  endloop
endfacet
facet normal -0.6087614290086991 -0.7933533402912518 -0.0
  outer loop
    vertex 287.008463797523 887.7280548327033 9.000000000000004
    vertex 286.59425023514996 888.0458920778992 -1.973976537783528e-14
    vertex 287.008463797523 887.7280548327033 -1.973976537783528e-14
  endloop
endfacet
facet normal -0.6087614290086991 -0.7933533402912518 -0.0
  outer loop
    vertex 286.59425023514996 888.0458920778992 -1.973976537783528e-14
    vertex 287.008463797523 887.7280548327033 9.000000000000004
    vertex 286.59425023514996 888.0458920778992 9.000000000000004
  endloop
endfacet
facet normal -0.38268343236508595 -0.9238795325112884 -0.0
  outer loop
    vertex 286.59425023514996 888.0458920778992 9.000000000000004
    vertex 286.111888325355 888.2456929229083 -1.973976537783528e-14
    vertex 286.59425023514996 888.0458920778992 -1.973976537783528e-14
  endloop
endfacet
facet normal -0.38268343236508595 -0.9238795325112884 -0.0
  outer loop
    vertex 286.111888325355 888.2456929229083 -1.973976537783528e-14
    vertex 286.59425023514996 888.0458920778992 9.000000000000004
    vertex 286.111888325355 888.2456929229083 9.000000000000004
  endloop
endfacet
facet normal -0.13052619222007197 -0.9914448613738077 -0.0
  outer loop
    vertex 286.111888325355 888.2456929229083 9.000000000000004
    vertex 285.5942502351499 888.3138412703304 -1.973976537783528e-14
    vertex 286.111888325355 888.2456929229083 -1.973976537783528e-14
  endloop
endfacet
facet normal -0.13052619222007197 -0.9914448613738077 -0.0
  outer loop
    vertex 285.5942502351499 888.3138412703304 -1.973976537783528e-14
    vertex 286.111888325355 888.2456929229083 9.000000000000004
    vertex 285.5942502351499 888.3138412703304 9.000000000000004
  endloop
endfacet
facet normal 0.13052619222007197 -0.9914448613738077 0.0
  outer loop
    vertex 285.5942502351499 888.3138412703304 9.000000000000004
    vertex 285.0766121449449 888.2456929229083 -1.973976537783528e-14
    vertex 285.5942502351499 888.3138412703304 -1.973976537783528e-14
  endloop
endfacet
facet normal 0.13052619222007197 -0.9914448613738077 0.0
  outer loop
    vertex 285.0766121449449 888.2456929229083 -1.973976537783528e-14
    vertex 285.5942502351499 888.3138412703304 9.000000000000004
    vertex 285.0766121449449 888.2456929229083 9.000000000000004
  endloop
endfacet
facet normal 0.38268343236508595 -0.9238795325112884 0.0
  outer loop
    vertex 285.0766121449449 888.2456929229083 9.000000000000004
    vertex 284.59425023514996 888.0458920778992 -1.973976537783528e-14
    vertex 285.0766121449449 888.2456929229083 -1.973976537783528e-14
  endloop
endfacet
facet normal 0.38268343236508595 -0.9238795325112884 0.0
  outer loop
    vertex 284.59425023514996 888.0458920778992 -1.973976537783528e-14
    vertex 285.0766121449449 888.2456929229083 9.000000000000004
    vertex 284.59425023514996 888.0458920778992 9.000000000000004
  endloop
endfacet
facet normal 0.6087614290086991 -0.7933533402912518 0.0
  outer loop
    vertex 284.59425023514996 888.0458920778992 9.000000000000004
    vertex 284.1800366727768 887.7280548327033 -1.973976537783528e-14
    vertex 284.59425023514996 888.0458920778992 -1.973976537783528e-14
  endloop
endfacet
facet normal 0.6087614290086991 -0.7933533402912518 0.0
  outer loop
    vertex 284.1800366727768 887.7280548327033 -1.973976537783528e-14
    vertex 284.59425023514996 888.0458920778992 9.000000000000004
    vertex 284.1800366727768 887.7280548327033 9.000000000000004
  endloop
endfacet
facet normal 0.7933533402912518 -0.6087614290086991 0.0
  outer loop
    vertex 284.1800366727768 887.7280548327033 -1.973976537783528e-14
    vertex 283.86219942758106 887.3138412703303 9.000000000000004
    vertex 283.86219942758106 887.3138412703303 -1.973976537783528e-14
  endloop
endfacet
facet normal 0.7933533402912518 -0.6087614290086991 0.0
  outer loop
    vertex 283.86219942758106 887.3138412703303 9.000000000000004
    vertex 284.1800366727768 887.7280548327033 -1.973976537783528e-14
    vertex 284.1800366727768 887.7280548327033 9.000000000000004
  endloop
endfacet
facet normal 0.9238795325112795 -0.38268343236510755 0.0
  outer loop
    vertex 283.86219942758106 887.3138412703303 -1.973976537783528e-14
    vertex 283.6623985825718 886.8314793605354 9.000000000000004
    vertex 283.6623985825718 886.8314793605354 -1.973976537783528e-14
  endloop
endfacet
facet normal 0.9238795325112795 -0.38268343236510755 0.0
  outer loop
    vertex 283.6623985825718 886.8314793605354 9.000000000000004
    vertex 283.86219942758106 887.3138412703303 -1.973976537783528e-14
    vertex 283.86219942758106 887.3138412703303 9.000000000000004
  endloop
endfacet
facet normal 0.9914448613738126 -0.13052619222003511 0.0
  outer loop
    vertex 283.6623985825718 886.8314793605354 -1.973976537783528e-14
    vertex 283.5942502351499 886.3138412703303 9.000000000000004
    vertex 283.5942502351499 886.3138412703303 -1.973976537783528e-14
  endloop
endfacet
facet normal 0.9914448613738126 -0.13052619222003511 0.0
  outer loop
    vertex 283.5942502351499 886.3138412703303 9.000000000000004
    vertex 283.6623985825718 886.8314793605354 -1.973976537783528e-14
    vertex 283.6623985825718 886.8314793605354 9.000000000000004
  endloop
endfacet
facet normal 0.991444861373807 0.13052619222007758 0.0
  outer loop
    vertex 283.5942502351499 886.3138412703303 -1.973976537783528e-14
    vertex 283.6623985825718 885.7962031801252 9.000000000000004
    vertex 283.6623985825718 885.7962031801252 -1.973976537783528e-14
  endloop
endfacet
facet normal 0.991444861373807 0.13052619222007758 0.0
  outer loop
    vertex 283.6623985825718 885.7962031801252 9.000000000000004
    vertex 283.5942502351499 886.3138412703303 -1.973976537783528e-14
    vertex 283.5942502351499 886.3138412703303 9.000000000000004
  endloop
endfacet
facet normal 0.9238795325112947 0.38268343236507063 0.0
  outer loop
    vertex 283.6623985825718 885.7962031801252 -1.973976537783528e-14
    vertex 283.86219942758106 885.3138412703304 9.000000000000004
    vertex 283.86219942758106 885.3138412703304 -1.973976537783528e-14
  endloop
endfacet
facet normal 0.9238795325112947 0.38268343236507063 0.0
  outer loop
    vertex 283.86219942758106 885.3138412703304 9.000000000000004
    vertex 283.6623985825718 885.7962031801252 -1.973976537783528e-14
    vertex 283.6623985825718 885.7962031801252 9.000000000000004
  endloop
endfacet
facet normal 0.7933533402912518 0.6087614290086991 0.0
  outer loop
    vertex 283.86219942758106 885.3138412703304 -1.973976537783528e-14
    vertex 284.1800366727768 884.8996277079573 9.000000000000004
    vertex 284.1800366727768 884.8996277079573 -1.973976537783528e-14
  endloop
endfacet
facet normal 0.7933533402912518 0.6087614290086991 0.0
  outer loop
    vertex 284.1800366727768 884.8996277079573 9.000000000000004
    vertex 283.86219942758106 885.3138412703304 -1.973976537783528e-14
    vertex 283.86219942758106 885.3138412703304 9.000000000000004
  endloop
endfacet
facet normal 0.6087614290086991 0.7933533402912518 0.0
  outer loop
    vertex 284.1800366727768 884.8996277079573 9.000000000000004
    vertex 284.59425023514996 884.5817904627613 -1.973976537783528e-14
    vertex 284.1800366727768 884.8996277079573 -1.973976537783528e-14
  endloop
endfacet
facet normal 0.6087614290086991 0.7933533402912518 0.0
  outer loop
    vertex 284.59425023514996 884.5817904627613 -1.973976537783528e-14
    vertex 284.1800366727768 884.8996277079573 9.000000000000004
    vertex 284.59425023514996 884.5817904627613 9.000000000000004
  endloop
endfacet
facet normal 0.38268343236508595 0.9238795325112884 0.0
  outer loop
    vertex 284.59425023514996 884.5817904627613 9.000000000000004
    vertex 285.0766121449449 884.3819896177522 -1.973976537783528e-14
    vertex 284.59425023514996 884.5817904627613 -1.973976537783528e-14
  endloop
endfacet
facet normal 0.38268343236508595 0.9238795325112884 0.0
  outer loop
    vertex 285.0766121449449 884.3819896177522 -1.973976537783528e-14
    vertex 284.59425023514996 884.5817904627613 9.000000000000004
    vertex 285.0766121449449 884.3819896177522 9.000000000000004
  endloop
endfacet
facet normal 0.13052619222007197 0.9914448613738077 0.0
  outer loop
    vertex 285.0766121449449 884.3819896177522 9.000000000000004
    vertex 285.5942502351499 884.3138412703302 -1.973976537783528e-14
    vertex 285.0766121449449 884.3819896177522 -1.973976537783528e-14
  endloop
endfacet
facet normal 0.13052619222007197 0.9914448613738077 0.0
  outer loop
    vertex 285.5942502351499 884.3138412703302 -1.973976537783528e-14
    vertex 285.0766121449449 884.3819896177522 9.000000000000004
    vertex 285.5942502351499 884.3138412703302 9.000000000000004
  endloop
endfacet
facet normal -0.13052619222007197 0.9914448613738077 0.0
  outer loop
    vertex 285.5942502351499 884.3138412703302 9.000000000000004
    vertex 286.111888325355 884.3819896177522 -1.973976537783528e-14
    vertex 285.5942502351499 884.3138412703302 -1.973976537783528e-14
  endloop
endfacet
facet normal -0.13052619222007197 0.9914448613738077 0.0
  outer loop
    vertex 286.111888325355 884.3819896177522 -1.973976537783528e-14
    vertex 285.5942502351499 884.3138412703302 9.000000000000004
    vertex 286.111888325355 884.3819896177522 9.000000000000004
  endloop
endfacet
facet normal -0.38268343236508595 0.9238795325112884 0.0
  outer loop
    vertex 286.111888325355 884.3819896177522 9.000000000000004
    vertex 286.59425023514996 884.5817904627613 -1.973976537783528e-14
    vertex 286.111888325355 884.3819896177522 -1.973976537783528e-14
  endloop
endfacet
facet normal -0.38268343236508595 0.9238795325112884 0.0
  outer loop
    vertex 286.59425023514996 884.5817904627613 -1.973976537783528e-14
    vertex 286.111888325355 884.3819896177522 9.000000000000004
    vertex 286.59425023514996 884.5817904627613 9.000000000000004
  endloop
endfacet
facet normal -0.6087614290086991 0.7933533402912518 0.0
  outer loop
    vertex 286.59425023514996 884.5817904627613 9.000000000000004
    vertex 287.008463797523 884.8996277079573 -1.973976537783528e-14
    vertex 286.59425023514996 884.5817904627613 -1.973976537783528e-14
  endloop
endfacet
facet normal -0.6087614290086991 0.7933533402912518 0.0
  outer loop
    vertex 287.008463797523 884.8996277079573 -1.973976537783528e-14
    vertex 286.59425023514996 884.5817904627613 9.000000000000004
    vertex 287.008463797523 884.8996277079573 9.000000000000004
  endloop
endfacet
facet normal -0.7933533402912518 0.6087614290086991 0.0
  outer loop
    vertex 287.3263010427188 885.3138412703304 9.000000000000004
    vertex 287.008463797523 884.8996277079573 -1.973976537783528e-14
    vertex 287.008463797523 884.8996277079573 9.000000000000004
  endloop
endfacet
facet normal -0.7933533402912518 0.6087614290086991 0.0
  outer loop
    vertex 287.008463797523 884.8996277079573 -1.973976537783528e-14
    vertex 287.3263010427188 885.3138412703304 9.000000000000004
    vertex 287.3263010427188 885.3138412703304 -1.973976537783528e-14
  endloop
endfacet
facet normal -0.9238795325112795 0.38268343236510755 0.0
  outer loop
    vertex 287.5261018877281 885.7962031801252 9.000000000000004
    vertex 287.3263010427188 885.3138412703304 -1.973976537783528e-14
    vertex 287.3263010427188 885.3138412703304 9.000000000000004
  endloop
endfacet
facet normal -0.9238795325112795 0.38268343236510755 0.0
  outer loop
    vertex 287.3263010427188 885.3138412703304 -1.973976537783528e-14
    vertex 287.5261018877281 885.7962031801252 9.000000000000004
    vertex 287.5261018877281 885.7962031801252 -1.973976537783528e-14
  endloop
endfacet
endsolid Swift box
